user_id,months_since_joined,num_service_plans,total_spent,total_data_usage,total_call_minutes,total_sms_used,num_support_tickets,avg_rating,churned
1,53.19,2,315067.08999999997,6.85,46,47,1.0,0.0,0
2,29.42,1,114865.81,0.0,19,0,2.0,2.5,0
3,7.66,2,219820.79,8.47,37,36,1.0,2.0,0
4,3.65,1,176679.56,0.0,0,39,0.0,0.0,0
5,53.12,3,376482.28,7.069999999999999,41,28,2.0,0.5,0
6,42.04,3,226100.41999999998,1.18,36,114,2.0,1.5,0
7,45.13,1,56283.07,0.0,40,47,0.0,0.0,0
8,34.25,1,142077.94,0.0,0,0,2.0,2.0,0
9,51.18,2,240627.53,1.61,7,10,0.0,0.0,0
10,8.05,3,278211.16000000003,5.97,71,90,0.0,0.0,0
11,27.32,3,264514.5,8.93,0,41,0.0,0.0,1
12,62.13,3,444492.2,9.16,45,27,2.0,0.0,0
13,64.37,3,259835.44,13.47,71,14,0.0,0.0,0
14,5.33,1,187174.23,0.0,27,50,0.0,0.0,0
15,63.97,1,65992.71,2.14,46,0,0.0,0.0,0
16,35.37,2,288536.51,0.0,48,0,0.0,0.0,1
17,24.82,3,362649.82,12.829999999999998,61,21,0.0,0.0,0
18,48.98,1,183665.13,0.0,23,0,0.0,0.0,1
19,29.68,1,149679.68,0.39,6,0,0.0,0.0,0
20,42.87,3,498055.75,3.2,43,0,0.0,0.0,0
21,38.86,3,385545.56999999995,0.01,78,1,1.0,1.0,0
22,29.75,2,243039.13,0.0,0,84,1.0,5.0,0
23,46.78,1,191096.68,6.54,0,2,0.0,0.0,0
24,36.75,1,153841.54,0.0,0,0,1.0,3.0,0
25,53.88,2,239741.83000000002,0.0,21,26,0.0,0.0,0
26,52.14,1,191688.09,8.2,12,0,1.0,5.0,0
27,34.06,3,504867.08999999997,7.06,68,34,0.0,0.0,1
28,48.78,1,57488.91,0.0,0,0,1.0,0.0,0
29,49.67,3,458895.38,9.12,8,7,0.0,0.0,0
30,25.61,3,312562.05,4.63,11,9,0.0,0.0,0
31,31.16,3,456706.24,11.14,52,21,1.0,0.0,0
32,40.66,2,367043.69,0.0,7,32,0.0,0.0,1
33,26.69,3,186770.56,10.64,0,17,0.0,0.0,0
34,9.37,1,167264.57,8.39,0,0,0.0,0.0,0
35,53.52,3,371338.12,15.8,23,45,0.0,0.0,0
36,26.33,2,237662.2,2.52,23,65,2.0,2.5,0
37,7.26,1,57591.6,0.0,0,30,0.0,0.0,0
38,48.45,2,289082.63,9.37,0,0,1.0,0.0,0
39,10.16,3,259843.78000000003,1.71,39,45,2.0,0.5,0
40,41.91,2,260949.79,2.8,33,0,2.0,0.0,1
41,36.49,2,267537.61,5.46,0,0,2.0,3.5,0
42,2.27,2,225131.39,0.0,43,0,2.0,0.5,0
43,21.3,2,300488.33999999997,2.72,74,0,1.0,5.0,0
44,40.3,2,346972.19999999995,0.0,11,0,0.0,0.0,0
45,19.86,2,374204.06,18.13,0,21,1.0,0.0,0
46,21.66,1,189858.23,8.92,32,0,1.0,0.0,0
47,8.78,2,198985.46,0.0,29,0,2.0,2.5,0
48,25.05,3,370413.93,5.07,3,44,2.0,1.5,1
49,48.19,2,349361.31,0.0,19,0,0.0,0.0,1
50,42.64,2,252889.82,7.09,0,0,2.0,4.0,0
51,57.82,2,314942.6,1.83,40,59,0.0,0.0,0
52,1.81,1,124344.61,0.0,0,0,1.0,0.0,1
53,58.42,1,69493.05,0.0,0,0,0.0,0.0,0
54,11.97,1,175253.49,8.81,0,10,0.0,0.0,0
55,0.89,2,218078.21000000002,16.65,0,23,1.0,0.0,0
56,30.7,3,284392.0,0.25,65,0,1.0,0.0,0
57,43.72,3,381494.30000000005,18.56,25,55,0.0,0.0,0
58,7.3,2,333526.5,17.04,42,54,0.0,0.0,0
59,30.8,1,102393.57,0.0,0,0,1.0,3.0,0
60,18.15,3,366612.87,10.88,2,42,0.0,0.0,0
61,25.38,2,278961.2,9.1,59,6,0.0,0.0,1
62,10.62,1,147515.16,9.76,0,5,2.0,3.0,0
63,29.36,2,195870.79,3.55,38,20,0.0,0.0,0
64,8.94,3,329764.05,8.22,35,1,1.0,0.0,0
65,49.9,3,459055.92,3.43,122,3,0.0,0.0,0
66,38.49,1,180323.73,0.0,0,37,0.0,0.0,1
67,10.06,3,330301.58,9.040000000000001,81,40,0.0,0.0,0
68,14.43,3,306366.29000000004,0.0,64,40,0.0,0.0,0
69,8.22,2,289510.56,18.03,39,31,1.0,4.0,0
70,63.58,2,221372.32,7.46,54,0,1.0,0.0,0
71,30.67,2,279917.01,3.16,31,21,2.0,0.5,0
72,32.22,1,100300.36,0.0,25,0,1.0,3.0,0
73,49.64,2,272610.65,3.97,0,0,1.0,3.0,0
74,14.4,3,370853.08999999997,14.83,0,45,2.0,1.5,0
75,9.96,2,259880.32,6.32,0,80,0.0,0.0,0
76,34.39,1,161123.86,0.0,22,16,0.0,0.0,0
77,1.84,1,105275.57,8.53,0,0,1.0,0.0,0
78,52.6,2,374655.15,7.31,47,26,2.0,1.0,0
79,56.11,1,166516.97,5.56,0,0,0.0,0.0,0
80,4.5,2,242882.72999999998,8.93,47,57,1.0,0.0,0
81,14.56,2,306482.29000000004,0.01,0,28,2.0,4.0,0
82,14.99,2,330594.30000000005,0.0,7,0,2.0,3.0,0
83,3.91,2,381779.05000000005,0.0,52,0,1.0,3.0,1
84,51.97,2,224650.07,4.92,43,45,1.0,0.0,0
85,6.51,1,130935.79,6.33,0,0,2.0,0.5,0
86,52.7,1,139962.47,0.46,0,6,0.0,0.0,0
87,38.49,3,310791.33,5.7,122,9,0.0,0.0,0
88,17.06,3,382987.24,0.0,76,30,0.0,0.0,0
89,35.96,2,238008.63,0.0,47,0,1.0,2.0,0
90,52.2,3,309019.53,9.9,47,5,0.0,0.0,1
91,41.85,3,403728.36,4.81,72,30,0.0,0.0,0
92,49.38,3,364115.43,8.78,36,33,0.0,0.0,1
93,28.04,2,194649.64,5.75,21,0,0.0,0.0,0
94,55.33,1,133384.38,3.59,18,8,1.0,0.0,0
95,32.15,1,165563.11,7.41,47,0,1.0,1.0,0
96,43.13,3,349139.81,5.08,31,64,2.0,0.0,0
97,8.68,2,301029.27999999997,6.07,34,38,0.0,0.0,0
98,43.43,1,60113.32,0.0,0,29,2.0,0.0,0
99,15.91,1,76651.93,0.0,44,0,0.0,0.0,0
100,63.28,2,288012.14,0.0,0,0,0.0,0.0,0
101,16.01,1,124440.86,9.53,4,16,0.0,0.0,0
102,11.01,1,179871.68,0.0,0,0,0.0,0.0,0
103,6.11,3,453825.06999999995,5.28,0,39,1.0,5.0,0
104,53.52,2,221457.96,18.73,0,14,2.0,1.0,0
105,47.17,3,435902.49,11.48,57,0,0.0,0.0,0
106,44.08,2,274140.66000000003,2.37,0,0,0.0,0.0,0
107,64.14,3,509159.33999999997,2.09,69,44,1.0,0.0,1
108,38.43,3,214558.43,7.050000000000001,20,40,0.0,0.0,0
109,37.67,3,387392.48,0.15,18,47,2.0,0.0,0
110,50.43,2,329696.25,0.0,65,8,1.0,0.0,0
111,51.22,2,183758.77000000002,6.35,35,0,0.0,0.0,0
112,14.33,1,106967.56,5.16,0,18,0.0,0.0,0
113,59.01,3,332195.22,0.98,66,26,0.0,0.0,0
114,53.55,3,332759.7,4.73,23,76,0.0,0.0,0
115,18.31,3,472974.25,0.92,38,24,2.0,0.5,0
116,61.97,1,197104.27,3.02,32,0,1.0,0.0,0
117,38.89,1,94326.71,0.0,48,0,0.0,0.0,0
118,59.34,2,227130.21,5.47,32,57,2.0,0.5,0
119,9.37,3,374873.92,12.879999999999999,4,24,1.0,2.0,0
120,59.01,3,435208.17,2.91,57,5,0.0,0.0,0
121,10.06,2,216538.47,11.48,0,1,2.0,0.5,0
122,6.61,2,232396.81,2.35,46,33,1.0,1.0,0
123,30.67,3,386429.65,5.57,14,0,2.0,0.0,0
124,34.81,3,332187.59,7.32,73,72,2.0,3.0,0
125,60.49,2,293641.9,8.5,36,0,0.0,0.0,0
126,48.49,1,137622.49,2.35,17,48,2.0,2.5,0
127,42.14,2,178988.03,7.42,0,1,0.0,0.0,0
128,26.73,3,398255.3,18.22,39,20,0.0,0.0,0
129,48.75,1,85741.97,0.0,23,11,0.0,0.0,0
130,59.24,2,262158.02,8.79,42,19,0.0,0.0,0
131,48.45,1,174601.36,0.0,48,0,0.0,0.0,0
132,26.04,3,445730.9,18.26,36,9,2.0,2.5,0
133,45.13,3,486346.16000000003,2.91,39,32,2.0,3.5,0
134,9.3,2,247316.81,4.17,35,0,1.0,0.0,0
135,6.18,3,321023.48,2.02,96,30,0.0,0.0,0
136,30.37,3,393536.47000000003,12.19,21,0,2.0,2.0,0
137,29.45,1,194391.51,0.0,18,15,0.0,0.0,0
138,24.72,2,233391.91999999998,0.0,4,46,0.0,0.0,0
139,22.45,2,204240.33000000002,10.879999999999999,6,51,0.0,0.0,0
140,1.91,3,323553.71,10.01,0,21,1.0,0.0,0
141,17.19,1,145944.44,6.18,0,0,0.0,0.0,0
142,60.22,1,154678.19,0.0,0,0,1.0,0.0,0
143,53.58,3,228283.81,7.96,0,46,0.0,0.0,0
144,37.64,1,68251.66,0.0,0,46,2.0,5.0,0
145,61.31,1,83705.89,3.99,0,6,0.0,0.0,0
146,10.26,2,161002.85,17.16,27,39,0.0,0.0,0
147,42.7,3,395769.44,22.86,16,54,0.0,0.0,0
148,6.41,3,326607.64,5.24,45,2,0.0,0.0,0
149,3.75,3,445545.67,0.0,0,29,0.0,0.0,0
150,28.96,1,51266.03,0.0,0,40,0.0,0.0,0
151,0.92,3,302563.02,9.45,4,15,1.0,1.0,0
152,62.36,2,309206.44,2.35,47,44,0.0,0.0,0
153,18.67,3,483136.27,0.0,22,11,0.0,0.0,0
154,36.59,3,388372.46,7.93,34,47,0.0,0.0,0
155,43.82,3,457144.66,7.53,0,30,1.0,5.0,1
156,35.34,3,356596.68,14.629999999999999,25,7,0.0,0.0,0
157,55.82,2,144476.75,8.4,1,0,0.0,0.0,1
158,40.24,1,103381.4,4.56,24,0,0.0,0.0,0
159,33.99,3,284655.01,0.0,47,60,0.0,0.0,0
160,40.76,3,253980.99,7.58,96,34,1.0,0.0,0
161,16.07,1,164063.73,1.97,0,26,0.0,0.0,0
162,36.82,1,131241.0,1.72,48,27,0.0,0.0,0
163,60.06,3,322419.25,10.65,45,24,0.0,0.0,0
164,32.74,2,287608.8,5.37,0,45,0.0,0.0,0
165,30.8,1,187254.51,2.19,0,0,0.0,0.0,0
166,20.51,1,171450.42,7.96,2,14,1.0,2.0,0
167,5.52,1,110346.89,0.0,11,38,0.0,0.0,0
168,20.09,2,254224.02000000002,6.32,0,0,2.0,4.0,0
169,18.57,1,82199.52,0.0,0,2,1.0,0.0,0
170,56.57,2,250156.78,1.17,0,65,0.0,0.0,0
171,12.92,3,492922.57999999996,26.5,0,34,1.0,4.0,0
172,52.7,2,205822.59,0.52,32,0,0.0,0.0,0
173,39.84,3,487639.42000000004,24.96,0,66,1.0,0.0,0
174,45.73,2,268868.15,11.34,37,49,0.0,0.0,0
175,38.1,1,85103.76,2.55,0,7,2.0,1.0,1
176,55.29,3,490281.72,0.0,5,5,0.0,0.0,0
177,60.16,3,406745.95999999996,14.08,66,25,1.0,0.0,0
178,43.85,1,124675.1,0.0,0,10,2.0,0.0,0
179,3.91,3,399689.51,0.0,32,0,2.0,2.5,0
180,44.77,2,216033.41999999998,1.13,43,0,0.0,0.0,0
181,41.29,1,60579.24,1.71,0,0,2.0,2.0,0
182,48.52,3,362095.86,6.27,31,11,1.0,2.0,0
183,39.97,1,174991.89,0.0,0,0,0.0,0.0,0
184,2.01,3,496696.26,18.689999999999998,43,27,0.0,0.0,0
185,21.37,3,252625.01,2.64,17,29,1.0,0.0,1
186,21.63,1,104207.18,7.99,22,38,0.0,0.0,0
187,9.86,1,120955.61,0.0,0,0,0.0,0.0,0
188,5.95,3,324871.33,8.81,65,77,1.0,3.0,0
189,12.29,2,221604.39,7.95,0,33,0.0,0.0,1
190,22.22,1,115830.99,1.03,0,13,1.0,5.0,0
191,27.61,1,158709.45,8.5,39,0,0.0,0.0,0
192,33.79,3,367437.47,10.44,17,77,1.0,2.0,0
193,61.6,1,70397.16,3.89,37,0,0.0,0.0,0
194,36.23,2,228210.28,4.57,65,13,2.0,1.5,0
195,22.91,3,374341.66,0.0,31,62,2.0,0.0,0
196,55.85,3,394769.49,14.33,14,78,0.0,0.0,1
197,0.36,1,183081.43,3.65,32,0,0.0,0.0,0
198,26.1,2,304430.16,7.73,27,42,0.0,0.0,1
199,4.9,2,265707.41,8.59,23,44,2.0,2.5,0
200,43.52,3,367729.38,8.73,88,31,0.0,0.0,0
201,9.4,1,142334.59,0.0,17,2,0.0,0.0,0
202,57.96,3,274653.85000000003,7.04,53,19,1.0,0.0,0
203,34.12,3,330309.08999999997,16.060000000000002,0,51,2.0,1.5,1
204,22.85,2,217453.86,8.44,17,0,1.0,1.0,0
205,33.83,2,342922.02,0.0,0,44,0.0,0.0,0
206,64.23,2,164155.28,10.15,35,48,0.0,0.0,0
207,47.3,2,271773.43,3.09,69,0,2.0,4.5,0
208,18.47,1,105005.47,6.86,49,22,2.0,1.5,0
209,47.21,1,121682.48,5.71,39,0,0.0,0.0,0
210,47.83,3,452185.31,9.49,0,30,0.0,0.0,0
211,4.24,2,286863.9,9.58,0,0,0.0,0.0,0
212,23.8,2,269019.23,6.79,18,37,1.0,0.0,0
213,21.04,1,99796.83,0.0,0,0,2.0,3.0,0
214,4.73,3,294681.7,17.810000000000002,15,22,0.0,0.0,0
215,1.55,1,69996.71,3.43,0,0,1.0,3.0,1
216,24.52,2,173521.2,8.15,0,0,0.0,0.0,1
217,19.99,2,255077.38999999998,0.0,60,15,1.0,4.0,0
218,33.53,2,201973.13,6.18,42,50,1.0,0.0,0
219,47.5,1,189109.91,1.62,46,0,2.0,0.0,0
220,20.74,2,112093.16,0.18,0,44,1.0,0.0,0
221,8.94,3,490441.16000000003,0.0,59,88,0.0,0.0,0
222,26.46,2,145070.79,3.06,44,39,0.0,0.0,0
223,21.07,3,280346.20999999996,0.6,61,68,1.0,3.0,0
224,22.81,1,165894.23,7.13,15,0,2.0,2.5,0
225,2.7,3,359896.78,15.53,47,15,0.0,0.0,0
226,10.22,2,262130.65000000002,8.04,0,22,0.0,0.0,1
227,61.77,1,133417.33,7.11,0,2,0.0,0.0,0
228,19.0,2,251750.36,5.01,11,0,1.0,0.0,0
229,51.97,3,255411.31,14.78,70,23,0.0,0.0,0
230,56.64,2,338895.06999999995,0.0,37,33,2.0,1.5,0
231,2.66,2,358330.12,12.69,2,1,0.0,0.0,0
232,52.1,3,325202.6,18.770000000000003,52,0,1.0,0.0,0
233,16.17,1,174949.27,8.59,8,0,2.0,1.5,0
234,22.55,2,276353.68,1.4,59,21,0.0,0.0,0
235,4.83,3,337995.11,6.55,121,39,0.0,0.0,0
236,47.96,3,404662.85,14.04,47,35,2.0,0.0,0
237,7.92,3,417995.59,0.0,77,0,1.0,2.0,0
238,49.38,1,64336.63,8.14,0,0,1.0,4.0,0
239,40.6,3,345902.21,0.48,27,66,0.0,0.0,0
240,57.26,2,173400.88,8.219999999999999,4,23,2.0,2.5,0
241,4.6,1,183865.86,0.0,0,0,0.0,0.0,0
242,0.23,3,303137.97,17.61,23,80,2.0,2.5,0
243,63.41,3,416399.94,7.99,70,0,0.0,0.0,0
244,55.23,2,283447.67,12.42,24,0,0.0,0.0,0
245,31.26,2,138201.33000000002,18.16,19,10,0.0,0.0,1
246,46.45,1,150003.58,6.94,0,21,1.0,0.0,0
247,30.11,1,115788.14,0.0,0,0,0.0,0.0,0
248,3.39,2,211142.76,0.0,0,0,0.0,0.0,0
249,39.68,2,192041.11,0.0,65,0,2.0,2.5,0
250,0.23,3,380506.68,18.009999999999998,28,29,0.0,0.0,0
251,16.47,3,357620.86,7.94,0,19,1.0,0.0,0
252,26.43,3,369991.06999999995,9.61,16,26,0.0,0.0,1
253,3.06,1,63597.9,0.0,39,33,1.0,3.0,0
254,14.33,1,158527.44,0.0,10,0,2.0,2.5,0
255,51.81,2,235087.2,7.09,51,0,2.0,2.0,0
256,28.17,1,63627.04,1.24,0,0,1.0,0.0,0
257,15.91,1,87363.89,0.0,30,2,2.0,1.0,0
258,50.69,2,265041.99,4.57,0,22,0.0,0.0,0
259,4.27,1,155804.87,0.0,41,0,1.0,0.0,0
260,42.5,3,335856.42,13.68,0,27,1.0,0.0,0
261,5.26,1,184316.42,0.31,25,0,0.0,0.0,1
262,14.63,2,147337.56,0.0,8,49,1.0,0.0,0
263,54.4,1,60913.96,0.0,10,27,2.0,0.5,1
264,12.85,2,280239.88,7.6,11,28,0.0,0.0,0
265,37.94,1,176827.67,0.92,0,39,1.0,0.0,0
266,55.46,3,225261.56,9.420000000000002,32,19,1.0,0.0,0
267,12.1,2,206405.18,0.0,22,0,2.0,3.0,0
268,35.34,2,186369.13,6.13,42,0,2.0,2.0,1
269,59.34,2,239778.94999999998,5.52,36,0,0.0,0.0,0
270,45.53,3,418985.06999999995,10.120000000000001,17,39,1.0,1.0,0
271,61.31,3,408076.19,14.16,26,39,1.0,0.0,0
272,20.74,2,137028.34,6.65,0,55,0.0,0.0,0
273,33.23,2,296636.07,0.0,41,0,0.0,0.0,1
274,63.15,2,236718.74,0.0,46,12,0.0,0.0,0
275,8.32,2,311277.87,0.0,18,48,0.0,0.0,0
276,36.82,1,81041.36,6.65,0,43,0.0,0.0,0
277,8.45,1,175684.3,5.47,0,16,0.0,0.0,1
278,54.96,1,172570.12,0.0,0,0,1.0,0.0,1
279,56.02,1,182850.61,2.93,25,0,0.0,0.0,0
280,20.91,3,495165.11,9.47,56,0,0.0,0.0,0
281,26.86,1,164708.71,6.01,0,25,0.0,0.0,0
282,14.23,2,213153.29,7.17,5,60,2.0,1.0,0
283,26.59,2,367326.78,9.56,50,0,1.0,0.0,0
284,18.15,2,260616.53999999998,4.24,33,50,0.0,0.0,0
285,27.51,1,139658.73,8.78,0,0,0.0,0.0,0
286,13.12,2,265137.66000000003,0.0,49,20,2.0,2.5,0
287,13.74,1,121884.38,6.16,22,11,0.0,0.0,0
288,12.2,3,335344.04,3.97,17,51,1.0,3.0,0
289,53.48,1,85130.14,0.0,0,0,2.0,3.5,1
290,56.21,1,125328.73,0.0,17,48,1.0,4.0,0
291,52.96,3,421066.09,2.1,35,41,2.0,1.0,0
292,28.63,2,296648.88,0.0,0,50,2.0,3.5,0
293,52.86,2,314403.1,0.0,20,36,2.0,0.0,0
294,44.87,3,358043.35,13.399999999999999,40,29,1.0,3.0,1
295,51.22,2,275189.34,6.81,0,61,1.0,0.0,0
296,56.74,2,188645.09999999998,0.18,0,0,0.0,0.0,0
297,42.11,3,328306.89,13.35,0,43,0.0,0.0,0
298,28.5,3,408037.08999999997,7.05,21,32,0.0,0.0,0
299,25.18,3,246121.27000000002,1.31,77,47,0.0,0.0,0
300,23.41,3,404204.44,13.08,0,43,0.0,0.0,0
301,26.86,1,120831.45,0.0,33,0,0.0,0.0,0
302,56.08,3,355270.75,2.53,7,53,0.0,0.0,0
303,33.17,2,274432.37,6.36,31,53,0.0,0.0,0
304,10.45,1,119923.49,0.0,0,0,0.0,0.0,0
305,47.17,3,440597.97,21.259999999999998,26,50,2.0,3.5,0
306,28.73,1,147092.87,0.0,0,14,0.0,0.0,0
307,8.91,1,89040.85,9.31,43,44,2.0,2.5,0
308,18.18,3,374244.76,3.03,30,31,2.0,0.0,0
309,3.58,2,269710.49,0.0,45,0,0.0,0.0,0
310,21.56,3,377119.33,11.98,72,49,1.0,4.0,0
311,43.59,3,314295.83,15.04,22,0,2.0,4.0,0
312,40.57,1,142361.85,0.71,0,0,0.0,0.0,0
313,6.94,2,238938.71,2.3,82,0,2.0,3.0,0
314,15.15,2,216134.2,9.49,0,16,2.0,0.5,0
315,38.95,2,325473.94,9.75,25,0,0.0,0.0,0
316,57.2,2,156693.05,5.52,49,0,0.0,0.0,0
317,28.01,2,329660.28,7.33,29,60,0.0,0.0,0
318,2.01,3,301641.58,8.7,17,64,2.0,0.0,0
319,28.63,1,146057.17,0.0,0,16,2.0,1.5,0
320,14.0,2,211850.57,0.0,35,0,2.0,4.0,0
321,18.21,2,248128.26,5.78,0,18,1.0,0.0,1
322,58.71,1,140673.02,6.14,0,16,0.0,0.0,0
323,46.29,2,342512.45999999996,6.92,0,17,1.0,4.0,1
324,38.26,2,194850.84999999998,4.58,57,23,0.0,0.0,0
325,53.68,1,138374.89,1.46,0,25,2.0,1.0,1
326,27.58,1,106270.81,0.0,22,21,0.0,0.0,0
327,49.38,2,346985.89,0.0,0,0,0.0,0.0,0
328,18.7,3,351559.93,0.0,26,0,1.0,0.0,0
329,60.26,1,178677.87,0.0,0,6,0.0,0.0,0
330,20.97,2,274570.74,9.98,16,10,0.0,0.0,0
331,0.59,3,318706.31,3.25,6,68,0.0,0.0,1
332,46.15,2,249190.15,0.34,0,32,0.0,0.0,0
333,42.57,2,237269.09999999998,0.0,0,0,0.0,0.0,0
334,59.53,1,120401.4,7.09,0,0,0.0,0.0,0
335,13.02,2,314229.74,6.79,0,18,0.0,0.0,1
336,24.33,3,411609.95999999996,0.0,62,43,0.0,0.0,0
337,43.16,3,380023.25,0.0,35,0,0.0,0.0,0
338,20.09,2,192279.46000000002,3.5,0,21,2.0,2.5,0
339,16.67,3,430774.9,9.27,38,39,0.0,0.0,0
340,64.27,2,309720.89,14.07,14,47,1.0,0.0,0
341,38.95,1,106938.32,0.0,0,45,0.0,0.0,0
342,15.65,3,362809.52,0.0,73,0,0.0,0.0,0
343,62.85,1,85903.36,0.0,32,29,2.0,0.5,0
344,55.56,1,85307.51,0.0,0,32,2.0,0.0,0
345,19.66,3,429561.99,2.03,51,44,2.0,0.5,0
346,16.83,3,403955.14,10.02,55,34,0.0,0.0,0
347,15.25,3,354452.23,16.549999999999997,44,10,1.0,0.0,0
348,44.08,3,407321.04,15.74,0,26,1.0,4.0,0
349,4.67,3,451832.03,17.1,0,37,2.0,1.5,0
350,54.17,2,316551.85,18.369999999999997,64,3,2.0,1.0,0
351,1.78,3,364293.76,17.58,35,48,0.0,0.0,0
352,14.14,1,125485.23,0.0,17,0,0.0,0.0,0
353,12.03,2,262797.20999999996,0.0,43,37,1.0,3.0,0
354,3.75,2,210587.83,0.0,27,84,0.0,0.0,0
355,22.12,3,393865.0,16.96,43,33,2.0,1.0,0
356,18.64,3,262947.6,15.83,38,70,2.0,1.0,0
357,26.86,2,247760.71,6.19,65,10,2.0,2.5,0
358,52.2,1,142996.22,3.81,3,26,2.0,0.0,1
359,38.0,2,145990.69,0.0,90,20,1.0,0.0,0
360,49.41,2,110530.36,9.799999999999999,53,27,0.0,0.0,0
361,52.33,1,63301.57,8.15,0,0,0.0,0.0,0
362,45.13,1,89835.49,0.0,0,0,2.0,1.0,0
363,22.95,2,218465.21,11.59,74,48,2.0,1.0,0
364,33.17,1,181330.63,7.83,30,20,0.0,0.0,0
365,7.0,1,116889.76,0.92,0,0,0.0,0.0,0
366,2.6,1,65057.59,0.0,0,35,0.0,0.0,0
367,42.6,1,139844.89,0.0,0,0,1.0,0.0,0
368,53.06,1,181880.45,0.0,0,11,0.0,0.0,0
369,38.1,3,362162.03,8.46,0,44,0.0,0.0,0
370,28.24,1,106466.45,0.0,47,10,2.0,2.0,0
371,15.71,2,176083.96,10.62,40,7,0.0,0.0,0
372,34.62,3,334216.77,4.18,53,36,0.0,0.0,0
373,41.81,3,407660.27,13.93,13,34,0.0,0.0,0
374,39.02,3,422867.13,2.21,35,85,2.0,2.0,0
375,5.59,1,128895.11,0.0,14,24,0.0,0.0,0
376,33.2,2,380847.87,9.46,46,0,0.0,0.0,0
377,23.6,3,340273.51,8.23,79,34,0.0,0.0,0
378,36.42,3,418818.04,8.280000000000001,30,32,0.0,0.0,0
379,14.04,3,329234.77,4.41,0,78,2.0,1.5,0
380,52.56,3,282414.55,4.87,2,37,0.0,0.0,0
381,19.0,1,102845.37,0.0,0,12,0.0,0.0,0
382,14.96,3,337080.94999999995,7.15,51,11,2.0,2.0,0
383,60.39,3,220165.84,8.81,11,45,1.0,4.0,0
384,40.57,1,164953.34,0.0,42,26,0.0,0.0,0
385,7.46,1,183347.07,0.0,0,0,0.0,0.0,0
386,58.05,1,122436.0,0.0,12,22,0.0,0.0,0
387,56.21,1,179500.96,0.0,31,0,1.0,2.0,0
388,19.1,3,323009.01,8.36,70,72,0.0,0.0,1
389,15.48,3,403256.95999999996,2.9,30,24,1.0,0.0,0
390,4.54,2,216073.45,8.67,44,0,2.0,2.5,0
391,34.88,2,156380.58000000002,1.97,0,0,0.0,0.0,1
392,18.67,2,118793.89,0.07,8,18,0.0,0.0,0
393,57.66,3,281660.89,8.86,35,62,0.0,0.0,0
394,57.46,2,294955.85,0.0,0,0,0.0,0.0,0
395,1.64,1,191830.48,0.0,11,3,0.0,0.0,0
396,21.89,3,365774.43000000005,15.39,0,0,1.0,0.0,0
397,48.55,3,432200.42000000004,20.17,41,0,0.0,0.0,1
398,28.11,2,219064.74,10.65,0,67,0.0,0.0,0
399,25.64,1,68158.67,3.44,35,0,0.0,0.0,1
400,21.89,2,312559.55,0.73,71,6,0.0,0.0,0
401,27.09,3,354970.20999999996,3.05,0,21,0.0,0.0,1
402,1.97,3,247717.97999999998,0.0,39,9,1.0,0.0,0
403,45.2,3,346675.58999999997,12.45,15,8,0.0,0.0,0
404,27.61,3,411934.02,6.54,68,0,0.0,0.0,0
405,32.18,2,300699.31,0.0,33,28,1.0,0.0,0
406,11.57,2,229845.92,7.72,7,10,2.0,1.0,1
407,6.11,1,71788.68,7.09,0,0,0.0,0.0,0
408,7.17,2,304551.35,9.5,0,48,0.0,0.0,0
409,3.88,1,86581.7,1.17,40,0,0.0,0.0,0
410,50.26,3,268990.73,7.699999999999999,59,28,0.0,0.0,0
411,40.8,3,401192.55,10.7,0,15,2.0,2.0,0
412,43.95,2,266218.94,7.34,0,0,0.0,0.0,0
413,13.51,3,338449.17,6.16,79,50,0.0,0.0,0
414,50.07,1,116239.78,5.68,0,37,1.0,2.0,0
415,5.65,2,222925.12,0.0,0,37,2.0,1.0,1
416,5.29,1,186284.71,6.52,0,0,0.0,0.0,0
417,13.35,2,275283.29000000004,4.38,85,0,0.0,0.0,0
418,23.08,2,190566.14,0.0,22,57,2.0,1.5,0
419,28.63,1,174208.31,2.76,10,43,2.0,0.0,1
420,18.47,3,323137.33999999997,6.5,0,18,0.0,0.0,0
421,63.97,3,465642.14,0.0,25,20,2.0,0.0,0
422,21.43,3,264292.54000000004,11.02,56,34,1.0,3.0,0
423,63.31,3,343100.21,4.98,46,62,0.0,0.0,0
424,58.45,3,434521.14,13.379999999999999,61,87,1.0,0.0,0
425,17.09,1,73103.31,0.0,48,28,0.0,0.0,0
426,45.0,1,50110.46,2.47,0,0,1.0,0.0,0
427,15.09,2,176026.2,0.0,1,24,2.0,1.0,0
428,58.97,1,108343.38,0.0,0,0,0.0,0.0,0
429,39.41,3,447225.6,7.95,42,38,1.0,5.0,0
430,43.56,1,97178.46,0.0,3,22,2.0,2.0,0
431,21.24,3,454650.12,2.23,10,21,0.0,0.0,0
432,22.72,2,192576.52,0.0,11,3,0.0,0.0,0
433,63.64,1,185796.85,6.65,48,20,0.0,0.0,0
434,11.47,1,184231.0,0.0,7,25,0.0,0.0,0
435,38.72,1,58623.79,0.0,12,17,2.0,2.0,1
436,7.2,2,331794.63,8.57,10,11,2.0,1.5,0
437,60.26,2,276972.45,0.59,0,21,2.0,0.0,0
438,4.31,2,190120.13,8.34,3,38,1.0,0.0,0
439,39.78,1,53656.21,7.61,0,27,0.0,0.0,0
440,56.15,3,285529.38,7.26,26,48,1.0,3.0,1
441,3.94,1,194036.08,0.0,5,0,0.0,0.0,0
442,60.78,2,177698.61,9.69,0,32,2.0,1.5,1
443,13.71,1,68427.06,0.89,5,38,0.0,0.0,0
444,27.71,1,55554.36,0.0,23,0,1.0,0.0,0
445,21.93,1,81675.93,6.6,23,0,0.0,0.0,0
446,8.12,1,192381.8,0.0,16,33,0.0,0.0,1
447,36.95,3,444474.43,5.39,30,0,2.0,0.0,1
448,12.2,2,140337.64,9.27,18,56,0.0,0.0,0
449,54.73,3,403216.7,8.81,19,12,0.0,0.0,0
450,22.98,3,405161.18,12.690000000000001,71,36,0.0,0.0,0
451,55.06,3,291741.5,10.940000000000001,6,58,0.0,0.0,0
452,40.24,3,340764.14,13.809999999999999,45,43,2.0,3.5,0
453,59.8,2,302159.04,16.91,38,46,0.0,0.0,0
454,64.23,1,177671.45,5.24,2,44,1.0,0.0,0
455,40.6,2,271669.42,2.64,24,48,0.0,0.0,0
456,64.4,2,259818.15,4.17,25,0,2.0,4.5,0
457,22.42,2,226476.45,7.71,48,47,2.0,2.5,0
458,63.91,3,354147.72,0.0,9,26,0.0,0.0,0
459,18.64,3,391117.89,9.98,42,41,0.0,0.0,1
460,3.85,3,403998.63,12.8,1,47,2.0,2.0,0
461,59.37,3,341491.22,8.24,45,44,2.0,4.0,1
462,63.38,2,196104.72,9.09,44,44,0.0,0.0,0
463,11.21,1,76530.39,7.28,0,42,2.0,0.0,0
464,5.62,1,87865.82,2.18,0,0,1.0,0.0,0
465,44.74,3,509098.88,6.21,10,43,1.0,2.0,0
466,48.55,2,159898.7,5.89,38,10,0.0,0.0,0
467,29.82,3,378578.05000000005,2.13,45,31,0.0,0.0,1
468,31.56,1,106356.79,0.0,0,0,0.0,0.0,0
469,13.74,3,326729.18999999994,9.08,45,62,2.0,2.5,0
470,48.45,3,365935.01,7.0,63,14,1.0,0.0,0
471,43.79,3,328895.10000000003,2.14,39,59,2.0,0.0,0
472,64.04,3,487982.45999999996,8.49,0,32,1.0,1.0,0
473,0.76,2,209155.13999999998,0.0,38,43,2.0,2.0,0
474,50.13,3,486712.06,3.75,40,24,1.0,0.0,0
475,50.0,2,203403.66,4.39,40,0,1.0,1.0,0
476,9.24,2,220381.38,0.0,4,24,1.0,0.0,0
477,59.01,3,378088.79000000004,7.58,37,52,2.0,0.5,0
478,48.09,2,328619.12,3.49,15,23,2.0,1.0,0
479,21.47,2,197416.22999999998,4.49,0,0,2.0,2.5,0
480,9.99,2,324282.56999999995,4.03,6,16,1.0,3.0,0
481,41.16,3,295293.07,8.78,22,0,0.0,0.0,0
482,18.87,3,437617.22,0.0,48,7,2.0,0.0,0
483,30.05,2,243399.97999999998,4.89,3,0,0.0,0.0,0
484,19.95,2,235544.95,0.66,60,0,1.0,5.0,0
485,46.58,3,434190.58999999997,15.54,44,1,0.0,0.0,0
486,24.82,3,366199.26,3.55,59,8,0.0,0.0,0
487,0.89,1,92591.52,0.0,50,40,0.0,0.0,0
488,32.15,1,125910.81,0.0,0,37,0.0,0.0,0
489,20.81,3,305118.07,0.0,69,0,1.0,0.0,0
490,63.91,2,192997.54,0.0,41,0,0.0,0.0,0
491,1.22,1,189148.27,0.0,0,0,2.0,2.0,1
492,63.81,1,60648.2,5.27,21,0,0.0,0.0,0
493,31.3,2,357039.45,14.33,68,29,0.0,0.0,0
494,1.74,2,276721.03,0.0,0,13,0.0,0.0,0
495,30.57,2,227707.7,14.48,21,6,1.0,0.0,0
496,59.01,3,337828.15,3.76,14,65,0.0,0.0,0
497,5.95,2,291284.25,0.0,31,5,0.0,0.0,0
498,49.7,1,160183.68,0.0,0,33,1.0,5.0,0
499,20.48,3,449583.45,3.89,51,46,1.0,5.0,0
500,57.79,2,182400.51,0.17,18,14,0.0,0.0,0
501,47.99,1,137818.9,0.0,48,0,1.0,3.0,0
502,33.07,1,74158.22,0.0,33,0,2.0,1.0,1
503,27.15,3,403986.97,7.5200000000000005,0,33,0.0,0.0,0
504,20.68,3,337775.09,6.74,96,17,1.0,4.0,0
505,62.0,3,501333.67,22.490000000000002,93,11,1.0,3.0,0
506,2.63,2,217347.09,0.0,52,29,2.0,2.0,0
507,37.57,2,319666.49,6.01,13,22,0.0,0.0,0
508,50.43,3,410904.56,0.0,75,10,0.0,0.0,0
509,21.3,2,272587.32,4.15,15,25,2.0,0.5,0
510,23.87,3,439559.43,5.37,83,37,0.0,0.0,0
511,10.12,1,52001.65,9.52,0,41,0.0,0.0,0
512,38.56,1,192083.52,0.0,0,0,1.0,0.0,0
513,54.64,1,176794.1,0.0,0,46,0.0,0.0,0
514,1.87,1,52435.96,9.61,11,3,0.0,0.0,0
515,62.03,3,525256.51,0.41,31,51,2.0,3.0,0
516,44.9,3,332714.09,0.0,24,37,0.0,0.0,0
517,32.28,1,147249.14,0.01,47,30,1.0,0.0,0
518,22.81,2,278426.72,18.46,1,64,1.0,0.0,0
519,20.71,2,164059.03,18.95,50,0,1.0,2.0,0
520,28.44,3,433717.87,13.96,6,0,0.0,0.0,0
521,21.14,3,283946.87,12.870000000000001,0,54,2.0,0.0,0
522,58.32,3,455893.41000000003,11.92,4,31,1.0,0.0,0
523,46.94,3,323766.17000000004,0.0,0,40,1.0,1.0,0
524,39.64,3,371394.49,4.73,90,0,0.0,0.0,0
525,20.02,3,407750.08999999997,20.36,80,14,2.0,1.0,0
526,6.57,1,138117.31,0.0,13,0,0.0,0.0,0
527,27.94,2,141527.73,6.98,49,65,0.0,0.0,0
528,4.08,1,99389.79,7.73,29,15,1.0,5.0,0
529,5.88,2,295292.6,9.46,30,39,1.0,1.0,0
530,57.82,2,275219.79,0.36,13,29,0.0,0.0,0
531,55.69,3,350923.04,2.02,4,83,1.0,3.0,1
532,28.63,1,83137.24,0.72,41,0,1.0,0.0,1
533,41.29,2,253049.01,9.87,30,40,0.0,0.0,0
534,12.72,2,286965.88,0.0,48,2,0.0,0.0,0
535,53.22,2,247483.4,8.51,40,2,2.0,0.0,0
536,1.02,3,459229.76,13.61,89,0,2.0,1.5,0
537,24.92,1,98943.19,5.72,0,0,2.0,2.0,1
538,17.72,1,106908.02,6.11,29,0,2.0,2.0,0
539,9.3,1,150476.32,0.0,0,13,0.0,0.0,0
540,40.01,1,56198.72,2.08,14,36,2.0,2.5,0
541,6.77,1,72349.14,0.0,0,29,1.0,3.0,0
542,54.73,3,266959.31,6.9,20,68,2.0,0.0,0
543,59.37,3,350675.18,8.68,26,53,1.0,0.0,0
544,47.99,1,183909.94,7.33,0,36,1.0,4.0,0
545,26.89,1,108250.1,6.51,0,0,0.0,0.0,0
546,45.17,2,318947.69,0.0,54,0,2.0,0.5,0
547,6.25,2,237223.72,1.22,24,29,0.0,0.0,0
548,24.69,1,183626.13,1.45,0,0,1.0,1.0,0
549,9.86,3,338804.4,0.0,34,0,0.0,0.0,0
550,37.51,2,250593.77000000002,0.0,0,32,2.0,3.5,0
551,35.86,3,446095.08999999997,10.32,0,2,1.0,5.0,0
552,16.73,3,257419.09999999998,1.75,37,64,1.0,4.0,0
553,0.46,2,217646.98,6.02,11,0,2.0,1.0,0
554,16.17,3,462717.97,10.47,6,78,1.0,0.0,0
555,37.77,2,207358.01,0.0,11,11,0.0,0.0,0
556,43.0,2,239026.44,6.37,72,14,2.0,0.0,0
557,16.17,3,358756.08999999997,0.94,93,60,1.0,0.0,0
558,15.81,1,62062.99,2.66,17,33,0.0,0.0,0
559,24.79,3,509030.17,20.61,50,50,2.0,2.5,1
560,4.7,1,176282.41,7.86,21,26,1.0,0.0,0
561,30.77,1,181477.29,0.0,0,0,2.0,1.0,1
562,48.09,3,340334.21,1.97,33,21,0.0,0.0,0
563,2.93,1,174160.14,5.19,36,0,0.0,0.0,0
564,51.35,3,343933.37,6.9,9,6,0.0,0.0,0
565,52.83,1,110808.97,0.0,0,45,0.0,0.0,0
566,45.79,3,444098.7,8.81,0,26,0.0,0.0,1
567,57.96,3,423074.33,5.09,79,0,0.0,0.0,0
568,42.54,2,205648.86,7.18,0,0,1.0,0.0,0
569,51.08,3,362197.26,11.0,24,37,0.0,0.0,0
570,3.19,1,184008.5,0.0,25,0,2.0,2.0,0
571,59.73,1,79024.78,0.0,0,29,0.0,0.0,0
572,50.03,1,194572.29,0.0,0,0,1.0,0.0,1
573,47.57,3,292509.92,9.5,12,87,0.0,0.0,0
574,28.86,3,420570.97000000003,12.98,18,0,0.0,0.0,0
575,38.07,2,262427.77,0.0,22,20,1.0,0.0,0
576,53.91,3,363455.81,3.09,0,0,2.0,4.5,0
577,46.12,1,161703.02,3.72,0,0,0.0,0.0,0
578,62.52,3,429430.92,0.0,108,57,0.0,0.0,1
579,6.87,2,337270.28,14.07,82,47,0.0,0.0,0
580,8.15,2,196025.32,6.6,6,14,1.0,0.0,1
581,63.91,1,141131.65,0.0,0,24,2.0,3.0,1
582,28.4,1,138475.43,0.0,35,0,1.0,3.0,0
583,8.05,1,92365.49,0.0,29,10,2.0,2.5,0
584,11.97,2,253446.40999999997,0.87,23,45,0.0,0.0,0
585,8.02,1,51153.68,0.45,0,22,0.0,0.0,0
586,13.21,3,413508.11,25.419999999999998,23,72,2.0,3.0,0
587,31.49,1,142012.78,1.15,19,17,0.0,0.0,0
588,14.6,3,285251.4,9.92,12,45,0.0,0.0,0
589,4.87,1,94508.21,0.0,0,29,1.0,4.0,0
590,34.32,2,322599.69999999995,0.0,28,0,1.0,4.0,0
591,16.01,3,398729.83,14.11,11,33,0.0,0.0,0
592,23.96,2,318790.86,1.8699999999999999,46,20,0.0,0.0,0
593,34.45,3,336104.01,0.0,46,53,1.0,0.0,0
594,2.33,2,293138.57,1.24,43,26,0.0,0.0,0
595,9.76,2,189304.37,6.32,20,39,0.0,0.0,0
596,32.58,1,185035.76,4.78,0,13,0.0,0.0,0
597,51.97,2,183986.17,3.23,45,25,2.0,0.0,0
598,34.75,2,174828.95,5.21,0,44,0.0,0.0,0
599,11.31,3,489647.93,4.62,22,46,1.0,0.0,0
600,12.56,2,257679.63,0.0,14,0,0.0,0.0,0
601,30.97,2,151681.39,2.87,5,38,0.0,0.0,0
602,42.64,2,157880.97999999998,0.0,6,13,2.0,4.0,0
603,63.81,2,138359.13,8.18,48,38,0.0,0.0,0
604,26.43,1,107607.93,0.0,0,0,0.0,0.0,0
605,22.26,1,53264.49,0.0,0,31,0.0,0.0,0
606,12.52,3,281307.17,0.1,95,11,0.0,0.0,1
607,46.06,2,303406.86,0.0,0,9,1.0,0.0,0
608,4.87,2,318117.37,16.55,3,19,0.0,0.0,0
609,12.33,2,219388.46,0.0,11,65,0.0,0.0,0
610,10.65,1,99364.86,0.0,12,41,0.0,0.0,0
611,64.27,2,159333.23,9.42,49,0,1.0,5.0,0
612,62.2,3,343905.72000000003,17.119999999999997,60,49,2.0,0.0,0
613,18.93,1,146213.59,0.0,7,39,1.0,5.0,0
614,13.81,3,345937.71,3.74,28,68,1.0,0.0,0
615,58.35,1,148979.84,5.76,0,0,2.0,0.5,0
616,38.13,3,367133.12,12.76,44,57,1.0,1.0,0
617,51.64,3,476843.67000000004,7.72,62,43,1.0,0.0,1
618,53.42,3,345203.63,1.4000000000000001,29,0,1.0,0.0,0
619,55.56,3,189510.88,8.47,53,18,0.0,0.0,0
620,26.66,3,449451.99,0.07,71,76,1.0,3.0,0
621,43.1,1,114509.29,4.46,0,0,2.0,1.5,0
622,41.72,1,80693.22,7.63,0,0,0.0,0.0,0
623,41.39,1,183160.02,0.0,0,29,1.0,5.0,0
624,16.34,1,173564.37,7.24,15,0,0.0,0.0,0
625,35.08,1,89824.19,0.0,36,0,0.0,0.0,0
626,52.43,2,275279.49,6.58,39,47,2.0,0.5,1
627,26.1,3,379643.94,0.57,0,18,0.0,0.0,1
628,41.06,1,103994.94,0.0,40,0,0.0,0.0,0
629,63.51,3,413282.37,4.23,0,29,2.0,0.5,1
630,40.5,1,67457.72,7.54,36,21,0.0,0.0,0
631,56.67,2,156225.34999999998,7.45,49,3,1.0,0.0,0
632,5.59,1,54975.81,0.0,35,30,2.0,1.0,1
633,19.03,2,172196.77,6.32,30,13,2.0,1.0,0
634,2.89,1,52638.99,8.43,0,0,2.0,0.0,0
635,0.56,1,90659.58,0.0,27,12,0.0,0.0,1
636,44.9,2,188775.83000000002,4.81,44,0,1.0,2.0,0
637,4.08,2,229956.11,4.95,0,0,0.0,0.0,0
638,63.02,2,171134.63,5.76,22,0,2.0,0.5,0
639,6.21,2,142461.37,0.0,0,9,1.0,4.0,0
640,26.3,1,153033.61,0.0,0,25,0.0,0.0,0
641,16.83,1,127313.4,0.0,15,0,0.0,0.0,1
642,4.73,1,197047.05,2.62,44,12,0.0,0.0,1
643,19.26,2,280968.55,8.41,29,4,2.0,1.0,0
644,4.11,3,274469.25,8.17,44,10,0.0,0.0,0
645,41.78,2,303933.71,0.0,32,0,1.0,0.0,0
646,34.68,3,396424.76,8.02,9,44,0.0,0.0,0
647,24.85,3,214156.13,4.97,8,0,1.0,3.0,0
648,24.62,3,564179.01,7.03,0,24,2.0,0.0,0
649,16.8,3,485219.8,3.62,43,73,0.0,0.0,0
650,30.08,3,316311.57,5.66,0,33,1.0,0.0,0
651,30.9,3,339719.18,16.83,32,82,0.0,0.0,0
652,58.28,2,277752.76,1.58,34,41,0.0,0.0,0
653,34.71,1,88607.43,3.77,6,23,0.0,0.0,1
654,7.2,2,235947.19,0.12,39,0,0.0,0.0,0
655,15.94,2,269677.70999999996,13.66,0,11,0.0,0.0,0
656,21.76,2,215581.21000000002,10.56,15,69,1.0,4.0,0
657,15.06,3,411841.36,9.94,41,0,0.0,0.0,0
658,50.95,2,283673.36,6.050000000000001,49,47,1.0,3.0,0
659,40.96,2,237993.79,4.45,6,0,0.0,0.0,0
660,6.41,2,204556.34,6.2,8,60,0.0,0.0,1
661,39.32,3,323706.41,5.72,18,53,0.0,0.0,0
662,9.04,3,375193.95,10.17,27,30,0.0,0.0,0
663,51.08,1,130902.47,0.0,48,30,0.0,0.0,0
664,44.48,3,537075.52,8.379999999999999,14,83,2.0,2.5,0
665,20.51,3,395234.33,0.99,0,56,0.0,0.0,0
666,60.75,2,286207.69,3.72,0,12,0.0,0.0,0
667,36.32,1,59497.34,0.0,26,5,2.0,3.0,0
668,43.43,1,87146.57,0.0,0,0,0.0,0.0,0
669,49.7,1,120488.72,7.82,0,31,0.0,0.0,0
670,50.49,2,236399.07,4.11,2,47,2.0,0.0,0
671,63.94,3,415314.0,0.0,3,9,0.0,0.0,0
672,2.43,2,268473.23,9.26,6,0,1.0,0.0,0
673,2.76,2,293605.76,0.0,0,30,0.0,0.0,0
674,21.33,2,286132.48,12.68,83,50,1.0,3.0,0
675,33.69,1,64094.55,0.0,0,7,0.0,0.0,1
676,44.64,1,87627.49,6.51,0,0,1.0,0.0,0
677,2.89,3,346798.83999999997,16.490000000000002,86,48,0.0,0.0,0
678,62.33,3,337760.66000000003,0.0,40,4,0.0,0.0,0
679,2.3,3,300440.57,0.12,72,27,2.0,0.0,0
680,61.01,3,464850.58,8.54,45,101,2.0,1.5,0
681,12.62,2,332028.54000000004,2.92,7,69,1.0,0.0,0
682,3.55,1,97891.83,9.35,0,0,1.0,0.0,0
683,48.03,1,157512.06,0.0,23,20,1.0,1.0,0
684,31.39,1,138896.85,4.19,0,5,1.0,1.0,0
685,11.14,3,436956.20999999996,1.4,38,37,0.0,0.0,0
686,12.23,1,148390.77,0.0,35,0,2.0,2.5,0
687,9.93,1,130735.78,0.0,10,0,0.0,0.0,0
688,43.66,1,135709.0,4.32,0,0,2.0,0.5,0
689,62.75,2,268124.15,1.8,0,0,1.0,0.0,0
690,42.11,1,73356.05,0.0,0,0,2.0,0.0,0
691,32.64,3,351664.52,6.8100000000000005,57,44,0.0,0.0,0
692,38.03,2,195959.97999999998,9.65,0,46,1.0,0.0,0
693,48.65,1,90665.06,8.37,7,10,0.0,0.0,0
694,51.08,2,231682.41,8.709999999999999,45,0,0.0,0.0,0
695,40.43,3,370196.6,8.04,48,5,0.0,0.0,0
696,15.19,3,438713.51,16.490000000000002,25,29,0.0,0.0,1
697,34.58,1,117045.54,7.84,0,0,2.0,2.5,0
698,55.49,1,123329.1,0.0,30,0,0.0,0.0,1
699,56.15,3,503126.54000000004,11.610000000000001,32,73,2.0,4.0,0
700,35.08,2,257996.01,1.79,0,14,0.0,0.0,0
701,42.04,3,396868.5,0.68,68,23,0.0,0.0,0
702,20.18,3,357196.21,9.49,67,26,0.0,0.0,0
703,43.26,2,251483.71,11.66,12,0,0.0,0.0,0
704,50.85,3,405229.23,0.0,57,32,0.0,0.0,0
705,8.51,1,91699.59,0.0,0,3,1.0,2.0,0
706,30.31,1,168814.99,2.29,0,35,1.0,1.0,0
707,59.73,1,154505.72,3.03,0,16,1.0,5.0,0
708,34.06,2,113647.56,3.35,43,3,2.0,2.0,0
709,57.76,1,97056.22,0.0,9,38,2.0,0.5,0
710,5.65,2,314809.66000000003,0.0,66,94,0.0,0.0,0
711,9.57,1,62149.76,0.0,0,33,0.0,0.0,0
712,21.27,3,368889.3,0.23,34,102,0.0,0.0,1
713,4.8,3,428421.07999999996,8.26,23,10,1.0,0.0,0
714,36.75,1,112836.26,1.4,0,11,2.0,1.5,0
715,63.48,1,178106.1,0.0,18,0,1.0,1.0,0
716,56.9,2,330554.96,10.99,0,0,0.0,0.0,0
717,33.99,1,126487.1,7.13,20,32,2.0,0.0,0
718,30.7,1,122187.75,1.15,0,0,0.0,0.0,0
719,26.82,1,78874.71,0.0,0,0,0.0,0.0,0
720,21.56,2,320416.03,8.2,31,25,0.0,0.0,0
721,46.06,3,452947.9,16.05,50,67,1.0,5.0,1
722,19.95,3,373904.16000000003,1.44,0,26,0.0,0.0,0
723,0.33,1,139984.36,0.0,0,47,0.0,0.0,0
724,26.53,1,133709.08,0.0,0,0,0.0,0.0,0
725,23.8,1,107367.26,0.0,22,11,1.0,0.0,0
726,12.23,2,335007.32,1.15,34,0,0.0,0.0,0
727,41.85,3,375215.93,8.26,36,70,1.0,1.0,0
728,16.04,3,372206.8,0.0,44,67,0.0,0.0,0
729,62.33,2,239862.85,6.88,70,4,1.0,0.0,0
730,19.49,3,438632.52,1.22,30,67,0.0,0.0,0
731,56.97,3,163117.27,0.0,33,49,1.0,0.0,0
732,49.01,3,314791.07999999996,6.51,32,41,0.0,0.0,0
733,57.23,1,77333.91,4.34,30,0,0.0,0.0,0
734,12.33,2,362088.81,11.61,16,0,0.0,0.0,0
735,37.05,2,322939.92000000004,0.0,40,12,2.0,5.0,0
736,10.45,3,220551.3,0.0,7,0,2.0,2.0,0
737,49.08,1,101392.46,0.0,4,0,1.0,0.0,0
738,50.95,2,340306.13,0.0,44,18,1.0,0.0,0
739,58.28,2,260115.91999999998,3.44,0,0,0.0,0.0,0
740,60.75,3,380870.93999999994,6.17,43,25,2.0,1.5,0
741,61.67,3,474583.76,6.38,52,87,2.0,0.0,0
742,2.79,2,286098.8,0.0,11,0,0.0,0.0,0
743,63.74,3,344358.07,3.17,23,38,0.0,0.0,0
744,34.91,3,520750.43000000005,14.47,73,89,2.0,2.5,1
745,37.38,3,425649.83999999997,9.53,39,29,0.0,0.0,0
746,60.75,2,159538.12,0.0,29,48,0.0,0.0,0
747,38.79,2,246483.17,7.73,22,73,2.0,1.5,0
748,50.13,2,159567.34999999998,1.16,0,17,1.0,0.0,0
749,3.75,1,75105.0,0.0,0,0,2.0,4.0,0
750,10.03,3,257742.24,2.17,51,86,0.0,0.0,0
751,1.35,2,286097.75,4.470000000000001,34,49,2.0,0.5,0
752,24.06,3,284223.53,15.77,31,28,0.0,0.0,0
753,48.98,1,134085.61,8.44,0,26,2.0,2.0,0
754,60.52,2,293611.67000000004,0.0,0,0,2.0,0.0,0
755,62.2,3,418699.02,0.0,0,34,2.0,2.0,0
756,36.26,3,307213.69,2.6,97,41,0.0,0.0,1
757,8.68,1,159014.87,0.0,34,47,2.0,2.0,0
758,33.33,2,292123.41000000003,4.94,34,42,0.0,0.0,0
759,28.67,3,378444.58999999997,11.33,57,48,0.0,0.0,1
760,37.57,1,101315.11,0.0,27,0,2.0,2.5,0
761,16.14,3,428478.91000000003,0.0,56,0,1.0,2.0,0
762,20.48,2,211579.49,2.28,10,0,0.0,0.0,0
763,26.82,2,278310.23,8.79,0,42,0.0,0.0,0
764,48.52,3,377920.35,11.71,60,82,2.0,1.5,0
765,56.84,3,279089.13,10.260000000000002,62,73,0.0,0.0,1
766,3.85,3,382312.21,5.93,0,75,0.0,0.0,1
767,35.86,1,81311.57,0.0,33,27,0.0,0.0,0
768,12.43,1,144022.2,0.84,24,0,0.0,0.0,0
769,27.45,2,217354.87,12.700000000000001,0,50,2.0,4.0,1
770,54.5,3,427760.07,24.91,17,0,0.0,0.0,0
771,41.39,1,78052.45,7.46,0,0,1.0,0.0,0
772,25.41,2,273958.13,9.19,10,0,2.0,0.0,1
773,58.74,1,79612.17,0.49,0,0,0.0,0.0,1
774,22.22,3,402370.81,13.46,0,0,0.0,0.0,1
775,21.5,1,67872.67,1.74,2,3,1.0,3.0,0
776,36.72,2,292473.5,0.0,19,0,1.0,0.0,0
777,54.96,3,245744.78999999998,0.0,28,81,0.0,0.0,0
778,12.66,2,181075.41,0.0,48,95,2.0,0.5,0
779,54.34,1,107372.87,0.14,0,0,1.0,4.0,0
780,28.63,3,354617.54,10.110000000000001,0,9,1.0,1.0,0
781,20.35,1,144172.68,8.3,12,14,2.0,2.0,0
782,9.53,2,277146.7,0.0,24,10,0.0,0.0,1
783,63.71,2,216229.38,0.0,0,18,0.0,0.0,0
784,2.1,1,75338.84,0.0,45,47,1.0,0.0,0
785,25.28,2,273911.61,2.91,24,13,0.0,0.0,0
786,9.7,1,163744.47,2.96,0,9,1.0,0.0,0
787,55.92,3,277401.76,0.0,63,0,0.0,0.0,0
788,42.97,1,54809.24,9.47,0,0,0.0,0.0,1
789,9.57,3,319839.97000000003,6.54,22,0,0.0,0.0,0
790,62.26,3,435276.43000000005,7.05,1,24,0.0,0.0,0
791,44.08,3,343535.9,9.969999999999999,11,21,2.0,0.5,0
792,56.74,3,299369.11,9.33,61,65,2.0,2.0,0
793,40.89,2,317619.76,4.74,0,89,2.0,2.5,0
794,33.99,3,514975.52999999997,14.98,65,19,1.0,1.0,0
795,45.36,1,51638.06,7.79,6,8,0.0,0.0,0
796,11.57,1,115050.8,0.0,0,0,0.0,0.0,0
797,11.93,1,191406.86,1.2,0,3,0.0,0.0,0
798,20.41,2,367911.54000000004,8.68,15,23,2.0,0.0,0
799,51.94,2,280157.82999999996,7.77,33,42,0.0,0.0,0
800,50.99,2,349938.23,0.0,32,67,2.0,0.0,0
801,61.6,2,339321.24,1.85,0,0,2.0,4.5,1
802,7.46,2,267465.35,7.31,22,90,1.0,0.0,0
803,38.36,2,270768.49,14.61,4,29,1.0,2.0,0
804,7.69,2,361122.6,9.84,5,8,0.0,0.0,0
805,13.97,3,476130.12,14.36,38,0,1.0,0.0,0
806,20.78,3,293279.93999999994,10.67,46,0,1.0,3.0,0
807,31.13,1,160533.76,9.87,34,0,0.0,0.0,0
808,39.84,3,356361.41000000003,9.64,66,0,2.0,0.0,0
809,0.56,3,391837.84,1.35,84,38,0.0,0.0,0
810,64.3,2,283007.76,8.79,41,44,0.0,0.0,0
811,19.1,1,122327.29,0.0,0,0,0.0,0.0,0
812,27.78,2,277482.51,0.0,0,75,0.0,0.0,0
813,14.73,2,258474.8,9.86,0,62,2.0,0.5,0
814,47.44,2,321030.02,10.19,0,21,0.0,0.0,0
815,23.44,3,556993.37,14.46,0,59,0.0,0.0,0
816,40.4,2,373049.08999999997,5.55,5,8,1.0,0.0,0
817,14.23,3,452282.19999999995,2.4,81,54,1.0,0.0,0
818,29.55,2,348453.25,4.6,0,0,2.0,0.0,0
819,0.3,3,392446.08999999997,9.4,24,47,0.0,0.0,0
820,36.0,3,338459.23,8.68,8,52,0.0,0.0,0
821,2.89,2,200259.88,4.75,0,7,1.0,4.0,0
822,1.94,3,308566.39,3.41,29,76,2.0,1.5,0
823,17.09,2,152348.78999999998,7.85,49,38,0.0,0.0,0
824,1.05,3,358834.37,10.05,33,84,0.0,0.0,0
825,14.2,2,235239.63,11.36,36,0,1.0,1.0,1
826,32.87,1,188199.92,8.85,0,0,0.0,0.0,1
827,29.72,2,373802.94,9.98,19,0,2.0,1.0,0
828,30.05,1,115253.16,1.99,26,31,0.0,0.0,0
829,6.38,1,186291.33,4.26,0,0,0.0,0.0,0
830,41.09,1,97006.02,2.69,35,10,1.0,3.0,0
831,7.79,1,165724.9,0.0,7,0,2.0,0.0,0
832,4.27,1,193488.87,0.0,0,0,2.0,1.5,0
833,52.99,2,219238.16999999998,3.9,34,20,1.0,1.0,0
834,1.28,3,282267.9,15.48,30,75,0.0,0.0,0
835,55.56,1,61938.16,0.87,49,42,2.0,3.5,0
836,49.28,1,177188.47,5.06,0,14,0.0,0.0,0
837,22.45,2,221321.05,1.29,0,0,1.0,3.0,0
838,27.58,1,115775.37,0.0,0,16,1.0,0.0,0
839,15.75,1,186201.12,5.72,15,0,0.0,0.0,0
840,14.37,2,262356.75,9.64,0,49,0.0,0.0,0
841,47.83,2,225726.53999999998,8.73,0,42,0.0,0.0,0
842,58.28,1,131445.21,0.0,10,0,2.0,2.5,0
843,39.15,2,243247.77,0.0,0,23,0.0,0.0,0
844,59.01,3,475537.64,10.02,22,27,0.0,0.0,0
845,13.77,2,279222.58,5.84,35,60,1.0,5.0,1
846,25.18,2,337890.61,0.0,19,22,2.0,2.5,0
847,25.15,3,569485.21,18.81,0,13,0.0,0.0,0
848,44.81,3,404034.66000000003,9.94,0,30,0.0,0.0,0
849,10.75,1,119128.32,0.0,0,0,0.0,0.0,0
850,16.57,3,415829.18000000005,5.33,67,41,1.0,5.0,0
851,13.91,3,412142.06,1.6,112,85,2.0,1.5,0
852,24.98,1,162738.82,7.04,5,18,0.0,0.0,0
853,23.44,3,190869.44,6.06,82,34,2.0,3.5,0
854,8.97,1,166105.01,0.0,0,36,0.0,0.0,0
855,25.9,1,72144.55,0.0,36,0,0.0,0.0,0
856,22.26,3,407339.34,1.92,13,3,2.0,0.0,1
857,38.17,1,63363.65,0.0,0,15,1.0,5.0,0
858,60.85,2,258821.78,9.87,2,46,0.0,0.0,0
859,14.89,2,336772.78,0.0,70,18,1.0,0.0,0
860,22.98,2,334343.15,7.87,41,6,0.0,0.0,0
861,20.87,2,147537.83,0.0,42,46,1.0,0.0,0
862,27.25,3,310290.76,15.93,56,25,0.0,0.0,0
863,24.19,3,270383.9,4.42,79,46,0.0,0.0,0
864,7.76,3,388827.78,8.67,38,44,1.0,3.0,0
865,51.64,2,329619.20999999996,9.94,52,7,2.0,0.5,0
866,63.02,1,65380.58,6.93,0,46,0.0,0.0,0
867,0.23,2,225544.24,12.379999999999999,15,0,0.0,0.0,1
868,37.34,1,73759.67,4.3,0,41,1.0,0.0,0
869,55.82,2,149349.95,0.97,9,64,2.0,2.5,0
870,41.75,3,503364.64,7.29,47,41,0.0,0.0,0
871,0.76,3,379053.77,4.7,37,45,0.0,0.0,0
872,43.62,3,394834.38,4.72,33,57,2.0,0.0,0
873,17.13,2,234788.05000000002,0.0,37,3,2.0,2.0,1
874,47.96,3,441821.83,3.34,7,17,0.0,0.0,0
875,12.82,1,62050.19,0.0,19,0,0.0,0.0,0
876,59.93,2,267200.05,5.39,45,47,2.0,2.0,0
877,11.28,3,355155.41,1.28,53,65,0.0,0.0,0
878,42.04,3,301102.58,1.91,27,80,0.0,0.0,0
879,17.29,1,149147.02,6.39,26,49,1.0,0.0,0
880,32.45,1,130257.7,0.0,30,0,0.0,0.0,0
881,48.55,2,271964.87,6.07,25,46,0.0,0.0,1
882,15.32,1,52363.14,0.0,39,41,0.0,0.0,0
883,55.03,3,393888.62,3.8,36,37,1.0,0.0,0
884,42.87,1,139821.38,0.0,17,45,0.0,0.0,0
885,19.2,3,231476.13,16.84,0,24,2.0,0.0,1
886,49.57,2,179326.97,8.82,0,26,2.0,4.0,1
887,5.62,1,62811.41,9.33,0,22,2.0,1.5,0
888,2.66,3,366060.22000000003,0.19,92,32,0.0,0.0,0
889,23.93,1,53993.78,0.0,9,49,0.0,0.0,0
890,16.4,3,485088.81,12.719999999999999,0,18,0.0,0.0,0
891,6.28,3,446482.9,3.1100000000000003,22,13,2.0,0.5,1
892,30.47,3,257161.03,6.18,87,0,1.0,0.0,0
893,21.27,3,473257.04000000004,5.3,6,39,0.0,0.0,0
894,59.93,3,333161.29,9.559999999999999,23,28,2.0,2.0,0
895,5.62,1,55663.55,0.0,24,8,1.0,5.0,1
896,38.46,1,115732.53,0.0,43,28,0.0,0.0,0
897,10.95,1,187861.8,0.0,9,0,0.0,0.0,0
898,36.06,1,84358.32,0.0,0,2,0.0,0.0,0
899,59.14,1,55815.8,4.7,15,36,1.0,2.0,0
900,12.39,1,176269.88,0.0,3,0,0.0,0.0,0
901,31.0,3,486585.3,2.48,39,47,0.0,0.0,0
902,39.71,3,478626.18,8.21,0,25,2.0,1.0,1
903,10.36,1,53395.53,0.0,25,0,2.0,2.5,1
904,15.88,1,80014.65,4.74,0,27,2.0,2.0,0
905,19.86,1,67734.47,0.0,15,24,0.0,0.0,0
906,8.94,1,119293.85,0.0,0,3,0.0,0.0,0
907,5.16,3,368363.64999999997,9.5,54,19,0.0,0.0,0
908,54.7,1,190386.47,0.0,0,18,1.0,0.0,0
909,46.88,2,223085.94,0.0,57,10,0.0,0.0,0
910,33.63,3,452204.95999999996,10.99,34,51,2.0,0.0,0
911,22.45,3,335183.4,4.86,47,12,0.0,0.0,0
912,60.88,1,109536.54,0.64,42,0,0.0,0.0,0
913,44.54,1,113755.36,3.26,11,34,0.0,0.0,1
914,39.25,3,378877.01,10.33,23,11,2.0,2.0,0
915,64.0,1,94346.16,0.0,0,17,0.0,0.0,0
916,10.22,2,326417.57999999996,5.57,0,12,0.0,0.0,0
917,64.04,3,337989.22000000003,0.06,12,42,2.0,1.0,0
918,23.87,3,396123.0,0.0,32,0,0.0,0.0,0
919,26.1,3,349761.19999999995,8.97,32,42,0.0,0.0,0
920,36.46,1,105948.84,0.0,26,27,2.0,2.0,0
921,16.07,3,287388.87,0.0,0,0,2.0,1.0,0
922,59.83,1,93581.57,6.71,0,28,2.0,3.5,0
923,14.3,2,266100.69,1.91,63,0,2.0,2.0,0
924,38.56,1,109674.07,2.36,23,44,0.0,0.0,0
925,49.54,2,279351.27,0.0,42,82,0.0,0.0,0
926,10.45,2,281963.86,3.55,20,41,0.0,0.0,0
927,9.3,3,338052.64,8.6,60,4,0.0,0.0,0
928,2.1,1,79930.3,0.0,0,0,1.0,5.0,0
929,44.12,2,300496.36,1.85,53,44,1.0,0.0,0
930,40.73,1,70983.33,8.08,0,0,0.0,0.0,0
931,0.59,1,103789.33,2.04,0,0,0.0,0.0,0
932,50.99,1,160813.66,9.83,35,37,1.0,1.0,0
933,11.01,2,295500.54,14.66,20,8,2.0,3.0,0
934,34.42,1,100625.09,2.28,0,0,1.0,3.0,0
935,47.4,2,306384.28,6.13,32,16,1.0,0.0,0
936,16.63,2,249595.95,3.1,0,40,2.0,0.0,1
937,31.3,1,61418.03,0.0,0,24,1.0,0.0,0
938,59.93,3,239407.25,0.0,38,65,2.0,0.0,0
939,25.54,1,67514.57,0.0,11,0,2.0,1.0,0
940,3.06,3,388487.11,8.48,23,34,0.0,0.0,0
941,2.5,2,336804.41000000003,12.629999999999999,22,0,2.0,0.0,0
942,54.17,1,147305.36,0.0,0,0,2.0,0.0,0
943,46.02,2,258300.66000000003,0.0,22,4,0.0,0.0,0
944,52.79,2,153274.99,0.0,39,41,1.0,4.0,0
945,22.98,2,295123.41000000003,3.17,92,38,0.0,0.0,0
946,8.74,1,84317.23,0.0,31,7,2.0,1.5,1
947,10.98,1,153772.56,0.0,0,0,0.0,0.0,0
948,51.78,2,245223.74,2.96,38,0,0.0,0.0,0
949,58.78,3,287578.48,8.309999999999999,27,52,1.0,5.0,0
950,9.57,3,440879.43,6.38,35,53,0.0,0.0,0
951,17.23,2,251239.06,9.13,0,3,0.0,0.0,0
952,38.82,3,319990.21,0.0,46,50,1.0,5.0,0
953,54.04,3,284599.76,6.7,14,69,0.0,0.0,0
954,39.71,2,262922.71,6.78,19,28,0.0,0.0,0
955,38.49,3,522794.91000000003,13.18,0,10,1.0,4.0,0
956,62.72,2,320475.92000000004,11.5,15,31,0.0,0.0,0
957,44.38,3,381736.69,6.82,5,28,0.0,0.0,0
958,37.84,3,452578.38,6.62,12,28,0.0,0.0,0
959,43.23,3,377426.73000000004,6.66,78,59,0.0,0.0,0
960,2.47,2,279065.54,1.31,32,2,0.0,0.0,0
961,15.38,3,410306.33999999997,19.14,8,51,0.0,0.0,0
962,27.35,1,154843.22,6.44,0,33,2.0,0.0,0
963,42.83,2,358285.41000000003,7.67,61,28,2.0,2.0,0
964,60.85,2,275407.51,13.73,20,26,0.0,0.0,1
965,45.5,3,367782.8,6.74,34,31,2.0,3.0,0
966,43.92,3,418706.89,6.51,44,24,2.0,4.5,0
967,31.07,1,162110.28,4.77,0,23,0.0,0.0,0
968,16.5,2,262474.12,4.31,26,57,2.0,1.5,0
969,23.24,2,258082.83000000002,9.3,0,19,0.0,0.0,0
970,1.81,2,223471.56,10.59,39,65,0.0,0.0,0
971,0.72,1,88786.35,0.0,0,0,0.0,0.0,0
972,2.33,1,85038.37,0.0,25,0,0.0,0.0,0
973,18.87,3,361219.42,9.649999999999999,76,21,0.0,0.0,0
974,10.82,1,157254.48,1.9,36,12,2.0,0.5,1
975,30.6,2,100202.05,4.11,37,50,0.0,0.0,0
976,49.38,3,259381.82,4.53,16,23,1.0,0.0,0
977,18.54,1,157397.19,0.0,15,0,2.0,0.5,0
978,30.21,2,257804.1,0.0,0,14,0.0,0.0,0
979,16.37,1,111048.89,1.37,0,0,0.0,0.0,0
980,35.44,3,339953.12,17.939999999999998,85,48,0.0,0.0,0
981,36.65,3,333506.46,6.779999999999999,32,47,0.0,0.0,0
982,47.3,3,477170.17,0.0,15,43,0.0,0.0,0
983,11.51,1,54937.78,0.0,0,0,1.0,0.0,0
984,30.87,2,236070.40000000002,0.0,35,3,0.0,0.0,0
985,22.55,3,445440.69,8.29,9,66,2.0,0.0,0
986,55.59,2,294882.01,9.97,0,13,0.0,0.0,0
987,28.83,2,219361.85000000003,8.22,61,47,2.0,2.0,1
988,17.98,1,114316.88,1.06,12,0,0.0,0.0,0
989,29.98,1,192349.8,0.0,0,0,2.0,1.5,0
990,45.4,1,127378.65,0.0,0,0,2.0,4.0,0
991,57.92,2,185222.33000000002,5.5,7,0,2.0,2.5,0
992,37.02,2,204704.45,0.0,68,33,1.0,0.0,1
993,27.45,1,63291.61,6.03,8,0,2.0,0.0,0
994,5.65,2,178701.27,0.0,0,58,0.0,0.0,1
995,7.79,1,113746.53,4.52,0,0,1.0,4.0,0
996,18.64,3,440027.41,6.59,40,1,0.0,0.0,0
997,10.95,2,267110.53,0.11,59,28,2.0,2.5,0
998,56.34,2,165893.32,9.44,28,74,0.0,0.0,0
999,21.3,3,444591.74,7.26,23,67,2.0,1.0,0
1000,58.88,3,252539.53,0.0,39,52,0.0,0.0,0
1001,21.89,2,218381.53,8.6,40,28,1.0,5.0,0
1002,52.83,1,190074.11,6.91,0,19,0.0,0.0,0
1003,25.28,2,300858.54,5.28,0,46,2.0,1.5,0
1004,39.02,1,98516.29,0.0,10,0,0.0,0.0,1
1005,27.81,2,326982.54000000004,2.61,12,17,0.0,0.0,0
1006,35.5,1,154169.19,0.0,48,3,0.0,0.0,0
1007,9.01,1,134019.73,0.0,0,48,1.0,0.0,0
1008,47.11,2,342395.72,0.0,52,19,0.0,0.0,0
1009,16.57,2,268996.89,0.0,0,45,0.0,0.0,0
1010,14.96,3,504289.58999999997,17.03,36,20,0.0,0.0,0
1011,56.31,1,159887.79,0.0,36,14,0.0,0.0,0
1012,27.94,1,149210.2,0.42,0,41,1.0,5.0,0
1013,41.03,1,144281.58,0.0,0,13,0.0,0.0,0
1014,31.85,2,372397.42000000004,9.35,0,0,1.0,0.0,1
1015,34.12,2,287020.19,0.0,23,57,1.0,3.0,0
1016,43.62,3,305106.13,7.72,49,41,1.0,2.0,0
1017,14.6,1,179134.21,0.0,0,29,2.0,0.5,0
1018,36.46,1,132170.87,7.88,0,37,1.0,0.0,1
1019,50.23,3,385371.22000000003,1.85,73,63,1.0,0.0,0
1020,60.88,3,404516.15,11.940000000000001,7,57,2.0,0.0,0
1021,9.66,3,371858.81,10.25,36,48,1.0,0.0,0
1022,35.4,3,440132.55,9.09,49,84,1.0,3.0,0
1023,10.68,3,446758.25,0.0,61,67,2.0,0.5,1
1024,30.77,3,255210.32,3.43,62,67,0.0,0.0,0
1025,27.22,3,446300.42,8.98,24,67,1.0,0.0,1
1026,37.02,2,204666.86,0.05,18,28,0.0,0.0,0
1027,46.09,2,148074.09,9.77,73,25,0.0,0.0,1
1028,25.74,3,354857.8,9.379999999999999,0,54,2.0,3.0,0
1029,51.08,3,502064.48,4.949999999999999,3,39,0.0,0.0,0
1030,52.7,3,383799.31,6.29,0,17,1.0,0.0,0
1031,24.79,3,484823.4,0.91,0,0,0.0,0.0,0
1032,42.37,2,215378.63,1.8,27,39,0.0,0.0,0
1033,28.17,3,377909.67000000004,0.0,65,15,1.0,0.0,0
1034,46.91,3,398696.70999999996,4.43,22,0,2.0,0.0,0
1035,8.28,1,162356.16,0.0,0,35,2.0,0.0,0
1036,1.38,3,291702.08,10.84,43,17,0.0,0.0,1
1037,53.65,2,282618.53,10.67,22,0,0.0,0.0,0
1038,16.27,1,144737.49,8.22,27,0,1.0,3.0,0
1039,29.59,3,444061.30000000005,9.74,33,0,0.0,0.0,0
1040,61.41,3,331432.65,13.83,30,65,1.0,1.0,0
1041,14.69,2,300880.25,0.0,54,23,1.0,0.0,1
1042,14.6,3,338105.23,8.45,83,0,2.0,1.0,0
1043,28.7,1,181122.06,9.93,0,0,0.0,0.0,0
1044,15.45,1,95359.75,3.18,0,4,1.0,0.0,0
1045,9.8,3,515477.65,9.52,61,33,2.0,2.5,0
1046,31.53,3,402174.02999999997,0.0,55,76,0.0,0.0,0
1047,43.79,1,173777.57,0.0,0,0,0.0,0.0,0
1048,4.31,1,136430.32,0.0,26,0,2.0,0.0,1
1049,25.48,2,267383.75,2.17,15,27,1.0,0.0,0
1050,35.63,1,151940.22,0.0,48,0,2.0,4.5,0
1051,39.88,2,346308.11,3.08,44,0,0.0,0.0,0
1052,29.22,3,387693.79000000004,8.24,12,78,2.0,1.5,0
1053,27.51,2,260015.84000000003,0.03,7,33,0.0,0.0,0
1054,48.59,2,279146.54000000004,0.94,1,3,0.0,0.0,0
1055,42.93,1,157148.76,0.0,0,26,0.0,0.0,0
1056,30.54,3,367190.6,15.07,67,0,2.0,2.5,0
1057,45.76,1,81906.46,0.0,47,20,1.0,4.0,0
1058,45.13,3,259231.87,6.58,0,64,0.0,0.0,0
1059,24.49,3,205080.56999999998,8.940000000000001,62,60,2.0,0.5,0
1060,48.32,3,309462.37,17.490000000000002,37,71,0.0,0.0,0
1061,8.48,2,269190.49,1.58,39,0,0.0,0.0,0
1062,45.07,1,75607.67,0.0,0,0,1.0,5.0,0
1063,24.19,2,218628.97,1.28,50,0,0.0,0.0,0
1064,42.83,3,371045.88,6.05,0,4,0.0,0.0,0
1065,43.62,3,405971.93000000005,9.11,72,34,1.0,0.0,0
1066,54.17,3,323321.49,7.4799999999999995,0,7,1.0,0.0,0
1067,11.24,1,172448.12,9.38,0,0,2.0,2.5,0
1068,63.74,2,372249.35,3.41,27,19,0.0,0.0,0
1069,32.38,1,85333.65,1.32,0,0,2.0,0.0,0
1070,36.52,1,106680.42,0.0,0,34,0.0,0.0,0
1071,19.56,1,66281.59,9.72,0,8,0.0,0.0,0
1072,35.34,1,120572.68,0.0,0,0,0.0,0.0,1
1073,37.8,3,338547.36,1.42,66,33,2.0,0.0,0
1074,29.88,2,174125.13,8.95,48,0,0.0,0.0,0
1075,13.38,1,155868.45,0.0,43,10,1.0,0.0,0
1076,44.48,2,239845.01,5.18,22,10,2.0,0.5,0
1077,58.02,2,291832.15,12.64,65,0,0.0,0.0,1
1078,24.59,3,405801.66000000003,9.91,42,48,0.0,0.0,0
1079,5.42,1,198228.9,1.87,30,0,1.0,3.0,1
1080,0.62,3,435298.1,0.0,40,0,0.0,0.0,1
1081,56.18,3,456566.52,10.27,71,0,0.0,0.0,0
1082,31.59,1,135830.47,0.62,0,21,1.0,1.0,0
1083,0.79,3,229240.41999999998,7.32,89,24,1.0,0.0,0
1084,30.47,3,340488.71,10.05,5,58,0.0,0.0,0
1085,25.28,3,448498.37,9.780000000000001,60,15,0.0,0.0,0
1086,22.35,3,462464.73,15.7,0,31,0.0,0.0,0
1087,39.05,3,416380.55000000005,12.17,80,29,1.0,0.0,0
1088,38.49,3,455929.05,6.38,2,43,1.0,0.0,0
1089,30.44,3,417759.18,11.24,24,15,0.0,0.0,0
1090,33.79,3,370407.47,0.0,1,55,0.0,0.0,0
1091,55.59,1,117617.97,6.26,0,49,1.0,0.0,0
1092,22.19,1,169390.73,0.0,0,50,1.0,0.0,0
1093,20.68,1,59993.2,2.44,8,13,2.0,2.0,0
1094,64.1,2,333311.03,10.76,66,28,0.0,0.0,1
1095,28.5,3,273054.65,0.37,103,11,0.0,0.0,0
1096,9.4,1,125583.67,0.0,43,0,0.0,0.0,0
1097,12.75,1,166119.95,3.3,47,0,0.0,0.0,0
1098,29.59,3,335444.27,0.0,58,49,0.0,0.0,0
1099,37.15,3,404822.74,9.3,69,57,0.0,0.0,0
1100,56.71,3,485529.15,10.24,0,9,1.0,2.0,1
1101,17.59,1,95844.25,0.0,24,31,2.0,1.5,0
1102,38.99,1,121914.79,0.0,0,0,0.0,0.0,0
1103,59.43,2,239614.47,2.43,23,3,0.0,0.0,0
1104,58.88,3,304437.45,13.139999999999999,5,27,1.0,0.0,0
1105,34.55,3,399537.17000000004,3.84,27,0,2.0,1.5,0
1106,20.61,3,499978.68000000005,0.0,28,22,1.0,4.0,0
1107,47.5,3,205543.22,6.73,69,43,0.0,0.0,0
1108,63.21,2,330122.79000000004,8.85,22,77,0.0,0.0,1
1109,11.6,3,430562.85000000003,2.53,12,59,0.0,0.0,0
1110,38.07,3,406253.99,7.66,69,88,0.0,0.0,1
1111,63.77,2,201378.5,9.94,48,20,0.0,0.0,0
1112,54.73,2,287984.7,0.0,7,13,0.0,0.0,0
1113,40.83,3,361211.5,7.5,47,37,0.0,0.0,0
1114,34.09,1,96350.01,0.1,31,0,1.0,0.0,1
1115,23.18,2,210513.62,7.47,43,9,0.0,0.0,0
1116,64.27,2,191528.26,0.0,33,42,0.0,0.0,0
1117,0.79,1,134999.49,0.0,0,0,2.0,0.0,0
1118,11.87,2,352395.61,0.0,42,0,0.0,0.0,0
1119,8.48,2,228698.7,8.23,7,25,2.0,1.0,0
1120,47.34,2,323180.26,0.0,5,5,1.0,3.0,0
1121,7.69,1,91323.34,4.91,36,11,2.0,0.5,0
1122,38.86,1,83895.45,0.0,19,30,0.0,0.0,0
1123,3.85,1,124695.98,2.99,22,41,1.0,0.0,1
1124,8.02,2,179348.82,9.67,0,0,0.0,0.0,0
1125,14.56,2,289792.76,0.38,9,19,0.0,0.0,0
1126,13.81,2,178849.8,0.0,0,43,1.0,0.0,0
1127,31.07,1,79291.56,0.0,39,27,1.0,0.0,0
1128,36.13,1,170112.34,8.05,25,1,0.0,0.0,0
1129,7.17,1,54611.36,0.0,4,0,1.0,4.0,0
1130,31.59,2,210116.13,4.85,0,0,1.0,2.0,0
1131,15.48,2,229882.95,0.0,32,0,1.0,4.0,0
1132,29.03,1,126044.58,1.76,7,0,0.0,0.0,0
1133,16.4,2,241998.3,11.43,89,18,0.0,0.0,0
1134,61.28,1,90992.95,7.55,0,28,1.0,0.0,0
1135,45.04,3,434510.36,7.91,21,29,1.0,1.0,0
1136,38.89,1,96444.0,0.0,38,38,2.0,2.5,0
1137,19.33,2,325812.37,8.35,30,0,2.0,0.0,0
1138,37.21,2,271925.77,6.04,60,45,0.0,0.0,0
1139,18.8,3,300426.28,4.33,46,0,2.0,0.5,0
1140,52.3,2,188202.72,14.719999999999999,0,0,1.0,2.0,0
1141,54.93,3,374010.63,4.36,0,17,2.0,1.5,1
1142,26.46,1,145381.16,0.0,12,0,1.0,4.0,0
1143,34.29,2,332406.87,0.0,0,58,0.0,0.0,0
1144,58.25,1,95067.2,4.93,20,47,0.0,0.0,0
1145,19.0,2,236435.1,3.17,0,8,1.0,4.0,0
1146,16.04,3,415226.92,5.23,33,3,1.0,4.0,1
1147,31.03,1,189710.66,9.79,0,40,1.0,5.0,0
1148,51.94,1,192461.02,8.54,0,0,0.0,0.0,1
1149,48.55,3,477165.12,5.43,26,64,1.0,5.0,0
1150,26.43,1,183696.01,0.0,0,6,0.0,0.0,1
1151,22.45,1,156569.83,0.0,9,10,0.0,0.0,0
1152,63.48,3,486960.49,7.49,0,24,0.0,0.0,0
1153,34.09,1,60454.82,5.85,13,0,0.0,0.0,0
1154,15.88,3,391420.88,7.45,74,22,1.0,0.0,0
1155,51.55,2,275131.07,8.09,22,44,2.0,2.0,0
1156,30.24,2,288186.93,2.63,4,63,0.0,0.0,0
1157,48.55,3,406089.23,1.96,25,0,1.0,1.0,1
1158,7.76,1,141912.09,0.0,45,0,2.0,2.5,1
1159,52.86,3,483910.74,2.0,78,16,0.0,0.0,0
1160,62.92,1,157371.33,1.18,11,6,0.0,0.0,0
1161,6.9,1,122015.21,9.57,0,0,2.0,1.0,1
1162,52.96,3,336325.34,9.6,47,50,0.0,0.0,0
1163,52.3,2,282390.27,5.79,0,43,1.0,0.0,0
1164,34.68,2,328069.47,0.0,92,0,2.0,1.5,0
1165,57.63,2,237308.56,0.0,45,16,2.0,0.0,0
1166,15.81,2,193549.28,9.43,0,0,0.0,0.0,0
1167,41.81,2,246678.06,6.53,0,33,0.0,0.0,0
1168,28.21,1,121280.94,6.12,0,47,2.0,3.5,0
1169,16.27,2,169976.37,8.45,26,0,1.0,0.0,0
1170,60.32,2,313135.70999999996,0.26,0,0,0.0,0.0,1
1171,33.46,3,301710.58,0.0,9,47,0.0,0.0,0
1172,47.63,1,101992.32,0.0,46,0,0.0,0.0,0
1173,37.87,1,184784.27,9.88,0,0,0.0,0.0,0
1174,13.87,1,140075.15,0.0,31,31,0.0,0.0,0
1175,12.85,3,398385.71,14.469999999999999,0,101,1.0,0.0,0
1176,29.68,1,166876.76,1.41,0,30,2.0,2.5,0
1177,45.33,3,496278.57999999996,4.06,91,74,1.0,0.0,0
1178,49.11,3,454960.62,13.19,0,45,2.0,2.5,0
1179,43.46,3,366174.25,13.830000000000002,87,36,0.0,0.0,0
1180,7.0,1,197880.59,0.0,0,0,1.0,0.0,1
1181,39.55,2,160876.72999999998,8.91,25,37,0.0,0.0,0
1182,60.26,3,502491.18000000005,2.45,15,61,1.0,3.0,0
1183,47.37,3,234577.87,1.69,79,60,2.0,1.0,0
1184,58.68,3,411641.89,9.030000000000001,76,13,0.0,0.0,0
1185,56.61,3,363959.0,0.0,7,0,0.0,0.0,0
1186,41.39,1,72442.53,0.0,22,34,0.0,0.0,0
1187,26.86,1,164096.67,1.53,0,0,1.0,1.0,0
1188,55.82,1,182469.27,0.0,0,0,2.0,0.0,0
1189,13.41,3,334408.64,3.71,17,15,2.0,1.5,0
1190,43.49,1,109972.89,0.0,11,0,2.0,0.0,0
1191,35.93,2,306548.67000000004,7.04,20,0,2.0,0.5,0
1192,30.05,1,173915.41,0.0,31,3,0.0,0.0,1
1193,3.42,2,194821.69,1.04,31,11,2.0,0.5,0
1194,39.88,3,307992.27999999997,8.66,2,19,0.0,0.0,0
1195,12.95,3,220253.41999999998,6.85,44,43,1.0,0.0,0
1196,52.53,2,317943.44,1.36,42,49,0.0,0.0,0
1197,32.31,3,434980.89,12.98,40,47,0.0,0.0,0
1198,8.65,2,266099.48,4.41,34,0,0.0,0.0,0
1199,23.18,3,483685.12,0.37,29,40,2.0,0.0,0
1200,53.16,2,199559.21,8.46,36,6,1.0,0.0,0
1201,5.82,2,213605.51,9.27,17,0,0.0,0.0,0
1202,8.02,1,133636.3,0.0,0,44,0.0,0.0,0
1203,39.55,3,311790.27,12.510000000000002,1,66,0.0,0.0,0
1204,20.48,1,145720.01,4.55,0,0,0.0,0.0,1
1205,54.47,3,383968.27,19.89,95,30,2.0,1.0,1
1206,46.75,3,225800.26,3.58,10,21,1.0,0.0,1
1207,60.72,1,182699.52,0.0,0,0,0.0,0.0,1
1208,53.65,3,424341.73,0.0,0,66,1.0,0.0,0
1209,17.72,3,392084.23,0.0,46,5,0.0,0.0,1
1210,37.38,3,535296.9299999999,14.2,29,79,0.0,0.0,0
1211,49.44,1,75225.22,0.52,0,0,1.0,0.0,0
1212,28.27,2,303329.95,0.0,0,0,0.0,0.0,0
1213,1.12,3,424642.39,14.82,62,48,2.0,1.5,0
1214,16.54,1,138220.24,0.0,0,18,2.0,2.5,0
1215,3.25,3,480066.82,14.09,10,87,0.0,0.0,0
1216,54.44,1,185387.89,0.06,0,18,1.0,0.0,0
1217,5.59,1,70675.87,0.0,17,0,1.0,1.0,0
1218,38.63,3,335017.58,0.0,30,58,0.0,0.0,0
1219,30.83,1,71046.42,0.0,46,39,0.0,0.0,1
1220,59.24,3,419236.33999999997,0.15,25,87,1.0,0.0,0
1221,21.4,2,312310.05,8.0,31,29,0.0,0.0,0
1222,13.51,3,265845.49,9.04,6,18,0.0,0.0,0
1223,3.91,2,304890.17,0.0,0,0,0.0,0.0,0
1224,45.1,2,231248.95,0.0,29,0,1.0,0.0,0
1225,7.17,2,248355.57,6.61,21,50,2.0,2.5,1
1226,58.35,3,346934.37,3.04,20,0,0.0,0.0,0
1227,21.04,2,158519.73,0.0,14,0,1.0,0.0,0
1228,54.08,3,303138.38,17.09,18,51,0.0,0.0,0
1229,11.05,3,482807.52999999997,9.85,44,29,2.0,0.5,0
1230,23.34,1,89299.32,0.0,13,10,1.0,2.0,0
1231,58.35,1,130526.5,0.0,47,24,2.0,1.0,0
1232,7.0,2,155745.37,1.07,5,48,0.0,0.0,0
1233,14.66,1,164189.7,1.34,26,0,1.0,2.0,0
1234,13.35,1,71649.3,8.91,1,0,0.0,0.0,0
1235,51.55,2,144557.37,0.0,25,10,2.0,1.5,0
1236,44.25,3,484941.30000000005,0.87,0,45,0.0,0.0,0
1237,52.56,3,405298.37,11.559999999999999,14,28,2.0,3.5,0
1238,48.85,1,78670.06,0.0,0,0,0.0,0.0,0
1239,61.54,3,362360.94999999995,6.1000000000000005,30,43,0.0,0.0,0
1240,11.08,2,167661.5,6.7,0,0,0.0,0.0,1
1241,17.98,1,176379.0,0.0,0,0,0.0,0.0,1
1242,19.1,3,374889.36,0.0,16,85,1.0,0.0,0
1243,39.38,1,199955.73,0.0,0,0,0.0,0.0,0
1244,32.25,2,319089.18,3.87,0,12,1.0,0.0,1
1245,2.66,2,211849.99,0.0,14,21,2.0,0.5,0
1246,56.67,2,174305.53,4.76,23,63,1.0,0.0,1
1247,32.38,1,87883.07,5.32,0,0,2.0,0.0,0
1248,36.98,1,51137.19,8.45,0,5,1.0,0.0,0
1249,6.97,2,227488.86,0.0,19,36,0.0,0.0,0
1250,17.92,3,285002.01,15.79,34,0,0.0,0.0,0
1251,47.7,3,273219.78,13.08,67,12,0.0,0.0,0
1252,49.51,2,236325.63,2.57,0,16,1.0,0.0,0
1253,49.01,2,206238.48,0.0,53,45,1.0,0.0,0
1254,13.87,3,349342.91,17.63,9,0,1.0,0.0,0
1255,62.72,1,57295.02,1.11,0,0,1.0,1.0,0
1256,59.37,1,79733.56,0.0,15,0,0.0,0.0,0
1257,25.41,1,81321.31,0.0,17,42,0.0,0.0,0
1258,44.84,3,289559.58999999997,9.23,49,68,1.0,0.0,1
1259,19.13,3,440452.58999999997,2.7,33,3,2.0,3.0,0
1260,40.6,1,77134.71,0.0,0,0,1.0,0.0,0
1261,34.22,3,343484.27,14.86,38,0,2.0,2.0,0
1262,23.9,3,433222.48,14.61,49,88,0.0,0.0,0
1263,42.18,3,310758.12,7.97,43,2,2.0,0.0,0
1264,62.92,3,302163.49,11.98,30,76,0.0,0.0,0
1265,47.44,3,466025.33999999997,8.47,13,0,1.0,0.0,0
1266,2.76,1,153043.88,0.0,0,40,0.0,0.0,1
1267,2.3,2,345611.98,6.32,0,53,0.0,0.0,0
1268,4.34,2,252287.31,7.44,14,50,1.0,0.0,0
1269,31.1,2,351263.58,5.24,50,58,2.0,1.0,0
1270,13.05,2,252715.43,7.3,0,34,0.0,0.0,0
1271,60.03,1,184494.27,4.56,30,0,2.0,3.5,0
1272,56.11,3,395136.43,5.24,15,45,2.0,3.5,0
1273,9.43,3,306230.17,0.66,9,63,0.0,0.0,0
1274,6.77,3,361117.38,4.75,38,10,1.0,4.0,0
1275,53.75,1,158876.16,9.65,5,0,0.0,0.0,0
1276,23.67,3,462764.39,3.92,46,0,2.0,0.0,0
1277,26.17,1,75776.16,0.0,3,1,1.0,5.0,0
1278,39.58,3,395377.91000000003,7.48,39,93,0.0,0.0,0
1279,9.07,2,240288.42,3.96,26,31,1.0,3.0,0
1280,28.73,1,80871.56,3.52,0,0,0.0,0.0,0
1281,55.0,2,227307.55,0.16,0,13,2.0,2.5,0
1282,52.17,1,158162.68,0.25,0,27,2.0,1.5,0
1283,3.91,2,364280.07999999996,8.85,0,0,2.0,4.0,1
1284,56.34,3,439100.1,0.0,11,18,0.0,0.0,1
1285,32.35,1,171772.56,0.0,0,5,1.0,3.0,0
1286,27.48,1,94113.07,3.74,46,20,0.0,0.0,0
1287,53.98,2,198652.53,0.0,45,22,0.0,0.0,0
1288,6.87,2,270679.1,12.18,10,71,1.0,2.0,1
1289,63.02,1,102139.28,2.13,35,0,1.0,4.0,0
1290,36.23,2,340347.61,0.0,2,6,1.0,0.0,0
1291,1.64,3,497177.95,2.29,73,41,0.0,0.0,0
1292,37.18,3,343816.47,5.9399999999999995,53,59,1.0,5.0,0
1293,41.16,3,287423.71,5.17,0,0,0.0,0.0,1
1294,20.25,3,522560.88,8.56,57,14,1.0,5.0,0
1295,49.05,1,78728.79,1.01,0,0,0.0,0.0,0
1296,7.53,3,271463.16000000003,3.5,71,0,0.0,0.0,0
1297,38.92,3,280601.86,10.28,53,28,1.0,1.0,0
1298,46.75,1,115092.28,1.25,16,0,1.0,2.0,1
1299,7.17,3,390250.68,8.69,62,0,0.0,0.0,0
1300,56.94,2,202729.8,6.04,0,50,1.0,2.0,0
1301,6.77,2,235467.45,10.81,42,0,0.0,0.0,0
1302,38.46,3,311440.75999999995,13.92,58,7,2.0,2.0,0
1303,60.19,1,53782.65,6.51,0,0,1.0,5.0,0
1304,57.73,3,363395.22000000003,5.98,0,0,0.0,0.0,0
1305,40.5,3,427075.83,7.53,0,40,0.0,0.0,0
1306,18.57,3,467681.85,12.52,76,47,1.0,4.0,0
1307,18.93,3,332541.37,6.1,16,73,1.0,3.0,0
1308,51.05,1,57013.33,0.0,5,0,1.0,3.0,0
1309,56.51,3,354692.64,0.0,65,29,2.0,2.0,0
1310,39.45,1,75445.8,4.06,44,3,0.0,0.0,0
1311,2.04,3,377405.45999999996,12.129999999999999,0,47,0.0,0.0,0
1312,36.26,2,276033.13,3.52,0,0,2.0,0.5,0
1313,61.9,2,215475.28999999998,0.0,0,0,0.0,0.0,0
1314,6.28,3,449994.28,9.39,9,34,1.0,0.0,0
1315,50.2,3,453865.45,14.870000000000001,70,27,2.0,1.0,0
1316,37.77,3,306395.85,0.0,36,0,0.0,0.0,0
1317,59.27,3,509549.86,12.46,57,0,1.0,0.0,0
1318,58.28,1,81419.33,7.44,0,7,1.0,1.0,0
1319,29.29,2,351703.08,0.0,0,49,1.0,4.0,0
1320,4.44,1,183008.71,0.0,0,45,2.0,2.0,0
1321,23.67,1,110332.26,0.0,16,0,2.0,2.5,0
1322,0.2,2,174504.07,0.0,0,40,2.0,2.0,1
1323,58.48,1,138986.37,0.0,16,6,1.0,4.0,0
1324,52.07,2,173345.59999999998,0.0,19,5,2.0,1.5,1
1325,4.37,3,324583.48,11.040000000000001,78,81,1.0,5.0,0
1326,48.82,2,294877.77,7.14,20,0,2.0,1.0,0
1327,27.02,1,101024.94,5.4,0,16,2.0,0.0,1
1328,52.86,2,282333.17000000004,9.74,44,87,0.0,0.0,0
1329,6.08,3,268717.36,11.59,4,3,0.0,0.0,0
1330,30.14,2,308338.69,1.92,97,47,0.0,0.0,0
1331,42.54,1,183942.88,0.0,40,24,0.0,0.0,0
1332,2.99,3,285128.77,16.69,32,82,0.0,0.0,0
1333,63.84,3,415459.26,6.49,62,48,0.0,0.0,0
1334,31.13,1,179087.88,7.39,46,0,2.0,0.0,0
1335,45.23,3,481416.22000000003,0.0,39,36,2.0,2.0,1
1336,50.72,1,144737.62,0.0,12,6,0.0,0.0,1
1337,34.39,3,462803.7,10.620000000000001,97,47,2.0,0.5,1
1338,9.6,2,176272.32,0.0,34,5,2.0,0.0,0
1339,58.48,1,79743.33,0.0,46,7,1.0,5.0,0
1340,27.45,2,231873.40000000002,2.23,0,40,1.0,0.0,0
1341,0.49,3,334518.29,5.13,14,27,2.0,2.0,0
1342,11.77,2,245124.05,0.0,25,26,2.0,1.5,1
1343,63.18,3,288094.92,6.1,66,45,0.0,0.0,0
1344,15.61,2,140656.31,8.99,36,36,1.0,4.0,0
1345,6.97,2,364829.68999999994,3.64,53,13,0.0,0.0,0
1346,59.07,1,116152.29,0.0,0,40,1.0,5.0,0
1347,19.53,1,125762.15,0.0,40,36,2.0,0.5,1
1348,30.67,1,149415.56,0.0,5,0,0.0,0.0,0
1349,1.38,1,163599.48,4.09,0,0,1.0,0.0,0
1350,13.87,2,160811.34000000003,0.0,40,46,0.0,0.0,0
1351,51.71,1,102180.02,3.72,0,44,0.0,0.0,0
1352,49.15,3,379832.0,9.129999999999999,24,96,2.0,0.0,0
1353,27.74,2,357756.8,0.0,46,23,1.0,0.0,0
1354,6.97,3,375520.56,0.65,31,0,1.0,5.0,0
1355,3.75,3,443998.66000000003,2.41,32,31,0.0,0.0,0
1356,48.82,1,74838.84,0.43,16,0,0.0,0.0,1
1357,2.89,1,66333.32,0.86,0,0,0.0,0.0,0
1358,8.19,1,158543.13,2.2,18,39,2.0,0.0,0
1359,48.59,1,173200.65,1.48,6,11,2.0,0.0,0
1360,48.72,1,128302.8,3.06,34,0,0.0,0.0,0
1361,61.24,2,340031.28,6.31,52,0,0.0,0.0,0
1362,7.76,2,331503.69,9.51,10,32,0.0,0.0,1
1363,6.48,3,368442.33999999997,0.0,47,28,1.0,2.0,0
1364,22.55,1,107755.65,0.0,37,31,1.0,0.0,1
1365,56.44,2,120786.02,2.65,0,4,0.0,0.0,0
1366,43.29,1,110465.27,1.24,22,0,1.0,1.0,0
1367,62.39,1,54234.01,6.97,41,0,0.0,0.0,0
1368,13.58,1,127620.48,1.64,49,0,1.0,0.0,0
1369,37.08,1,70598.61,0.0,2,0,0.0,0.0,0
1370,23.18,3,378749.83,20.66,44,48,1.0,0.0,0
1371,57.73,1,182084.77,0.0,10,4,0.0,0.0,0
1372,31.33,3,529785.83,8.77,48,29,0.0,0.0,0
1373,29.16,1,91313.65,4.54,0,0,0.0,0.0,0
1374,42.97,1,118613.91,0.0,0,47,1.0,0.0,0
1375,26.63,3,396879.36,10.23,16,57,2.0,3.5,0
1376,31.36,1,146243.34,0.0,17,0,1.0,2.0,0
1377,1.78,2,227801.91,8.75,5,50,0.0,0.0,0
1378,60.72,1,142865.22,0.0,0,0,1.0,2.0,1
1379,33.53,3,397250.41000000003,2.0,44,16,2.0,2.0,0
1380,9.66,1,111615.59,0.0,30,0,2.0,0.5,0
1381,33.86,2,308946.24,6.98,9,0,0.0,0.0,1
1382,53.88,1,150821.45,0.0,0,25,0.0,0.0,0
1383,49.77,1,107869.74,3.52,0,36,0.0,0.0,0
1384,46.09,1,103775.01,7.67,0,24,2.0,2.0,0
1385,25.05,3,287054.61,8.52,0,51,2.0,2.0,0
1386,52.14,2,247974.81,8.51,26,2,0.0,0.0,1
1387,30.93,1,189833.84,9.45,0,0,0.0,0.0,0
1388,30.74,3,513077.13,4.529999999999999,20,50,0.0,0.0,0
1389,18.44,2,127555.94,4.25,21,24,0.0,0.0,0
1390,22.12,3,209786.98,9.66,58,12,2.0,2.0,0
1391,50.16,3,301013.42,11.24,5,73,0.0,0.0,0
1392,17.95,2,261082.47000000003,9.7,35,0,0.0,0.0,0
1393,18.67,1,172261.5,7.75,15,0,0.0,0.0,1
1394,22.42,2,287000.14,0.0,0,0,1.0,5.0,0
1395,42.54,2,328760.45,0.0,81,0,0.0,0.0,0
1396,62.82,3,526096.51,9.49,31,0,2.0,0.0,0
1397,22.02,3,336519.71,13.49,20,23,1.0,0.0,0
1398,4.96,2,244789.1,7.39,0,40,0.0,0.0,0
1399,35.67,2,296661.87,9.89,0,14,1.0,5.0,0
1400,49.8,1,157447.51,0.0,4,0,0.0,0.0,0
1401,45.27,2,241510.74,0.0,47,0,0.0,0.0,0
1402,6.11,2,320905.02,1.16,9,29,2.0,2.0,0
1403,29.52,1,182533.08,3.59,0,0,2.0,2.5,0
1404,54.4,2,177184.82,6.58,15,0,0.0,0.0,0
1405,55.79,3,280346.67,17.259999999999998,17,42,0.0,0.0,1
1406,8.19,3,296664.14,19.740000000000002,32,17,2.0,2.0,0
1407,26.46,2,368738.07999999996,0.92,13,36,0.0,0.0,0
1408,16.24,1,160844.24,4.15,0,0,1.0,5.0,0
1409,28.17,2,165253.32,3.67,56,14,0.0,0.0,0
1410,52.86,1,93142.04,0.0,0,37,2.0,1.0,0
1411,35.83,2,225273.74,1.54,0,23,0.0,0.0,0
1412,23.96,3,315018.14,5.84,47,21,2.0,3.0,1
1413,28.6,3,390450.55000000005,7.29,31,71,0.0,0.0,1
1414,38.17,3,550103.32,0.0,4,43,0.0,0.0,0
1415,60.26,3,295275.06,10.66,6,48,1.0,0.0,0
1416,30.24,3,363209.25,8.61,79,0,1.0,0.0,0
1417,46.29,1,88908.38,0.0,0,8,0.0,0.0,0
1418,23.93,1,103229.83,9.3,0,22,0.0,0.0,0
1419,39.81,3,442400.06,4.03,20,31,1.0,1.0,0
1420,57.1,2,333528.08999999997,7.17,37,65,1.0,3.0,0
1421,28.04,1,125866.3,6.64,41,0,0.0,0.0,0
1422,57.33,2,309739.78,6.65,24,50,2.0,0.0,1
1423,5.69,3,513977.27,7.9,25,14,0.0,0.0,0
1424,42.5,2,258117.61,8.19,3,10,0.0,0.0,0
1425,61.93,2,337727.0,4.12,20,0,0.0,0.0,0
1426,1.38,1,131584.8,0.0,0,24,1.0,0.0,0
1427,15.65,3,428328.88,9.48,67,65,1.0,3.0,0
1428,23.08,3,413014.35,0.0,5,4,0.0,0.0,0
1429,51.15,1,112815.88,0.0,0,0,1.0,5.0,0
1430,31.59,1,98553.66,0.0,0,43,2.0,3.5,0
1431,49.51,3,401396.88,0.0,4,56,1.0,3.0,0
1432,29.95,3,307373.46,11.5,77,26,1.0,0.0,0
1433,3.78,3,372955.91000000003,7.11,9,55,0.0,0.0,0
1434,52.24,3,387120.48,0.0,24,64,2.0,1.5,0
1435,30.83,1,189164.43,0.0,11,0,0.0,0.0,0
1436,22.98,3,465450.25,2.94,9,41,1.0,1.0,0
1437,36.29,1,178549.58,6.43,0,26,0.0,0.0,0
1438,26.96,2,156591.71,9.3,40,29,0.0,0.0,0
1439,58.15,3,517179.15,11.389999999999999,88,21,2.0,2.0,0
1440,34.62,1,169949.38,0.0,44,9,0.0,0.0,0
1441,37.71,3,472717.27,0.0,22,9,1.0,1.0,0
1442,26.13,3,473514.54000000004,3.29,68,17,1.0,4.0,0
1443,45.66,3,174361.87,20.0,23,110,2.0,0.0,0
1444,55.39,1,73611.43,0.0,45,10,0.0,0.0,0
1445,33.63,1,150322.63,4.94,19,42,0.0,0.0,0
1446,41.09,1,77186.82,7.53,0,19,1.0,0.0,0
1447,10.16,3,265837.35,5.819999999999999,11,26,1.0,0.0,0
1448,19.72,1,84303.51,0.0,0,0,0.0,0.0,0
1449,64.0,2,149057.39,0.91,0,47,2.0,5.0,0
1450,64.53,2,224820.65000000002,0.0,26,0,1.0,2.0,0
1451,7.33,2,245646.65000000002,7.51,56,0,2.0,1.0,0
1452,33.69,3,287037.48,3.27,79,71,0.0,0.0,0
1453,36.72,2,312741.61,5.61,31,45,2.0,0.0,0
1454,19.33,1,99942.1,0.0,0,0,2.0,2.5,0
1455,38.82,3,382188.93,4.49,72,69,0.0,0.0,0
1456,55.85,1,132727.86,0.0,20,20,0.0,0.0,0
1457,40.04,3,207888.41,6.2700000000000005,85,0,0.0,0.0,0
1458,1.02,3,420675.45999999996,0.85,77,46,0.0,0.0,0
1459,29.06,2,226856.12,7.79,0,0,0.0,0.0,0
1460,42.77,1,140000.13,1.41,22,0,2.0,0.0,0
1461,49.57,3,475655.53,17.47,115,68,2.0,0.0,0
1462,62.79,1,196925.75,0.0,21,41,1.0,0.0,1
1463,43.75,3,431975.85000000003,0.55,11,48,0.0,0.0,0
1464,27.19,3,286691.94999999995,10.27,52,33,1.0,0.0,0
1465,4.47,1,81601.31,8.25,27,0,0.0,0.0,0
1466,38.56,3,459967.2,2.32,62,52,0.0,0.0,0
1467,9.34,3,462120.24,0.0,7,0,0.0,0.0,0
1468,9.66,2,148973.03,1.9,0,9,0.0,0.0,0
1469,52.99,3,388386.56,0.0,0,23,2.0,0.0,0
1470,56.71,3,280452.44,2.7,15,54,0.0,0.0,1
1471,49.97,3,373289.94999999995,7.85,2,2,1.0,0.0,0
1472,2.96,2,268428.3,6.04,0,48,0.0,0.0,0
1473,7.17,2,302437.24,0.0,0,66,0.0,0.0,0
1474,32.12,2,268137.32,11.79,42,7,1.0,0.0,0
1475,0.95,1,143620.56,1.16,0,0,2.0,2.0,1
1476,63.08,3,186177.99,7.86,31,0,2.0,0.0,0
1477,22.06,2,276348.82,3.4899999999999998,35,53,0.0,0.0,0
1478,63.87,1,112551.17,4.19,12,0,2.0,1.5,0
1479,21.07,3,321540.18,3.15,38,0,1.0,2.0,0
1480,10.95,2,275967.62,6.66,0,34,0.0,0.0,0
1481,1.68,1,190207.82,0.0,0,0,0.0,0.0,0
1482,2.24,1,68081.74,0.0,0,49,2.0,0.0,0
1483,46.81,3,433461.42,16.21,50,42,0.0,0.0,0
1484,30.54,2,247848.66999999998,9.49,14,29,0.0,0.0,0
1485,32.81,3,385487.80000000005,1.41,75,111,0.0,0.0,0
1486,2.89,2,339013.35,3.06,48,0,1.0,5.0,0
1487,58.28,2,281576.54,0.0,0,22,0.0,0.0,0
1488,3.78,3,305070.69999999995,0.0,114,50,0.0,0.0,0
1489,4.14,3,265539.29,6.6899999999999995,42,42,2.0,2.0,0
1490,45.83,1,70875.05,8.1,24,0,0.0,0.0,0
1491,20.74,1,177704.97,7.69,0,0,0.0,0.0,0
1492,3.32,1,155881.83,1.1,0,17,0.0,0.0,0
1493,35.37,1,100354.5,0.0,6,0,2.0,0.5,1
1494,44.18,2,256741.15000000002,0.0,0,0,2.0,1.0,0
1495,39.81,1,196048.75,0.0,0,0,1.0,4.0,1
1496,50.66,3,198716.55,12.719999999999999,21,37,2.0,0.0,0
1497,12.89,1,169999.17,4.55,0,0,1.0,0.0,0
1498,11.6,2,189838.26,6.03,39,49,2.0,0.0,0
1499,58.15,3,339180.42000000004,0.0,28,13,0.0,0.0,0
1500,33.76,3,401335.16000000003,14.48,0,51,2.0,4.0,0
1501,1.25,2,137497.04,5.7,7,0,1.0,0.0,0
1502,60.19,2,259106.53999999998,3.34,38,40,1.0,3.0,0
1503,50.72,2,261643.36,5.15,40,0,0.0,0.0,0
1504,34.55,2,262189.56,8.05,33,19,0.0,0.0,0
1505,37.84,3,338747.71,10.969999999999999,89,20,0.0,0.0,0
1506,9.11,3,277584.2,0.21,42,35,0.0,0.0,0
1507,30.67,2,330352.01,2.25,30,20,1.0,1.0,1
1508,34.48,1,144985.04,2.94,0,0,1.0,0.0,0
1509,24.06,1,138820.66,3.65,0,0,0.0,0.0,0
1510,14.56,2,300269.18,0.0,34,19,1.0,0.0,0
1511,12.33,3,403238.16000000003,0.0,71,0,0.0,0.0,0
1512,53.16,3,414598.76,5.16,7,53,2.0,2.0,0
1513,64.3,2,165311.95,0.0,71,51,0.0,0.0,0
1514,43.06,1,185603.9,0.0,0,2,2.0,2.5,0
1515,35.01,3,410806.41,16.990000000000002,44,80,0.0,0.0,0
1516,5.92,1,76202.1,0.0,0,45,0.0,0.0,1
1517,40.2,3,433021.44,0.0,42,15,0.0,0.0,0
1518,31.16,1,112813.86,7.63,40,0,0.0,0.0,0
1519,55.92,2,245307.32,5.9,28,18,0.0,0.0,0
1520,63.91,3,334667.22000000003,0.0,46,26,1.0,4.0,0
1521,40.2,2,166990.13999999998,0.0,47,3,0.0,0.0,0
1522,8.88,1,99616.11,0.0,0,0,0.0,0.0,0
1523,39.84,3,449644.62,8.57,53,38,1.0,0.0,0
1524,21.96,3,253635.0,18.12,31,27,0.0,0.0,0
1525,6.67,2,248530.31,7.34,40,0,1.0,0.0,0
1526,47.96,2,357757.79,11.79,47,15,2.0,0.0,0
1527,55.1,1,181129.03,0.0,0,0,1.0,0.0,0
1528,60.91,1,128623.9,0.0,0,3,1.0,1.0,1
1529,12.43,3,350103.4,12.49,87,27,0.0,0.0,0
1530,17.95,2,283083.1,0.0,23,20,2.0,4.5,0
1531,18.41,1,103344.69,4.2,9,4,0.0,0.0,0
1532,38.89,1,85705.14,0.0,43,41,1.0,0.0,0
1533,63.81,3,244615.94,5.64,20,68,0.0,0.0,0
1534,9.89,3,541870.25,8.53,44,50,0.0,0.0,0
1535,59.17,2,319919.79,6.02,0,32,0.0,0.0,1
1536,59.2,1,62415.73,7.98,0,4,1.0,0.0,0
1537,57.53,3,461330.68,8.940000000000001,24,0,1.0,0.0,0
1538,58.02,2,156394.2,8.89,45,18,1.0,0.0,0
1539,43.06,2,239662.71000000002,0.0,0,10,0.0,0.0,0
1540,44.58,3,234801.11,7.06,42,7,1.0,0.0,0
1541,54.7,2,197614.3,3.42,40,47,0.0,0.0,0
1542,43.29,3,352597.67,5.55,120,53,0.0,0.0,1
1543,48.03,1,89773.89,0.0,0,0,2.0,0.0,0
1544,40.6,2,288078.02,10.4,53,13,0.0,0.0,0
1545,25.21,2,293192.7,3.04,0,0,0.0,0.0,1
1546,2.47,2,388503.52,0.0,36,39,2.0,2.5,0
1547,27.94,3,353801.91000000003,15.33,30,78,0.0,0.0,0
1548,18.21,1,175048.4,6.53,4,0,1.0,0.0,0
1549,16.73,1,167082.54,8.84,0,12,0.0,0.0,0
1550,16.83,1,126480.08,0.0,13,0,0.0,0.0,1
1551,1.74,1,54947.29,0.0,15,0,0.0,0.0,0
1552,3.68,3,509447.70999999996,0.0,38,41,1.0,0.0,0
1553,13.74,3,303323.77,17.11,35,32,0.0,0.0,0
1554,45.56,2,154400.89,0.17,41,34,2.0,0.0,0
1555,51.97,1,53346.35,0.53,0,0,0.0,0.0,0
1556,30.34,1,109290.5,4.76,0,27,0.0,0.0,0
1557,44.41,2,270287.17,0.65,26,33,0.0,0.0,0
1558,25.41,2,333627.79,4.07,52,0,0.0,0.0,0
1559,42.24,2,230428.28,3.52,24,47,2.0,2.5,0
1560,22.75,3,431072.06999999995,5.23,84,0,2.0,0.0,0
1561,52.07,3,436419.72,0.0,32,70,0.0,0.0,0
1562,52.2,3,297279.32,11.39,53,31,2.0,2.0,0
1563,5.0,3,443513.76,5.79,29,79,0.0,0.0,0
1564,34.09,1,147531.29,6.22,36,41,2.0,3.5,0
1565,53.91,1,70863.5,8.17,45,0,1.0,0.0,0
1566,35.86,1,125397.44,0.0,20,0,1.0,4.0,0
1567,24.69,2,241404.63999999998,12.950000000000001,39,0,0.0,0.0,0
1568,21.7,1,77783.19,0.0,36,0,1.0,1.0,0
1569,40.27,2,329069.32,3.6,12,0,0.0,0.0,0
1570,59.7,2,169698.65,4.79,0,52,1.0,3.0,0
1571,5.79,1,56642.47,0.0,0,0,1.0,0.0,0
1572,1.84,2,383122.08,8.89,0,0,0.0,0.0,0
1573,5.62,2,267543.53,10.38,44,0,1.0,0.0,0
1574,47.93,2,261658.44,9.88,18,32,2.0,1.5,1
1575,57.59,1,163901.15,8.47,0,0,2.0,0.0,0
1576,25.51,1,155867.46,0.0,0,3,0.0,0.0,0
1577,36.03,1,167203.63,9.49,0,4,0.0,0.0,0
1578,19.72,3,482645.70999999996,0.0,67,62,1.0,0.0,1
1579,14.99,2,288719.71,0.0,6,53,0.0,0.0,0
1580,23.34,1,69647.68,6.23,36,0,0.0,0.0,0
1581,59.14,1,162908.92,0.0,3,0,1.0,5.0,1
1582,46.19,2,269242.55,8.89,14,28,1.0,0.0,0
1583,37.74,1,113168.21,0.0,0,0,1.0,0.0,0
1584,34.22,1,193447.24,0.0,0,0,1.0,0.0,0
1585,49.9,1,63667.81,2.57,0,0,0.0,0.0,0
1586,39.84,1,95535.25,9.59,0,0,0.0,0.0,0
1587,1.97,1,176848.27,0.0,38,0,2.0,2.5,0
1588,29.45,2,337180.61,0.0,0,50,2.0,0.0,0
1589,29.19,3,432096.56,6.83,0,0,0.0,0.0,0
1590,0.13,3,347716.98,5.28,118,19,2.0,3.5,0
1591,59.5,2,166189.76,0.0,0,25,1.0,5.0,1
1592,21.17,2,203154.03,14.48,0,35,0.0,0.0,0
1593,52.27,2,235739.75,7.44,31,0,2.0,3.0,0
1594,29.59,2,203974.91999999998,10.34,26,40,0.0,0.0,0
1595,4.4,3,429209.41000000003,9.229999999999999,4,7,1.0,0.0,1
1596,34.09,3,387486.79,6.48,0,72,2.0,0.0,0
1597,60.65,3,372008.35,3.27,62,0,1.0,3.0,0
1598,33.46,3,503776.35000000003,9.94,27,16,0.0,0.0,0
1599,47.24,2,256256.79,0.0,21,21,0.0,0.0,0
1600,47.83,1,144801.83,0.0,11,11,0.0,0.0,1
1601,1.91,1,163332.33,3.78,0,0,0.0,0.0,0
1602,18.77,1,131863.65,0.0,7,49,0.0,0.0,0
1603,29.06,3,363681.77,7.0600000000000005,59,33,0.0,0.0,0
1604,14.46,3,323328.42000000004,16.96,65,45,1.0,2.0,0
1605,8.91,1,73532.68,9.76,0,0,0.0,0.0,0
1606,61.28,3,508677.55,8.47,0,47,0.0,0.0,0
1607,10.59,3,366151.47,10.14,131,0,0.0,0.0,0
1608,1.25,1,175395.97,0.0,0,0,1.0,5.0,0
1609,15.29,3,406811.78,7.73,0,51,2.0,1.0,1
1610,34.45,3,314089.27999999997,6.27,44,38,1.0,3.0,0
1611,6.25,3,442643.12,0.0,73,52,0.0,0.0,0
1612,2.7,3,448635.17000000004,0.0,76,24,0.0,0.0,0
1613,14.1,2,247453.55,0.0,49,40,0.0,0.0,0
1614,61.67,2,119180.78,11.440000000000001,3,41,0.0,0.0,0
1615,20.35,1,171351.89,0.0,4,2,1.0,0.0,0
1616,28.83,2,175127.86000000002,9.61,5,0,1.0,5.0,1
1617,64.5,2,229164.45,0.0,48,42,0.0,0.0,0
1618,12.0,3,454197.51,11.5,60,0,2.0,0.0,1
1619,17.19,2,186732.98,10.39,44,0,0.0,0.0,0
1620,9.27,2,339060.87,6.33,0,26,2.0,1.0,0
1621,11.31,1,144834.58,0.0,0,6,2.0,0.5,0
1622,42.18,3,441717.13,13.34,9,91,0.0,0.0,0
1623,52.83,2,329427.74,0.96,42,54,1.0,4.0,0
1624,32.45,2,244348.61000000002,13.59,47,16,0.0,0.0,1
1625,23.6,3,402245.02999999997,14.25,69,45,1.0,3.0,0
1626,5.79,2,215617.41,0.0,40,0,0.0,0.0,0
1627,12.06,2,343226.38,2.81,0,34,1.0,0.0,0
1628,27.51,3,420462.52,0.0,107,6,2.0,1.0,0
1629,1.71,2,329178.74,8.12,0,41,0.0,0.0,0
1630,39.97,2,226102.45,1.11,20,0,0.0,0.0,0
1631,55.88,1,107017.83,6.75,0,18,1.0,5.0,0
1632,16.44,2,258825.68,6.32,42,16,2.0,1.0,0
1633,16.86,1,57171.22,1.43,34,4,1.0,2.0,0
1634,57.17,1,129645.03,0.0,35,0,2.0,0.0,0
1635,46.91,1,183775.71,0.47,0,36,0.0,0.0,0
1636,0.13,3,379415.36,4.09,28,35,2.0,0.0,0
1637,8.55,2,199200.77999999997,2.75,0,0,1.0,0.0,1
1638,57.1,2,221616.44,1.47,0,42,0.0,0.0,0
1639,56.34,1,174998.27,4.88,21,15,2.0,0.5,0
1640,22.35,3,367973.0,2.64,39,56,0.0,0.0,0
1641,27.45,2,195847.32,3.14,0,46,2.0,0.0,0
1642,60.98,1,198788.86,8.14,0,0,2.0,2.0,0
1643,33.0,2,189518.76,12.7,41,0,1.0,2.0,0
1644,27.35,2,228935.21000000002,0.0,0,49,0.0,0.0,0
1645,47.93,3,345554.45,7.74,13,61,1.0,0.0,0
1646,23.7,1,63069.4,0.0,0,27,2.0,2.5,0
1647,16.17,3,209670.93,24.89,0,28,1.0,2.0,0
1648,17.95,3,280177.28,19.32,18,48,0.0,0.0,1
1649,19.13,3,401870.69,0.0,79,26,0.0,0.0,0
1650,36.69,1,140171.34,2.66,18,24,0.0,0.0,0
1651,36.55,3,376299.02999999997,15.129999999999999,0,24,0.0,0.0,1
1652,25.12,2,236712.75,12.370000000000001,0,41,0.0,0.0,0
1653,12.1,3,431247.01999999996,20.490000000000002,43,14,0.0,0.0,0
1654,9.4,3,344480.70999999996,2.65,39,48,1.0,0.0,0
1655,49.28,2,290588.45,3.95,100,20,0.0,0.0,1
1656,54.96,2,206070.44,7.18,49,29,0.0,0.0,0
1657,11.93,2,233476.87,12.87,12,33,0.0,0.0,0
1658,40.8,1,58220.61,1.2,0,22,2.0,2.0,0
1659,50.99,1,85660.36,5.69,32,49,1.0,0.0,0
1660,14.69,3,398484.97,7.22,0,2,0.0,0.0,1
1661,43.52,2,143693.13,0.0,82,16,0.0,0.0,0
1662,4.24,2,172524.87,2.94,27,5,1.0,1.0,0
1663,36.55,2,270336.26,0.0,34,0,0.0,0.0,0
1664,49.51,3,279897.94,0.0,75,25,0.0,0.0,0
1665,13.08,2,346981.68,0.26,0,10,2.0,0.0,0
1666,45.83,1,59403.48,0.0,19,0,0.0,0.0,0
1667,18.64,3,331993.69,10.82,43,74,1.0,1.0,0
1668,7.82,2,144363.26,4.84,77,2,1.0,0.0,0
1669,7.1,3,346898.98000000004,0.52,71,50,2.0,1.5,0
1670,54.37,2,327565.77,15.96,20,23,2.0,1.0,0
1671,31.79,2,185112.86,6.9,66,3,0.0,0.0,0
1672,11.41,2,184247.38,9.38,44,74,0.0,0.0,0
1673,61.97,3,433420.48,6.22,31,38,2.0,1.5,0
1674,59.83,2,134571.01,3.99,16,6,1.0,5.0,0
1675,9.86,3,306800.64,8.61,52,32,0.0,0.0,0
1676,31.56,3,444911.77,15.18,49,21,0.0,0.0,0
1677,24.75,3,383280.91,9.479999999999999,33,39,1.0,0.0,1
1678,37.64,2,316612.71,14.25,51,0,0.0,0.0,0
1679,55.36,2,208759.97,4.08,0,30,0.0,0.0,1
1680,15.42,1,197824.85,0.0,5,4,2.0,0.5,0
1681,8.61,2,271588.74,8.87,30,0,1.0,2.0,0
1682,61.28,2,159256.37,0.37,39,1,0.0,0.0,0
1683,14.69,3,349123.61,0.0,37,46,1.0,1.0,0
1684,56.28,2,315743.27,0.0,30,40,1.0,4.0,0
1685,63.61,1,173693.85,0.0,0,0,2.0,1.0,0
1686,29.52,2,246889.35,4.48,5,26,1.0,1.0,0
1687,55.85,1,102048.98,0.0,0,24,2.0,4.0,0
1688,33.6,1,152528.61,0.0,0,0,0.0,0.0,0
1689,28.27,3,374707.47,0.33,6,23,2.0,0.0,0
1690,16.86,1,179433.3,6.5,0,30,1.0,0.0,0
1691,6.67,3,407530.93,11.9,53,23,0.0,0.0,0
1692,63.74,2,286378.06,0.0,31,0,0.0,0.0,0
1693,46.88,1,112591.88,0.0,0,0,0.0,0.0,1
1694,25.08,1,70652.7,0.0,0,29,1.0,0.0,0
1695,15.25,2,203787.11,0.0,53,23,1.0,0.0,0
1696,63.97,1,67739.51,0.0,0,29,2.0,3.0,0
1697,14.5,2,237968.68,0.0,50,77,2.0,0.5,0
1698,63.81,2,223912.74,0.0,0,42,0.0,0.0,0
1699,26.46,2,183864.32,0.0,0,11,2.0,2.0,0
1700,32.35,1,80926.42,5.21,0,18,2.0,5.0,0
1701,36.95,2,180321.5,6.06,7,61,2.0,1.0,1
1702,33.96,1,164576.58,3.79,36,0,1.0,0.0,0
1703,29.95,3,380538.51,9.56,61,67,2.0,3.0,0
1704,13.05,3,371547.2,10.95,31,49,0.0,0.0,1
1705,28.01,3,315556.26,13.79,20,44,0.0,0.0,0
1706,41.26,2,214293.4,0.0,89,52,0.0,0.0,0
1707,21.79,1,88913.75,2.46,24,0,0.0,0.0,0
1708,14.2,1,153999.86,0.0,6,0,0.0,0.0,0
1709,6.28,2,259053.33000000002,1.86,25,2,0.0,0.0,0
1710,52.66,1,92345.71,0.0,0,46,2.0,0.0,0
1711,59.86,2,353224.03,0.74,36,3,0.0,0.0,1
1712,56.54,3,484556.49,2.65,81,8,0.0,0.0,0
1713,22.26,3,210535.51,10.459999999999999,0,30,1.0,4.0,0
1714,48.39,2,205355.41999999998,5.16,0,0,0.0,0.0,0
1715,13.54,1,94958.62,9.37,4,0,0.0,0.0,0
1716,48.45,1,77056.72,3.28,0,4,0.0,0.0,0
1717,49.21,2,280197.22,7.55,0,0,1.0,0.0,0
1718,59.47,2,213023.32,12.379999999999999,0,37,1.0,4.0,0
1719,62.16,3,492715.13,9.16,0,50,0.0,0.0,0
1720,21.56,2,377554.7,0.0,0,3,0.0,0.0,1
1721,40.2,3,444215.91000000003,2.7600000000000002,54,59,2.0,0.0,0
1722,8.78,3,355860.86,4.02,72,38,0.0,0.0,0
1723,39.94,3,483748.17000000004,6.91,57,34,1.0,0.0,0
1724,63.25,3,328330.4,13.96,74,34,0.0,0.0,0
1725,44.25,3,471562.9,14.2,63,35,0.0,0.0,0
1726,37.67,2,282365.85,11.399999999999999,7,0,0.0,0.0,0
1727,30.18,2,189764.32,6.1,37,1,2.0,2.5,0
1728,47.5,3,372609.26,2.42,31,14,1.0,0.0,0
1729,11.83,2,149382.94,5.93,0,0,0.0,0.0,0
1730,39.28,1,60618.4,8.31,0,10,0.0,0.0,0
1731,53.68,3,345168.06,7.34,42,12,0.0,0.0,0
1732,13.58,1,114960.57,0.0,0,0,2.0,0.0,0
1733,42.9,1,53055.04,4.29,19,0,0.0,0.0,0
1734,4.96,3,413659.84,2.61,43,67,2.0,2.5,0
1735,36.65,3,260450.36,15.270000000000001,64,10,0.0,0.0,0
1736,31.0,2,238782.45,4.38,87,15,1.0,1.0,0
1737,9.43,1,119902.45,0.59,25,0,0.0,0.0,0
1738,8.97,3,220549.33,7.57,10,69,2.0,2.5,0
1739,24.92,3,377023.12,7.99,43,16,2.0,2.5,0
1740,47.44,2,194478.01,6.65,0,16,2.0,1.5,0
1741,59.86,1,67925.28,0.77,0,0,1.0,5.0,0
1742,56.41,1,126333.15,0.3,0,20,1.0,0.0,0
1743,54.21,1,100477.99,0.0,27,34,1.0,4.0,0
1744,10.16,1,52912.18,4.31,0,0,1.0,0.0,0
1745,64.23,3,473329.18,6.54,41,0,2.0,2.5,1
1746,35.47,2,193326.05,9.65,34,48,1.0,0.0,0
1747,43.69,1,180213.62,0.0,21,50,1.0,4.0,0
1748,17.09,3,317544.37,10.36,20,43,1.0,4.0,0
1749,60.49,2,263742.28,6.89,0,0,2.0,0.0,0
1750,53.88,3,423285.84,7.720000000000001,0,136,0.0,0.0,0
1751,5.36,2,251285.04,0.0,27,0,1.0,1.0,1
1752,59.34,2,299881.94,10.39,0,35,0.0,0.0,0
1753,14.89,1,83845.13,0.0,16,32,1.0,0.0,0
1754,33.53,2,195743.87,0.25,66,43,0.0,0.0,0
1755,10.52,3,399842.22,13.2,19,47,1.0,3.0,0
1756,16.57,3,563363.39,8.39,3,24,0.0,0.0,0
1757,38.43,2,285165.65,6.23,0,0,0.0,0.0,0
1758,41.81,1,109264.1,0.46,0,38,1.0,0.0,0
1759,17.26,3,248509.75,25.85,27,42,2.0,0.0,1
1760,13.02,1,55917.6,0.0,0,25,1.0,0.0,0
1761,11.37,1,196403.0,0.0,0,0,1.0,0.0,1
1762,5.19,1,183544.34,3.26,0,25,1.0,0.0,0
1763,59.63,3,236071.67,15.16,23,68,1.0,0.0,1
1764,60.12,3,344483.52,22.02,87,0,0.0,0.0,0
1765,44.44,1,145001.99,1.54,40,0,1.0,1.0,0
1766,56.77,2,211908.52,8.43,28,23,0.0,0.0,0
1767,24.56,2,292111.64,7.98,0,0,0.0,0.0,0
1768,45.33,2,233233.73,3.25,37,0,2.0,0.0,0
1769,53.55,2,227368.08000000002,0.0,38,12,1.0,0.0,0
1770,57.89,3,232877.55,0.16,24,23,0.0,0.0,1
1771,25.05,3,332074.54000000004,13.45,64,35,2.0,1.5,0
1772,58.81,1,95280.88,0.06,9,33,1.0,0.0,1
1773,29.52,3,443435.55,5.65,43,90,1.0,2.0,0
1774,8.68,1,118158.37,0.0,26,27,1.0,2.0,0
1775,60.49,2,149198.5,0.34,8,40,0.0,0.0,1
1776,7.2,1,108329.64,5.38,19,0,0.0,0.0,0
1777,38.53,2,224142.16999999998,12.379999999999999,0,49,0.0,0.0,1
1778,58.35,1,169135.66,4.97,0,0,1.0,2.0,0
1779,45.46,2,302357.74,2.06,48,0,0.0,0.0,0
1780,34.68,3,449193.73,9.559999999999999,16,0,0.0,0.0,0
1781,4.47,3,373622.02,0.1,38,35,0.0,0.0,0
1782,57.86,3,518237.72,0.0,62,19,2.0,5.0,0
1783,31.33,3,528646.5700000001,15.330000000000002,93,53,0.0,0.0,0
1784,52.89,1,198071.33,2.96,26,0,2.0,2.0,0
1785,57.89,1,51730.01,0.0,0,0,0.0,0.0,0
1786,45.07,3,494946.32,5.16,40,37,0.0,0.0,0
1787,42.27,3,374630.89,12.54,11,0,0.0,0.0,0
1788,45.17,2,336834.08999999997,4.01,7,0,1.0,2.0,0
1789,56.84,1,116653.76,0.0,0,0,2.0,1.0,0
1790,57.46,2,289970.81,0.68,0,66,0.0,0.0,0
1791,12.85,2,312897.96,9.0,38,25,2.0,2.5,0
1792,50.85,2,294503.77,0.25,11,8,2.0,0.0,0
1793,60.91,2,150918.97,9.18,50,36,0.0,0.0,0
1794,25.97,2,310116.19,11.559999999999999,26,44,2.0,4.5,0
1795,46.78,1,101448.5,5.39,0,17,0.0,0.0,0
1796,27.42,2,236879.4,0.0,78,1,1.0,1.0,0
1797,25.58,1,91889.94,0.0,0,12,1.0,5.0,0
1798,32.61,1,160960.47,4.37,0,0,0.0,0.0,0
1799,27.84,1,177215.36,4.82,21,38,1.0,0.0,0
1800,60.39,2,221891.75,15.34,55,0,1.0,0.0,0
1801,9.11,1,73642.06,2.69,0,0,0.0,0.0,0
1802,48.95,2,206244.56,9.43,0,19,0.0,0.0,0
1803,15.78,2,303409.58,0.0,0,18,0.0,0.0,0
1804,27.98,3,318348.71,0.11,40,26,0.0,0.0,0
1805,53.19,1,195354.66,0.0,0,0,0.0,0.0,1
1806,55.69,1,67254.84,0.0,0,26,0.0,0.0,0
1807,25.44,3,413620.01,0.0,21,53,1.0,0.0,0
1808,4.73,2,328593.4,16.4,60,19,0.0,0.0,1
1809,29.49,2,287854.37,6.2299999999999995,85,34,2.0,2.5,0
1810,52.93,3,371503.31,1.14,62,78,0.0,0.0,0
1811,16.93,3,497867.92000000004,0.0,41,60,0.0,0.0,0
1812,10.82,2,149737.47999999998,0.0,0,17,0.0,0.0,0
1813,12.33,3,311412.88,1.34,59,27,1.0,5.0,1
1814,53.68,3,349189.84,10.39,14,51,2.0,2.5,0
1815,28.07,1,91070.23,4.45,0,49,2.0,2.0,0
1816,7.26,1,173733.76,6.67,33,36,2.0,1.5,1
1817,15.91,2,168069.7,7.72,14,3,1.0,0.0,0
1818,40.34,1,121326.11,0.0,0,45,0.0,0.0,0
1819,9.66,1,123697.69,0.0,0,0,0.0,0.0,0
1820,23.96,2,246619.26,0.26,55,39,1.0,4.0,1
1821,24.33,3,491447.41000000003,0.55,76,48,2.0,0.0,0
1822,38.59,3,303548.52,11.29,23,21,1.0,0.0,0
1823,54.6,2,241797.57,0.0,0,48,2.0,0.0,0
1824,3.52,3,453610.61,16.68,40,0,1.0,0.0,0
1825,23.8,2,286779.22,3.68,49,11,1.0,0.0,0
1826,38.46,3,403304.72,9.55,0,19,2.0,2.5,0
1827,54.67,3,372771.01,4.13,95,42,0.0,0.0,0
1828,0.99,2,234697.07,1.84,0,47,1.0,0.0,0
1829,55.56,2,220729.19,0.0,33,36,1.0,3.0,0
1830,36.42,1,111669.16,5.34,0,0,2.0,0.5,0
1831,37.9,2,248274.09,9.1,4,0,1.0,0.0,0
1832,44.74,2,390121.49,8.16,36,50,1.0,3.0,0
1833,59.04,1,105706.31,0.0,26,35,0.0,0.0,0
1834,9.11,3,293308.91000000003,1.71,39,0,2.0,1.0,0
1835,35.47,2,304880.41000000003,0.0,30,28,1.0,0.0,1
1836,49.93,3,470243.4,6.0,55,0,1.0,3.0,0
1837,13.12,1,159201.43,6.28,0,0,0.0,0.0,0
1838,12.82,1,86357.41,0.0,0,37,0.0,0.0,1
1839,13.28,2,223185.4,3.22,0,61,2.0,0.5,1
1840,26.33,2,238862.47999999998,4.83,0,0,0.0,0.0,0
1841,31.26,2,357286.49,7.73,50,0,2.0,3.5,0
1842,37.25,1,146461.51,4.29,0,17,1.0,0.0,0
1843,56.94,1,76248.02,8.4,10,49,0.0,0.0,0
1844,58.42,3,280677.52,10.5,14,49,0.0,0.0,0
1845,37.94,1,147158.18,0.0,0,26,0.0,0.0,0
1846,42.57,1,61940.08,3.6,0,0,0.0,0.0,0
1847,32.94,1,123276.44,3.86,0,0,1.0,0.0,0
1848,50.85,2,267122.2,0.0,43,44,1.0,0.0,1
1849,53.65,3,421215.82999999996,2.13,19,10,1.0,0.0,1
1850,54.6,3,323012.65,7.02,26,66,2.0,2.5,0
1851,59.76,2,293653.03,0.0,21,6,0.0,0.0,0
1852,13.94,2,261013.29,8.06,6,6,2.0,2.5,0
1853,64.23,2,332250.45999999996,3.33,32,42,1.0,0.0,1
1854,32.97,3,388340.37,0.69,92,43,0.0,0.0,1
1855,12.79,3,385969.18,0.0,58,77,0.0,0.0,0
1856,24.82,3,280994.3,19.15,27,0,1.0,4.0,0
1857,31.23,3,440776.17000000004,9.44,55,10,0.0,0.0,0
1858,25.94,3,438421.76,0.0,45,0,0.0,0.0,0
1859,25.25,3,288322.85,14.3,40,0,1.0,3.0,1
1860,17.39,2,352299.66000000003,5.61,0,0,1.0,1.0,0
1861,1.05,3,414117.82,13.66,20,42,0.0,0.0,0
1862,1.18,1,141308.61,0.0,14,28,2.0,0.0,0
1863,7.17,3,528734.01,7.25,29,34,2.0,0.0,0
1864,59.3,1,154061.1,5.18,0,19,2.0,2.0,0
1865,5.65,3,349715.76,11.31,70,53,2.0,0.0,0
1866,58.61,3,440338.05,4.32,48,51,1.0,5.0,0
1867,11.34,1,123390.63,0.0,0,47,0.0,0.0,1
1868,12.75,3,357056.79000000004,6.4,3,22,2.0,0.0,0
1869,35.04,3,184332.16999999998,15.66,12,67,1.0,4.0,0
1870,55.59,3,327222.66,2.49,37,8,0.0,0.0,0
1871,3.65,2,285170.9,0.0,34,37,0.0,0.0,0
1872,19.26,2,317541.52999999997,6.8,52,11,0.0,0.0,1
1873,29.88,3,368373.41000000003,4.93,70,23,2.0,1.5,0
1874,14.1,1,182443.68,3.45,0,48,1.0,1.0,1
1875,35.34,1,122711.18,0.0,30,44,2.0,0.0,0
1876,35.5,2,280285.0,9.62,29,59,0.0,0.0,0
1877,32.12,1,170853.49,0.0,27,0,2.0,0.0,0
1878,63.81,2,289419.0,7.03,29,45,0.0,0.0,0
1879,47.7,3,458271.7,0.35,49,68,2.0,1.0,0
1880,55.16,3,428379.04000000004,7.88,0,66,1.0,2.0,0
1881,52.89,2,211554.06,13.64,36,0,2.0,3.5,0
1882,32.35,3,501253.03,4.15,2,66,1.0,5.0,1
1883,8.58,1,83858.6,5.65,8,19,2.0,2.0,0
1884,30.6,2,262006.3,0.0,1,0,1.0,5.0,0
1885,44.41,2,151020.5,16.62,14,44,2.0,0.0,1
1886,7.0,1,55916.87,9.03,16,1,1.0,0.0,0
1887,64.2,1,164071.43,0.0,0,3,1.0,0.0,0
1888,26.82,2,314148.13,8.47,37,41,0.0,0.0,0
1889,16.07,1,92587.18,0.0,23,0,0.0,0.0,0
1890,35.6,2,223757.32,8.53,42,59,1.0,0.0,0
1891,8.61,3,445535.62,8.23,21,16,1.0,0.0,0
1892,13.54,1,114947.68,0.0,36,6,2.0,2.0,0
1893,48.42,3,493757.07,0.0,0,84,1.0,0.0,0
1894,41.98,2,241384.24000000002,0.7799999999999999,25,17,2.0,1.0,0
1895,7.82,2,267170.9,5.800000000000001,45,20,1.0,0.0,0
1896,38.69,1,121320.53,7.28,21,0,2.0,4.5,0
1897,28.53,3,431473.30000000005,11.93,22,0,2.0,1.0,0
1898,58.42,3,481604.68,7.14,0,52,1.0,0.0,0
1899,12.33,3,472359.08,5.880000000000001,17,50,0.0,0.0,0
1900,21.07,2,177896.29,3.74,42,47,1.0,3.0,0
1901,2.24,2,259601.36,5.3100000000000005,40,0,1.0,1.0,0
1902,58.97,3,403844.38,15.29,47,73,0.0,0.0,0
1903,5.16,3,399731.14,12.86,122,80,2.0,0.0,0
1904,40.07,1,129716.19,0.0,0,45,2.0,0.0,0
1905,47.04,2,267844.47,2.77,23,0,0.0,0.0,0
1906,52.47,1,124253.77,4.41,14,0,2.0,0.5,0
1907,47.57,3,368455.06,8.27,4,15,1.0,0.0,0
1908,44.38,2,251798.04,0.72,57,44,0.0,0.0,0
1909,43.85,1,58416.49,0.0,0,2,0.0,0.0,1
1910,33.37,2,233880.33000000002,5.38,25,8,0.0,0.0,0
1911,46.84,1,157354.39,0.0,2,43,0.0,0.0,0
1912,12.39,2,260052.18,12.88,33,0,2.0,1.0,0
1913,19.56,3,398390.14,8.1,43,30,1.0,0.0,0
1914,14.73,1,68896.44,0.8,0,0,0.0,0.0,0
1915,4.11,1,173407.45,5.02,0,16,0.0,0.0,0
1916,48.52,3,405135.47000000003,14.27,33,69,1.0,4.0,0
1917,20.81,1,59563.98,6.97,0,0,0.0,0.0,0
1918,31.99,3,382324.92,2.03,84,25,0.0,0.0,0
1919,32.54,1,165492.86,0.0,27,0,1.0,0.0,0
1920,12.36,1,135852.79,0.0,0,0,1.0,5.0,0
1921,0.2,2,274938.78,6.640000000000001,80,14,1.0,5.0,0
1922,19.53,3,419396.3,8.23,29,103,1.0,0.0,0
1923,53.81,2,157714.62,6.87,0,18,0.0,0.0,0
1924,1.22,3,325314.07,2.11,33,62,1.0,4.0,0
1925,47.21,1,87975.73,0.0,0,0,1.0,1.0,0
1926,7.2,3,394063.99,14.010000000000002,102,71,2.0,5.0,0
1927,58.09,2,287084.17,2.35,8,0,0.0,0.0,0
1928,3.22,3,391410.22000000003,12.280000000000001,24,74,2.0,3.0,0
1929,44.84,1,109614.65,4.26,10,11,2.0,4.0,0
1930,57.26,3,301508.08999999997,9.459999999999999,54,42,2.0,4.5,0
1931,58.35,1,187141.13,0.0,0,30,2.0,0.5,0
1932,18.18,2,340722.35,9.84,41,16,2.0,1.0,0
1933,34.02,2,270268.04000000004,1.76,44,10,0.0,0.0,0
1934,46.84,3,315710.71,0.0,67,0,0.0,0.0,0
1935,56.15,1,178445.76,7.57,42,20,0.0,0.0,0
1936,21.07,2,147445.12,0.0,34,1,1.0,0.0,0
1937,44.31,2,239904.81,0.0,21,0,1.0,0.0,1
1938,21.76,3,349004.44,11.89,50,38,2.0,0.0,0
1939,43.72,3,440486.73,19.91,56,58,1.0,4.0,0
1940,32.48,1,192275.75,0.0,24,42,0.0,0.0,0
1941,48.26,3,362678.24,8.26,46,0,0.0,0.0,0
1942,55.95,1,126716.86,6.95,0,39,0.0,0.0,0
1943,23.5,1,148536.53,5.48,0,0,2.0,0.5,1
1944,55.56,2,224282.83000000002,2.3,77,17,1.0,1.0,0
1945,52.76,2,263214.31,16.54,69,0,1.0,5.0,0
1946,24.75,2,179624.21,0.0,0,19,0.0,0.0,0
1947,40.17,1,129860.81,2.23,23,0,0.0,0.0,0
1948,15.38,1,78933.85,4.47,0,0,1.0,4.0,0
1949,12.75,3,399791.44999999995,10.489999999999998,3,0,0.0,0.0,0
1950,19.72,1,153782.72,9.81,43,7,2.0,2.0,0
1951,24.79,3,320004.21,5.42,46,33,0.0,0.0,0
1952,52.99,3,372855.47,0.97,0,16,2.0,2.0,0
1953,2.2,1,147056.81,0.0,0,25,1.0,3.0,0
1954,39.78,3,388213.03,9.41,50,0,0.0,0.0,0
1955,62.62,3,400949.01,0.0,54,59,0.0,0.0,0
1956,49.77,3,362433.05,1.85,0,23,1.0,0.0,0
1957,5.13,1,165648.35,0.0,0,0,0.0,0.0,0
1958,51.55,2,261018.27999999997,0.0,18,0,0.0,0.0,0
1959,32.25,2,197671.69,0.0,17,82,0.0,0.0,0
1960,52.14,1,66979.85,0.0,0,31,1.0,0.0,0
1961,20.45,1,126329.14,0.0,11,0,1.0,0.0,0
1962,20.84,2,337979.62,0.0,0,0,0.0,0.0,0
1963,27.58,3,503537.33,2.58,25,13,1.0,0.0,0
1964,62.72,2,251474.24,12.32,50,0,1.0,1.0,0
1965,20.32,3,348936.33,8.89,70,21,2.0,0.5,0
1966,29.72,1,66142.55,0.0,1,0,1.0,2.0,0
1967,9.7,1,145360.86,0.0,0,48,2.0,3.5,0
1968,33.43,1,188898.65,5.22,1,0,2.0,0.5,0
1969,25.08,3,389982.85,23.13,45,72,2.0,1.0,1
1970,9.11,2,108881.23999999999,4.34,3,34,0.0,0.0,0
1971,32.84,1,126933.83,0.0,8,0,2.0,2.5,1
1972,21.43,3,487621.72,0.44,53,30,0.0,0.0,0
1973,47.34,2,280061.57,4.71,21,38,1.0,0.0,0
1974,18.38,2,162253.23,0.0,27,31,2.0,5.0,0
1975,19.79,2,300188.56999999995,11.22,65,30,2.0,1.5,0
1976,47.01,1,135547.52,9.95,25,28,1.0,1.0,0
1977,32.12,2,237195.19,0.0,43,22,2.0,0.0,0
1978,54.14,3,346042.01,3.75,52,1,0.0,0.0,1
1979,25.25,1,78715.7,8.17,28,0,2.0,0.5,0
1980,11.44,1,67615.59,9.58,26,0,1.0,0.0,0
1981,40.73,2,178294.66999999998,7.82,22,22,1.0,1.0,0
1982,22.65,3,483564.04000000004,6.319999999999999,8,0,2.0,0.5,0
1983,30.74,1,189737.49,0.0,0,0,0.0,0.0,0
1984,60.42,2,270319.17,0.0,38,16,0.0,0.0,0
1985,2.43,3,489223.11,0.81,67,54,0.0,0.0,0
1986,27.25,3,305343.22,9.059999999999999,51,0,2.0,2.5,0
1987,19.4,1,94086.84,1.23,0,5,0.0,0.0,0
1988,60.91,1,98239.21,7.29,0,33,1.0,2.0,0
1989,23.57,3,316044.39,8.5,0,15,2.0,0.0,0
1990,38.72,1,92678.54,4.5,47,0,0.0,0.0,1
1991,27.05,1,68076.84,0.42,32,0,2.0,0.0,0
1992,10.68,1,103058.23,0.0,28,6,0.0,0.0,1
1993,17.78,1,170839.2,5.01,30,0,0.0,0.0,0
1994,0.56,3,400500.11,2.39,47,109,0.0,0.0,0
1995,38.1,2,242803.99,0.0,2,0,0.0,0.0,0
1996,30.64,3,276778.43,0.0,20,14,1.0,1.0,0
1997,21.43,1,119810.98,0.0,1,0,0.0,0.0,0
1998,36.42,2,245990.98,0.47,0,28,2.0,2.5,0
1999,5.03,2,211201.24,0.0,14,3,0.0,0.0,0
2000,26.17,1,81676.35,0.86,0,0,0.0,0.0,0
2001,13.28,1,72183.05,0.0,0,0,2.0,5.0,0
2002,58.74,2,216731.21,8.51,6,30,0.0,0.0,0
2003,6.15,2,197654.3,5.36,0,63,0.0,0.0,0
2004,63.84,2,301918.24,12.52,43,72,2.0,2.5,0
2005,21.76,1,143412.46,0.0,29,11,2.0,0.0,0
2006,5.98,2,244879.87,7.07,0,0,0.0,0.0,0
2007,56.38,2,167098.21,4.529999999999999,24,0,1.0,2.0,0
2008,36.09,3,310924.13,9.89,64,33,0.0,0.0,1
2009,6.48,1,176967.01,4.53,37,18,0.0,0.0,0
2010,33.93,2,370106.1,0.0,20,0,1.0,0.0,0
2011,13.05,3,364437.91,0.0,19,3,1.0,0.0,0
2012,60.29,1,146167.21,0.09,0,49,2.0,1.0,0
2013,16.01,3,449627.89999999997,0.0,12,0,0.0,0.0,0
2014,53.85,3,389209.92,2.84,45,51,0.0,0.0,0
2015,50.13,3,441168.95,7.06,59,8,0.0,0.0,0
2016,39.94,3,240846.91999999998,0.0,6,45,0.0,0.0,0
2017,60.49,3,402466.42,0.0,93,43,0.0,0.0,0
2018,9.4,3,354564.55,0.0,49,27,2.0,0.0,0
2019,17.46,1,161559.63,7.68,31,0,2.0,3.0,0
2020,10.75,2,118593.25,15.809999999999999,52,0,0.0,0.0,0
2021,13.38,3,350914.53,9.16,23,39,0.0,0.0,0
2022,40.8,3,349518.71,6.800000000000001,17,34,0.0,0.0,0
2023,57.89,2,295745.24,0.0,66,0,2.0,0.5,1
2024,14.66,2,297055.18,9.15,11,31,1.0,0.0,0
2025,0.13,3,437461.55,3.83,21,25,0.0,0.0,1
2026,22.39,2,229482.31,3.41,77,4,1.0,0.0,1
2027,21.24,3,392717.72000000003,7.69,84,57,1.0,0.0,0
2028,26.2,1,187518.5,7.02,0,0,2.0,2.5,0
2029,55.23,3,395426.99,0.0,14,79,2.0,0.0,0
2030,50.56,2,195941.4,4.38,63,0,0.0,0.0,0
2031,30.41,3,289895.19,0.32,26,49,0.0,0.0,0
2032,53.16,1,121611.65,0.67,37,0,0.0,0.0,0
2033,39.84,1,50235.95,0.0,13,0,2.0,0.5,0
2034,18.05,3,404242.74,16.93,70,13,1.0,0.0,0
2035,14.14,1,195039.42,0.0,0,42,2.0,0.5,1
2036,19.2,3,340475.37,7.76,74,74,0.0,0.0,0
2037,33.93,1,64407.44,0.0,0,37,2.0,1.5,0
2038,10.42,1,172071.77,8.42,0,0,2.0,1.0,0
2039,41.09,3,289270.51,9.33,53,10,2.0,1.5,0
2040,36.16,3,317896.47,2.9299999999999997,15,74,0.0,0.0,0
2041,14.17,1,163653.52,6.96,0,0,1.0,2.0,0
2042,63.05,3,411309.67000000004,9.96,37,25,1.0,4.0,0
2043,0.99,3,333194.39,0.0,55,66,1.0,0.0,0
2044,40.57,2,229897.94,6.3,4,48,2.0,0.5,0
2045,0.2,3,319241.52,0.0,7,48,0.0,0.0,0
2046,47.93,1,98881.45,0.0,9,11,1.0,2.0,0
2047,41.45,1,132802.46,0.0,0,13,2.0,2.0,0
2048,38.79,3,462636.98,1.36,103,95,0.0,0.0,0
2049,6.71,2,277319.52999999997,2.1,18,0,0.0,0.0,0
2050,35.44,3,419789.86,0.0,55,42,1.0,0.0,0
2051,32.58,2,278829.66000000003,10.690000000000001,30,0,0.0,0.0,1
2052,46.06,1,194211.55,0.0,46,0,0.0,0.0,0
2053,16.4,3,346980.63,5.5,107,0,0.0,0.0,0
2054,62.1,1,121453.09,0.0,1,22,1.0,0.0,0
2055,10.65,3,430627.09,3.0900000000000003,65,40,0.0,0.0,0
2056,15.15,1,109726.07,1.5,44,35,0.0,0.0,1
2057,38.56,3,398423.46,8.88,11,32,0.0,0.0,0
2058,20.22,1,82111.72,2.9,12,9,0.0,0.0,0
2059,5.95,1,102983.3,6.83,0,0,0.0,0.0,0
2060,38.76,2,218754.1,2.51,0,1,0.0,0.0,0
2061,44.21,3,228593.96000000002,4.0,28,43,0.0,0.0,0
2062,21.89,1,60493.57,5.69,0,0,0.0,0.0,0
2063,15.32,3,306787.6,4.48,29,92,1.0,5.0,1
2064,55.29,1,115014.36,7.92,18,38,2.0,2.5,0
2065,11.57,1,96614.25,8.35,0,43,2.0,2.5,0
2066,53.71,1,153886.46,4.34,0,0,2.0,2.5,0
2067,25.74,3,291656.02999999997,4.53,23,51,2.0,4.5,0
2068,55.06,1,189928.99,0.0,0,0,1.0,4.0,0
2069,27.15,2,178963.2,3.03,46,0,0.0,0.0,0
2070,55.39,1,169972.93,1.3,18,0,0.0,0.0,0
2071,5.16,2,202001.07,13.05,0,49,1.0,0.0,0
2072,40.63,1,111255.47,0.66,0,0,2.0,4.5,0
2073,40.2,2,127020.35999999999,2.63,18,68,0.0,0.0,0
2074,58.71,1,63429.32,0.0,27,0,1.0,2.0,0
2075,8.58,3,390739.14999999997,0.0,0,42,2.0,0.5,0
2076,47.01,1,112929.17,0.0,47,0,0.0,0.0,0
2077,18.61,2,143873.95,4.59,0,0,0.0,0.0,0
2078,26.3,1,165861.14,0.0,28,0,0.0,0.0,0
2079,60.65,2,141948.82,9.39,42,50,2.0,2.5,0
2080,49.08,2,252936.09,0.0,0,16,0.0,0.0,0
2081,56.05,3,380398.1,18.9,103,16,1.0,5.0,1
2082,58.22,3,417759.04,5.97,72,0,2.0,2.0,0
2083,47.96,3,398820.77,6.02,0,64,0.0,0.0,0
2084,45.99,1,187570.21,9.73,1,0,0.0,0.0,1
2085,31.62,3,380405.88,8.8,6,1,0.0,0.0,1
2086,60.59,2,259258.0,0.0,20,39,2.0,0.0,0
2087,23.47,2,222169.38,0.0,31,0,0.0,0.0,0
2088,40.8,1,94318.86,0.0,0,0,0.0,0.0,0
2089,42.5,1,58753.15,2.17,0,3,2.0,0.5,0
2090,8.78,3,434515.33,3.72,58,38,2.0,2.0,0
2091,58.81,1,134131.65,0.0,34,0,0.0,0.0,0
2092,18.38,2,145226.41999999998,9.02,12,45,2.0,0.0,1
2093,42.87,3,448228.73000000004,3.24,33,75,0.0,0.0,0
2094,5.92,2,332311.65,9.11,44,15,0.0,0.0,0
2095,16.47,3,340188.83,11.06,21,43,2.0,2.5,1
2096,45.56,1,135877.07,7.81,11,0,0.0,0.0,0
2097,49.67,1,161475.78,0.0,7,12,0.0,0.0,0
2098,18.08,3,312878.87,3.55,0,41,0.0,0.0,0
2099,4.67,3,466750.22,3.7399999999999998,47,34,0.0,0.0,0
2100,55.59,2,266042.05,0.0,0,28,0.0,0.0,1
2101,21.43,1,173568.89,0.0,6,44,2.0,2.5,0
2102,28.76,2,150323.23,0.0,29,30,0.0,0.0,0
2103,36.55,3,371394.08,7.41,77,48,2.0,0.0,0
2104,59.14,3,349005.98,3.87,0,74,0.0,0.0,0
2105,2.04,1,127995.73,1.31,0,24,2.0,5.0,0
2106,28.24,3,491433.77,16.48,58,15,1.0,0.0,0
2107,1.87,2,200979.12,0.92,29,7,1.0,4.0,0
2108,37.64,2,280014.80000000005,0.0,24,0,1.0,0.0,0
2109,63.05,1,59059.63,0.0,7,30,1.0,0.0,0
2110,57.03,1,76290.8,0.0,0,27,0.0,0.0,0
2111,51.71,3,343196.5,10.03,36,37,0.0,0.0,0
2112,7.59,2,273774.42,7.3,4,21,1.0,0.0,0
2113,26.2,1,154922.21,6.14,0,5,0.0,0.0,0
2114,41.26,3,284044.49,12.51,14,0,0.0,0.0,0
2115,34.19,2,281268.62,9.53,0,10,0.0,0.0,0
2116,7.96,1,69704.66,9.28,22,0,1.0,2.0,0
2117,57.46,3,370394.83,1.97,44,9,0.0,0.0,0
2118,3.39,3,252374.72,8.26,7,20,0.0,0.0,0
2119,12.62,3,348034.62,6.57,31,63,0.0,0.0,0
2120,48.36,2,338263.35,0.9,16,35,2.0,0.0,0
2121,19.23,3,460529.8,5.62,33,17,0.0,0.0,0
2122,22.81,2,176716.3,1.51,0,46,2.0,0.0,0
2123,57.5,3,343641.25,9.76,3,16,1.0,5.0,0
2124,59.8,2,354402.82,16.060000000000002,63,62,0.0,0.0,1
2125,61.01,2,229303.6,8.48,20,40,0.0,0.0,0
2126,22.19,1,88349.1,4.37,0,0,1.0,4.0,1
2127,15.52,1,174517.59,0.0,0,18,0.0,0.0,0
2128,55.69,3,402926.53,7.24,25,36,0.0,0.0,0
2129,58.51,1,174082.29,9.77,0,0,2.0,0.5,1
2130,49.61,3,439174.32,4.51,31,2,2.0,1.0,0
2131,40.66,2,308333.86,6.13,24,12,0.0,0.0,0
2132,17.03,2,270794.41000000003,0.0,23,47,2.0,1.0,0
2133,11.05,3,325583.92,6.94,84,46,0.0,0.0,0
2134,11.28,1,82020.18,0.0,0,0,0.0,0.0,0
2135,7.33,1,94917.05,1.74,43,22,0.0,0.0,0
2136,8.12,1,191469.43,0.0,0,37,0.0,0.0,0
2137,23.83,3,358846.11,19.21,37,45,0.0,0.0,0
2138,29.29,2,387359.3,0.0,43,11,0.0,0.0,0
2139,39.45,2,191676.69,0.0,6,29,0.0,0.0,1
2140,57.43,2,154307.69,2.77,0,0,0.0,0.0,0
2141,31.62,2,226229.96,2.56,38,0,0.0,0.0,0
2142,5.56,3,333498.64,4.67,40,41,1.0,0.0,0
2143,60.03,3,392783.86,2.55,22,20,1.0,0.0,0
2144,21.89,1,103016.03,0.0,0,0,1.0,0.0,1
2145,39.81,2,215533.96,0.0,31,42,0.0,0.0,0
2146,6.54,3,310287.39,0.0,64,17,1.0,2.0,0
2147,52.83,1,153376.25,8.95,0,18,0.0,0.0,0
2148,52.53,3,230408.27000000002,2.69,34,62,2.0,1.0,1
2149,57.33,3,432138.37,0.42,52,48,1.0,5.0,0
2150,23.18,2,297910.12,0.0,36,48,2.0,2.5,0
2151,63.84,2,180532.69,2.97,48,50,0.0,0.0,0
2152,42.67,3,503002.78,7.98,47,5,0.0,0.0,0
2153,49.93,3,414254.05000000005,8.32,66,59,0.0,0.0,0
2154,20.32,1,190756.87,0.0,0,0,0.0,0.0,0
2155,19.63,1,124338.67,6.23,50,15,2.0,2.0,0
2156,2.04,3,343335.86,9.6,0,97,0.0,0.0,0
2157,22.02,3,460430.65,10.69,44,0,0.0,0.0,0
2158,1.58,1,111142.51,0.0,0,0,1.0,2.0,0
2159,8.09,3,360352.94,0.93,7,72,0.0,0.0,0
2160,43.13,3,366572.7,8.17,57,65,2.0,1.5,0
2161,2.01,1,79032.9,3.11,0,0,0.0,0.0,0
2162,24.39,1,149193.16,0.91,0,0,1.0,3.0,0
2163,36.85,1,116754.13,3.09,48,30,0.0,0.0,0
2164,30.11,2,342980.19,6.3,0,48,0.0,0.0,1
2165,7.13,1,69192.9,0.0,0,0,2.0,1.5,0
2166,20.64,2,282681.61,7.43,0,30,2.0,2.5,0
2167,58.48,2,280522.0,2.03,46,0,0.0,0.0,0
2168,13.71,1,67595.34,6.5,10,0,0.0,0.0,0
2169,37.71,2,322475.95,8.45,50,43,0.0,0.0,1
2170,60.95,3,507578.89,10.649999999999999,50,0,0.0,0.0,0
2171,45.5,1,184729.76,0.71,40,18,1.0,0.0,0
2172,41.65,2,149756.55,0.0,0,5,2.0,2.5,0
2173,55.0,2,316365.32,1.87,11,62,0.0,0.0,0
2174,28.67,1,196468.82,6.1,19,0,0.0,0.0,0
2175,55.46,2,185681.69,0.07,39,0,1.0,0.0,0
2176,60.26,2,254573.58,2.98,49,18,1.0,5.0,0
2177,21.99,2,228773.68,3.43,0,0,0.0,0.0,0
2178,36.95,1,137567.77,0.0,0,0,2.0,1.0,0
2179,57.96,2,208147.5,7.5,24,54,1.0,4.0,0
2180,25.35,2,368107.77,0.0,73,0,2.0,2.0,1
2181,34.25,2,207269.91,1.58,29,0,1.0,2.0,0
2182,11.08,3,472127.33,7.45,83,76,1.0,2.0,0
2183,52.33,2,383748.24,0.0,0,27,0.0,0.0,0
2184,3.45,2,235429.61,2.31,28,25,0.0,0.0,0
2185,36.88,1,89194.91,7.83,0,27,0.0,0.0,0
2186,44.77,1,122485.16,0.0,46,0,0.0,0.0,0
2187,39.41,2,302054.93,4.65,25,13,0.0,0.0,0
2188,14.33,2,217687.45,13.74,0,27,0.0,0.0,0
2189,54.34,2,215395.72999999998,18.5,37,23,0.0,0.0,0
2190,57.43,1,175188.67,0.87,0,0,0.0,0.0,0
2191,10.16,1,97169.95,0.0,36,2,1.0,0.0,0
2192,1.94,2,208292.93,1.8399999999999999,41,0,1.0,0.0,0
2193,20.84,2,296162.62,0.0,48,68,1.0,3.0,0
2194,49.08,1,88483.49,0.0,0,0,2.0,2.0,0
2195,1.12,3,381602.66000000003,0.0,0,73,2.0,1.0,0
2196,4.67,1,105967.14,6.62,0,0,2.0,2.0,0
2197,40.8,3,367546.07999999996,16.47,80,26,1.0,1.0,0
2198,13.58,3,266893.65,10.65,77,48,1.0,0.0,0
2199,63.31,2,273932.19,9.99,0,42,2.0,1.5,0
2200,33.1,3,441962.93999999994,13.1,57,48,0.0,0.0,0
2201,32.25,1,152637.09,2.85,0,2,1.0,3.0,0
2202,34.19,1,87675.64,0.0,0,43,1.0,0.0,0
2203,54.47,3,295786.6,7.61,6,20,0.0,0.0,0
2204,23.8,3,440774.0,15.120000000000001,0,98,1.0,5.0,0
2205,20.25,1,50070.2,0.0,18,0,1.0,0.0,0
2206,27.38,2,231018.93,8.51,21,0,2.0,1.5,0
2207,39.94,2,256047.12,10.55,86,45,0.0,0.0,0
2208,61.37,1,88733.65,0.0,0,7,1.0,0.0,0
2209,56.64,1,56251.5,2.46,33,21,2.0,2.5,0
2210,15.78,3,492492.86,4.35,4,58,2.0,3.5,0
2211,7.26,1,64766.21,0.0,11,27,0.0,0.0,1
2212,43.36,1,99289.01,1.01,0,22,2.0,1.0,0
2213,21.63,3,383831.27,3.5,0,0,2.0,1.0,0
2214,58.61,2,328698.97,8.87,66,0,2.0,4.0,0
2215,8.71,2,226135.06,1.19,6,0,1.0,0.0,1
2216,52.4,1,180440.08,7.35,24,0,0.0,0.0,0
2217,22.68,1,53997.65,3.76,49,0,2.0,2.0,1
2218,56.64,2,293554.2,0.73,39,0,1.0,0.0,0
2219,52.1,3,472476.12,0.0,43,65,2.0,4.0,0
2220,56.94,2,281056.45,12.629999999999999,34,40,2.0,0.0,0
2221,31.85,2,209354.19,7.6899999999999995,44,18,0.0,0.0,1
2222,39.58,1,119582.15,0.0,17,0,2.0,2.0,0
2223,63.68,3,480987.33,7.699999999999999,0,49,2.0,2.5,0
2224,48.55,1,114388.6,0.0,0,32,1.0,1.0,0
2225,22.95,2,297964.75,0.0,13,48,1.0,0.0,0
2226,37.57,2,339003.14,6.17,29,4,0.0,0.0,0
2227,24.95,1,72398.0,0.0,11,0,2.0,1.5,1
2228,63.84,3,444198.69,1.72,116,38,0.0,0.0,0
2229,32.74,3,362938.49,17.24,24,0,1.0,0.0,1
2230,23.01,2,260977.63,6.23,30,23,0.0,0.0,0
2231,15.71,3,419095.56,10.59,39,46,1.0,0.0,0
2232,35.08,3,194640.28,3.35,34,44,0.0,0.0,0
2233,39.15,3,559308.84,15.559999999999999,45,0,2.0,0.5,0
2234,39.38,1,144090.86,5.7,20,29,0.0,0.0,0
2235,44.84,3,321833.47000000003,10.14,13,0,0.0,0.0,1
2236,13.51,2,225491.18,6.54,31,15,1.0,3.0,0
2237,35.86,1,120220.12,1.7,0,0,1.0,4.0,0
2238,12.49,3,372760.5,13.309999999999999,41,7,0.0,0.0,0
2239,52.6,1,51587.7,4.41,20,24,1.0,0.0,0
2240,55.72,1,154141.77,0.0,0,0,1.0,2.0,0
2241,5.39,3,431985.42000000004,5.23,137,39,2.0,0.5,0
2242,31.95,1,166544.87,9.72,0,0,2.0,1.5,0
2243,28.17,2,359095.24,0.0,50,37,2.0,0.0,0
2244,17.72,1,64362.43,0.0,0,17,1.0,1.0,0
2245,60.29,3,415614.36,16.14,28,50,0.0,0.0,0
2246,9.5,1,130424.5,0.0,0,0,0.0,0.0,0
2247,58.88,2,188562.77,0.0,85,9,0.0,0.0,0
2248,20.71,1,142495.83,5.22,0,0,0.0,0.0,0
2249,54.04,2,226865.64,0.91,2,10,1.0,0.0,1
2250,31.3,3,421069.0,8.459999999999999,33,81,1.0,1.0,0
2251,47.17,2,218705.13,2.88,70,29,1.0,3.0,1
2252,29.42,1,193578.66,0.0,0,0,0.0,0.0,0
2253,64.14,3,401508.99,0.0,0,38,2.0,2.0,0
2254,25.12,2,181570.66,0.14,33,30,1.0,5.0,0
2255,29.29,2,161351.01,7.82,45,0,2.0,1.5,0
2256,24.52,2,331925.82,0.0,33,77,2.0,2.5,1
2257,33.3,1,126870.03,3.65,0,0,0.0,0.0,1
2258,44.54,1,148867.11,2.96,0,0,0.0,0.0,0
2259,62.69,2,269647.19,6.51,0,0,0.0,0.0,0
2260,48.42,3,413853.04,0.3,44,4,2.0,0.0,0
2261,19.46,3,422441.76999999996,9.86,30,28,0.0,0.0,0
2262,48.75,2,296405.45,6.46,29,49,1.0,0.0,0
2263,6.41,1,165822.27,7.3,18,25,0.0,0.0,0
2264,25.94,2,281642.28,5.32,1,9,0.0,0.0,0
2265,58.12,2,367659.32,9.47,13,77,1.0,3.0,0
2266,9.99,2,259180.51,0.0,57,0,0.0,0.0,0
2267,34.81,1,129006.38,0.0,46,6,0.0,0.0,0
2268,30.21,1,186863.71,8.33,0,45,2.0,2.0,1
2269,6.31,3,283179.99,15.860000000000001,42,25,2.0,3.5,0
2270,41.91,2,356494.52,2.6,17,25,0.0,0.0,0
2271,61.14,1,147539.66,9.1,0,0,0.0,0.0,1
2272,37.21,2,285346.76,9.85,40,10,0.0,0.0,0
2273,20.35,1,194926.02,0.0,0,14,1.0,3.0,1
2274,37.61,3,429013.11,7.55,73,12,0.0,0.0,0
2275,44.9,2,189530.37,17.04,18,18,0.0,0.0,0
2276,48.36,1,114428.27,0.0,0,45,0.0,0.0,0
2277,53.06,3,280694.75,15.36,3,34,0.0,0.0,0
2278,44.18,1,163620.25,0.0,16,0,0.0,0.0,0
2279,58.35,1,89436.02,0.0,0,0,2.0,0.5,0
2280,36.03,3,463059.01,10.95,75,80,2.0,1.5,0
2281,34.71,1,114526.39,0.0,0,50,0.0,0.0,1
2282,21.76,1,180440.79,0.0,0,0,0.0,0.0,0
2283,39.28,1,146546.42,6.5,0,0,0.0,0.0,0
2284,27.02,1,108301.6,0.61,0,22,2.0,1.5,0
2285,23.57,2,323143.57,0.57,39,49,1.0,0.0,1
2286,30.18,2,267194.2,11.5,27,9,0.0,0.0,0
2287,61.51,1,128488.81,0.0,0,0,0.0,0.0,0
2288,59.3,1,65219.53,0.0,28,18,1.0,3.0,0
2289,63.18,2,146601.24,5.88,33,46,1.0,5.0,0
2290,24.49,2,155125.16999999998,14.51,0,0,0.0,0.0,0
2291,63.38,3,417990.62,18.47,0,53,1.0,1.0,0
2292,16.14,2,202915.38,8.88,65,22,1.0,1.0,0
2293,1.02,3,333188.05,6.81,44,22,0.0,0.0,0
2294,38.13,3,245039.95,5.05,53,5,0.0,0.0,0
2295,41.49,2,181527.64,0.0,14,0,1.0,3.0,0
2296,11.08,3,414871.83,5.53,55,49,2.0,3.0,0
2297,55.56,2,137776.37,0.31,12,14,1.0,0.0,0
2298,58.94,3,278394.04,6.78,0,47,2.0,0.0,0
2299,32.97,2,258897.7,6.85,93,47,2.0,2.5,0
2300,62.2,3,388578.85,3.93,29,0,1.0,1.0,0
2301,24.29,3,424777.69999999995,10.51,45,55,1.0,0.0,0
2302,60.59,1,78468.24,8.98,25,0,2.0,4.0,0
2303,35.5,3,362369.47000000003,0.0,23,52,0.0,0.0,0
2304,29.09,1,136178.49,5.68,9,0,0.0,0.0,0
2305,45.96,2,297394.14,3.5999999999999996,21,23,0.0,0.0,1
2306,37.44,3,294917.71,1.86,0,20,2.0,2.5,0
2307,43.92,2,149454.79,4.47,35,0,0.0,0.0,1
2308,26.63,1,131076.45,7.98,6,3,0.0,0.0,0
2309,21.66,2,206398.44,0.0,0,89,0.0,0.0,0
2310,29.91,2,330484.44,10.65,16,35,0.0,0.0,0
2311,18.8,2,290302.09,10.02,0,1,1.0,5.0,0
2312,40.11,1,67503.27,0.75,0,0,0.0,0.0,0
2313,17.49,2,224977.71000000002,0.0,0,43,0.0,0.0,1
2314,64.07,3,330888.78,0.0,72,17,0.0,0.0,0
2315,27.55,1,140429.77,0.74,8,22,0.0,0.0,0
2316,28.5,3,395597.2,7.23,0,0,1.0,0.0,0
2317,21.76,1,89159.86,4.99,37,31,0.0,0.0,0
2318,12.23,2,239817.32,13.3,0,0,1.0,0.0,0
2319,56.77,1,109716.53,0.0,44,27,0.0,0.0,0
2320,0.23,2,308539.28,3.49,2,10,2.0,1.5,0
2321,35.4,2,240436.31,9.709999999999999,19,0,1.0,2.0,0
2322,43.43,1,147626.9,0.0,0,0,2.0,0.0,0
2323,14.07,3,515126.36,2.6,47,0,2.0,0.0,0
2324,62.43,1,165772.85,5.7,0,50,1.0,0.0,0
2325,15.42,3,248668.96000000002,10.37,45,46,0.0,0.0,0
2326,36.85,1,61752.22,0.0,26,0,0.0,0.0,0
2327,15.02,2,274339.16000000003,13.42,38,13,2.0,3.5,0
2328,60.36,2,322201.66000000003,0.0,0,0,2.0,1.0,0
2329,41.12,1,172832.59,4.74,24,2,2.0,2.0,1
2330,27.51,2,191048.19,5.62,14,55,1.0,0.0,0
2331,54.24,1,105339.43,0.0,12,12,2.0,2.5,0
2332,61.11,2,180779.39,15.010000000000002,34,38,0.0,0.0,0
2333,9.4,3,249866.3,14.72,47,28,2.0,4.0,1
2334,36.88,3,387887.53,26.83,61,55,1.0,1.0,0
2335,13.58,2,184743.83000000002,3.67,16,0,0.0,0.0,0
2336,48.55,2,172361.03,0.0,17,0,0.0,0.0,0
2337,20.64,2,262809.71,7.9,0,9,0.0,0.0,0
2338,50.59,1,60261.22,2.21,0,23,1.0,0.0,0
2339,63.74,3,385735.76,10.59,0,32,0.0,0.0,0
2340,14.6,1,161565.36,3.69,20,0,2.0,3.0,0
2341,53.35,3,497381.7,0.0,92,63,2.0,2.5,0
2342,41.49,2,178653.71000000002,11.14,28,40,0.0,0.0,0
2343,8.91,1,103816.0,6.97,0,19,2.0,2.5,0
2344,49.84,1,132605.97,0.0,37,4,0.0,0.0,1
2345,35.08,1,74146.62,0.0,47,0,1.0,0.0,0
2346,38.59,2,199177.72,2.56,55,0,0.0,0.0,0
2347,13.15,1,69469.3,0.0,25,0,0.0,0.0,0
2348,54.04,1,115923.01,0.0,28,32,0.0,0.0,0
2349,19.63,3,404002.18,19.150000000000002,42,97,0.0,0.0,0
2350,34.02,3,367662.18,13.51,32,36,1.0,3.0,0
2351,11.47,1,75105.98,6.06,0,7,0.0,0.0,0
2352,34.02,2,268108.98,0.0,46,45,2.0,0.5,0
2353,49.61,1,161072.79,0.0,0,12,1.0,4.0,0
2354,52.01,3,434986.31,8.92,67,23,2.0,2.5,0
2355,49.47,1,68241.53,8.86,14,3,2.0,3.0,0
2356,56.84,3,445861.51,0.0,39,17,0.0,0.0,0
2357,61.67,3,466103.32000000007,9.99,44,32,1.0,0.0,0
2358,40.99,2,234022.89,0.0,57,26,2.0,0.5,0
2359,51.78,2,290774.19999999995,0.0,3,54,0.0,0.0,0
2360,64.37,1,126410.56,1.59,0,0,0.0,0.0,0
2361,14.96,2,216565.22,0.0,42,0,0.0,0.0,0
2362,20.97,3,288758.08999999997,13.809999999999999,3,53,2.0,2.0,0
2363,2.53,3,324026.7,7.46,0,39,0.0,0.0,0
2364,62.26,1,190871.83,4.58,33,0,2.0,0.0,0
2365,41.19,3,267114.03,0.0,73,47,0.0,0.0,0
2366,8.61,2,231791.8,11.91,12,52,2.0,0.0,1
2367,53.98,1,136162.55,5.87,19,0,2.0,1.5,0
2368,37.9,2,164695.84,0.57,50,0,2.0,3.0,0
2369,5.62,2,192286.73,7.72,48,42,2.0,2.5,0
2370,25.21,3,265422.05,7.42,0,13,2.0,0.5,0
2371,6.9,3,277121.70999999996,4.8100000000000005,22,60,1.0,1.0,0
2372,23.87,2,187236.58000000002,10.48,61,12,1.0,4.0,0
2373,42.67,3,396938.04,0.0,27,0,1.0,0.0,0
2374,2.89,2,175114.65000000002,0.0,18,43,0.0,0.0,0
2375,56.51,3,295779.66000000003,13.51,10,24,0.0,0.0,0
2376,59.89,3,261474.47999999998,0.0,43,56,0.0,0.0,0
2377,7.89,1,57472.25,0.0,0,0,2.0,1.5,0
2378,61.44,1,66299.12,9.08,15,0,0.0,0.0,0
2379,5.46,1,162817.38,0.12,49,50,0.0,0.0,0
2380,35.4,2,241601.21999999997,0.0,0,77,0.0,0.0,0
2381,61.57,3,455005.26,4.22,46,66,2.0,2.0,0
2382,16.17,1,163832.44,5.72,28,0,1.0,0.0,0
2383,57.03,3,261507.87,4.13,50,38,1.0,5.0,1
2384,36.42,3,382120.76,22.07,53,20,2.0,0.0,0
2385,7.79,2,249782.02000000002,12.43,0,0,1.0,4.0,0
2386,18.28,3,405115.69,5.68,55,22,0.0,0.0,0
2387,54.27,2,262751.64,4.95,74,0,0.0,0.0,0
2388,45.6,1,116810.33,7.56,0,0,2.0,4.0,0
2389,60.49,3,295739.83,1.54,36,60,1.0,0.0,0
2390,61.57,1,145972.77,0.0,6,21,0.0,0.0,0
2391,17.32,3,389533.05000000005,11.8,74,74,0.0,0.0,0
2392,14.2,1,176851.97,0.0,0,0,1.0,5.0,0
2393,57.86,2,188196.5,0.0,55,98,1.0,1.0,0
2394,46.29,3,360537.88,5.42,32,27,0.0,0.0,0
2395,49.93,2,200884.53999999998,4.89,0,39,2.0,3.0,0
2396,39.38,1,171068.18,9.3,0,24,0.0,0.0,0
2397,55.79,1,89659.42,0.0,19,33,1.0,1.0,0
2398,35.96,1,153243.08,1.46,45,0,2.0,0.0,1
2399,46.48,3,434736.54,19.31,46,66,1.0,2.0,0
2400,43.69,3,261868.69,0.0,34,42,1.0,0.0,0
2401,47.96,1,52356.34,4.82,0,0,1.0,1.0,0
2402,50.53,2,202282.79,3.44,60,26,2.0,4.0,0
2403,53.09,2,263267.0,8.42,0,12,0.0,0.0,0
2404,44.08,3,315345.94,6.7,0,23,2.0,1.0,0
2405,50.03,3,425554.08,9.49,73,40,0.0,0.0,0
2406,10.55,3,387222.32,10.690000000000001,42,61,0.0,0.0,0
2407,35.27,2,276137.26,0.0,45,56,2.0,1.5,0
2408,17.32,2,310249.1,7.01,24,22,1.0,3.0,0
2409,53.98,2,251727.12,7.93,3,0,0.0,0.0,0
2410,25.74,1,182293.28,9.29,0,46,1.0,5.0,0
2411,55.16,1,145886.68,0.94,21,15,0.0,0.0,1
2412,41.26,1,157077.68,0.0,0,0,2.0,3.5,1
2413,17.0,3,321465.35,0.0,87,55,0.0,0.0,0
2414,6.11,3,417844.19999999995,11.0,0,64,0.0,0.0,0
2415,33.23,3,407737.7,7.78,11,19,1.0,0.0,0
2416,27.78,2,257343.13,0.0,0,0,1.0,5.0,0
2417,63.61,2,233453.02000000002,5.21,0,35,1.0,0.0,0
2418,57.13,2,190013.56,0.76,0,76,0.0,0.0,0
2419,30.11,1,73663.94,3.18,0,27,0.0,0.0,0
2420,4.04,2,150804.99,10.49,38,0,0.0,0.0,0
2421,27.19,2,240676.09999999998,0.0,0,52,0.0,0.0,0
2422,46.78,2,105835.85,0.0,29,0,0.0,0.0,0
2423,62.52,2,148046.68,0.0,34,43,2.0,2.0,0
2424,33.99,1,84790.03,4.77,21,0,0.0,0.0,1
2425,50.43,2,300601.99,6.69,0,23,0.0,0.0,1
2426,61.08,2,285017.13,1.9000000000000001,68,0,0.0,0.0,0
2427,41.22,3,498668.94,1.36,58,11,1.0,0.0,0
2428,37.05,3,426071.82,17.509999999999998,5,46,0.0,0.0,0
2429,23.64,2,153310.61,6.84,2,33,0.0,0.0,0
2430,45.2,1,146117.28,0.0,3,48,0.0,0.0,0
2431,49.61,3,464127.13,1.67,58,20,2.0,2.0,0
2432,38.95,2,257180.58999999997,2.4,0,63,0.0,0.0,0
2433,42.74,2,316164.04000000004,14.96,23,35,0.0,0.0,0
2434,26.33,3,441436.05,2.07,54,40,0.0,0.0,0
2435,55.06,3,369629.12,13.54,86,31,0.0,0.0,0
2436,58.51,2,230333.0,7.45,28,15,1.0,2.0,0
2437,4.9,1,159864.43,0.0,0,7,1.0,0.0,1
2438,47.34,2,257594.21,13.81,39,0,0.0,0.0,0
2439,33.56,3,433521.57999999996,13.690000000000001,23,33,1.0,2.0,0
2440,6.51,1,180129.8,8.51,0,16,2.0,0.0,0
2441,25.84,2,172214.4,7.09,1,0,1.0,3.0,0
2442,21.47,3,344711.04,12.370000000000001,32,53,0.0,0.0,0
2443,61.31,1,146880.78,0.0,13,37,2.0,3.5,1
2444,10.78,2,229471.91999999998,0.0,12,29,0.0,0.0,0
2445,63.84,2,276828.19999999995,5.26,42,35,0.0,0.0,0
2446,12.23,2,184518.74,2.65,9,37,0.0,0.0,1
2447,42.97,1,61542.28,9.0,5,12,0.0,0.0,0
2448,44.21,1,72728.63,2.13,0,39,0.0,0.0,0
2449,24.69,3,370909.04,8.72,0,0,1.0,0.0,0
2450,31.43,3,326034.83,9.18,64,34,0.0,0.0,0
2451,7.36,3,359598.9,4.37,121,68,0.0,0.0,0
2452,16.34,1,93876.06,3.02,0,2,1.0,0.0,0
2453,52.27,3,303812.58,0.89,99,35,0.0,0.0,0
2454,39.15,2,321759.85,0.0,5,21,1.0,3.0,0
2455,48.09,2,222338.16,5.95,48,77,0.0,0.0,0
2456,35.27,3,225150.02000000002,9.040000000000001,77,66,0.0,0.0,0
2457,40.47,1,197638.17,7.95,0,0,2.0,4.5,1
2458,29.62,3,453910.07,8.11,40,0,1.0,5.0,1
2459,27.38,2,238939.21,2.63,30,0,0.0,0.0,0
2460,38.49,2,300495.36,0.32,63,11,1.0,0.0,1
2461,37.77,2,170763.25,0.0,37,0,2.0,1.5,1
2462,29.55,2,215252.13,4.0,37,22,0.0,0.0,0
2463,48.82,3,412378.68,2.98,19,49,0.0,0.0,0
2464,3.16,2,316417.64,8.15,34,0,1.0,0.0,0
2465,27.91,2,209029.26,3.64,0,26,2.0,4.5,1
2466,24.36,2,229455.41,5.319999999999999,45,44,0.0,0.0,0
2467,36.36,3,486724.08999999997,5.96,47,76,0.0,0.0,0
2468,51.51,1,105345.54,0.05,0,27,0.0,0.0,0
2469,51.55,1,66264.89,1.06,14,34,0.0,0.0,0
2470,42.74,3,420717.28,13.780000000000001,39,49,1.0,0.0,0
2471,59.86,2,215970.0,9.84,12,0,2.0,2.0,0
2472,30.05,2,215260.13999999998,0.34,23,49,0.0,0.0,0
2473,12.82,1,199776.69,0.0,0,50,2.0,4.0,0
2474,32.25,2,149897.94,0.0,25,26,0.0,0.0,0
2475,23.18,2,244317.15,3.43,60,52,2.0,3.5,0
2476,35.86,1,154718.89,0.0,0,23,1.0,0.0,0
2477,13.84,3,425596.66,4.42,15,6,0.0,0.0,1
2478,53.55,1,68883.39,4.2,0,49,0.0,0.0,0
2479,50.89,1,164949.0,7.15,7,0,2.0,2.0,1
2480,42.44,2,281581.61,6.96,29,39,2.0,1.0,0
2481,28.83,1,84958.88,0.0,0,32,1.0,2.0,0
2482,47.01,2,136536.72,8.26,13,0,0.0,0.0,0
2483,35.37,3,489989.06999999995,6.22,105,11,2.0,0.0,0
2484,14.79,3,451972.32,14.59,22,0,1.0,0.0,0
2485,53.06,1,125711.72,9.95,14,0,0.0,0.0,0
2486,64.3,3,362003.11,13.71,32,0,0.0,0.0,0
2487,47.67,3,406580.82999999996,8.36,67,29,0.0,0.0,0
2488,21.86,2,216789.36000000002,0.0,32,0,1.0,0.0,0
2489,4.14,2,234188.88,0.0,27,10,2.0,1.0,0
2490,38.1,3,479232.16,12.92,30,84,2.0,1.0,0
2491,32.77,2,281553.97,12.670000000000002,46,0,0.0,0.0,0
2492,62.79,1,154754.6,7.67,47,0,0.0,0.0,0
2493,24.46,1,126150.75,0.0,40,11,0.0,0.0,0
2494,53.12,3,346052.37,17.78,22,29,0.0,0.0,0
2495,46.55,2,279622.57,4.75,81,0,0.0,0.0,0
2496,28.57,2,329224.94,16.200000000000003,28,25,2.0,3.5,0
2497,37.74,3,353895.3,11.65,17,31,2.0,0.0,0
2498,28.01,2,249236.57,11.100000000000001,32,14,2.0,2.5,1
2499,11.51,1,82541.77,0.0,50,0,1.0,5.0,0
2500,4.04,2,337600.99,0.85,41,12,2.0,2.5,0
2501,23.41,3,526726.75,2.81,39,73,2.0,2.5,0
2502,3.09,1,181031.03,5.43,46,13,0.0,0.0,0
2503,4.11,3,311725.83999999997,0.0,16,27,0.0,0.0,0
2504,57.03,1,120431.73,0.0,0,0,0.0,0.0,0
2505,40.43,3,331698.65,9.3,15,100,0.0,0.0,0
2506,31.43,3,400209.58999999997,9.5,47,39,0.0,0.0,0
2507,25.58,1,116707.5,7.49,0,0,2.0,0.5,0
2508,2.33,1,117163.93,0.78,0,12,1.0,0.0,0
2509,1.97,3,365528.01,10.09,29,15,0.0,0.0,0
2510,19.07,1,76791.39,0.0,0,0,0.0,0.0,0
2511,26.23,2,171635.57,0.0,35,0,0.0,0.0,0
2512,56.38,3,338936.7,2.45,25,50,0.0,0.0,0
2513,58.28,3,326408.1,13.7,0,81,2.0,0.5,0
2514,20.55,2,342545.88,7.07,36,46,0.0,0.0,0
2515,2.96,3,416553.76,9.77,45,60,2.0,2.5,1
2516,34.09,3,327655.51,15.280000000000001,3,53,0.0,0.0,0
2517,31.59,3,292348.74,7.66,19,38,0.0,0.0,0
2518,46.48,1,185820.59,9.81,0,0,0.0,0.0,1
2519,35.27,3,426922.42,8.22,103,28,1.0,4.0,0
2520,62.82,1,108196.6,0.0,46,0,0.0,0.0,0
2521,16.27,3,268395.99,0.0,23,20,0.0,0.0,0
2522,37.28,2,240167.84,0.0,0,40,1.0,5.0,1
2523,50.07,1,76305.51,0.0,0,0,1.0,0.0,0
2524,26.0,2,323967.55,5.99,55,48,1.0,0.0,0
2525,24.0,2,190688.46,9.91,0,39,2.0,3.0,0
2526,7.73,3,523662.87,10.7,30,0,1.0,0.0,0
2527,60.98,2,318388.2,0.0,20,31,1.0,0.0,0
2528,57.23,2,321930.20999999996,1.56,0,27,0.0,0.0,0
2529,58.09,3,431702.33999999997,7.98,42,7,0.0,0.0,0
2530,19.26,3,371193.39,3.19,17,25,1.0,3.0,0
2531,57.59,2,258759.32,8.25,70,54,0.0,0.0,0
2532,6.15,3,324380.99,6.1,60,3,1.0,0.0,0
2533,20.02,1,80720.84,8.61,1,20,0.0,0.0,0
2534,30.24,1,192540.47,0.0,49,6,0.0,0.0,0
2535,49.31,1,67242.25,1.74,23,0,0.0,0.0,0
2536,41.58,2,210656.15,6.94,3,35,0.0,0.0,0
2537,48.32,2,173101.32,0.0,0,20,0.0,0.0,1
2538,11.14,3,226323.54,4.32,1,0,2.0,2.0,0
2539,59.5,3,383834.20999999996,13.75,52,87,1.0,0.0,0
2540,30.34,2,299457.64,12.08,4,0,0.0,0.0,0
2541,6.71,1,101533.15,0.0,0,35,0.0,0.0,0
2542,60.59,1,101124.38,0.0,36,0,0.0,0.0,0
2543,38.4,2,241742.06,6.58,15,0,1.0,2.0,1
2544,17.78,2,300717.12,3.09,7,37,2.0,0.5,0
2545,37.74,1,117589.44,2.2,33,28,1.0,5.0,0
2546,14.73,1,185285.88,0.0,25,0,2.0,2.5,0
2547,48.95,3,388399.58999999997,7.69,0,42,0.0,0.0,0
2548,19.56,3,447071.63,3.59,16,14,1.0,2.0,0
2549,42.31,2,295873.53,0.0,5,0,2.0,0.0,0
2550,19.59,3,312525.1,7.18,47,64,1.0,0.0,0
2551,19.46,2,245314.78000000003,3.59,0,7,0.0,0.0,0
2552,18.87,3,397301.24,0.88,50,27,1.0,0.0,0
2553,20.35,1,164243.76,0.58,34,0,1.0,0.0,0
2554,23.83,2,300327.76,2.66,60,0,1.0,3.0,0
2555,18.21,1,122114.79,0.0,0,13,1.0,0.0,0
2556,22.42,2,214486.01,6.11,38,31,0.0,0.0,0
2557,4.11,1,164556.75,0.0,19,0,2.0,4.0,0
2558,17.52,1,123629.92,0.0,0,6,1.0,3.0,0
2559,8.25,1,194403.16,1.34,0,0,1.0,0.0,0
2560,58.78,1,107194.17,0.0,0,50,0.0,0.0,0
2561,26.76,2,221216.99,9.96,0,20,0.0,0.0,0
2562,8.61,2,357288.95999999996,5.63,57,3,0.0,0.0,1
2563,27.84,2,220107.99,0.0,36,34,2.0,0.5,0
2564,11.18,1,186209.98,5.82,0,48,2.0,3.0,0
2565,36.49,2,208786.47999999998,8.72,0,3,2.0,1.5,1
2566,9.66,3,382040.5,4.49,0,20,0.0,0.0,0
2567,22.75,2,224644.19,8.5,75,8,1.0,0.0,0
2568,62.59,1,174993.71,3.16,0,4,1.0,0.0,0
2569,4.37,1,80515.8,0.0,30,0,0.0,0.0,0
2570,12.79,3,388862.84,5.45,85,37,2.0,0.0,0
2571,2.04,2,161496.63,6.22,42,0,1.0,0.0,1
2572,32.28,1,130589.94,0.0,0,37,0.0,0.0,0
2573,2.66,3,276817.13,0.0,39,58,2.0,0.0,0
2574,49.57,2,291642.55,0.0,31,28,2.0,0.0,1
2575,54.08,3,443648.45999999996,3.49,42,45,0.0,0.0,0
2576,56.74,1,131695.31,9.32,43,0,2.0,2.0,0
2577,26.17,3,379514.86,18.77,74,58,2.0,0.0,0
2578,52.6,1,119400.43,0.0,12,0,1.0,0.0,0
2579,62.36,1,73772.75,0.0,0,0,0.0,0.0,0
2580,51.97,1,82971.65,0.0,0,0,0.0,0.0,0
2581,37.51,1,99680.69,0.0,33,4,2.0,1.0,0
2582,62.06,1,198694.38,2.24,0,34,1.0,0.0,0
2583,58.91,2,185293.61,0.0,30,47,2.0,0.0,1
2584,4.01,2,238507.25,4.78,35,0,1.0,1.0,0
2585,9.96,3,224450.61,14.93,29,89,2.0,0.0,1
2586,13.02,2,340281.15,11.77,0,40,1.0,0.0,1
2587,34.71,3,245257.91,14.330000000000002,52,39,0.0,0.0,0
2588,63.31,3,437573.05,8.27,19,10,0.0,0.0,0
2589,45.46,1,118915.66,0.0,46,41,0.0,0.0,1
2590,53.71,3,480564.12,14.69,1,33,1.0,4.0,0
2591,53.25,2,281339.74,0.0,46,46,0.0,0.0,0
2592,57.73,2,270192.06,6.71,20,5,1.0,4.0,1
2593,13.12,3,400178.91,9.5,49,95,0.0,0.0,0
2594,29.06,2,319707.23,9.68,9,35,1.0,0.0,0
2595,48.98,1,176222.48,0.0,0,33,2.0,0.0,0
2596,50.72,2,241703.90000000002,15.49,10,5,0.0,0.0,1
2597,52.79,2,133062.93,8.15,0,37,1.0,4.0,0
2598,61.7,2,294817.61,7.7,43,50,0.0,0.0,0
2599,14.2,2,213255.81,9.6,10,11,0.0,0.0,0
2600,45.99,1,81695.01,0.0,45,43,2.0,3.0,0
2601,31.23,3,420565.63,5.2,32,29,0.0,0.0,0
2602,0.1,2,196645.31,0.0,46,0,0.0,0.0,0
2603,36.65,3,297833.45,6.94,0,32,0.0,0.0,0
2604,60.98,3,257939.88,13.21,18,0,0.0,0.0,0
2605,41.95,1,164973.98,0.0,0,0,0.0,0.0,0
2606,7.46,2,215036.29,7.61,42,73,2.0,1.0,0
2607,48.78,3,346153.25,1.15,26,58,1.0,0.0,0
2608,49.84,3,505907.2,7.22,0,74,1.0,0.0,0
2609,32.64,3,274361.13,8.04,33,26,0.0,0.0,1
2610,59.47,1,85710.04,1.06,0,8,0.0,0.0,0
2611,39.35,1,147953.66,0.0,0,41,1.0,0.0,0
2612,6.08,2,209208.24000000002,9.93,35,0,0.0,0.0,0
2613,33.99,1,58526.5,0.0,0,0,2.0,0.0,0
2614,62.72,1,97533.5,4.21,0,31,2.0,2.0,0
2615,59.01,1,173700.93,0.0,0,47,2.0,2.5,0
2616,46.78,2,194924.43,0.0,42,15,1.0,5.0,0
2617,32.28,1,156576.68,0.0,48,0,0.0,0.0,0
2618,4.17,3,396147.83,7.6899999999999995,13,48,0.0,0.0,1
2619,60.03,3,291936.64,0.0,29,42,0.0,0.0,0
2620,59.14,2,217806.64,1.23,19,35,0.0,0.0,0
2621,14.6,2,271320.70999999996,0.0,41,84,0.0,0.0,0
2622,45.99,2,327002.02,13.469999999999999,0,0,0.0,0.0,0
2623,39.25,1,196435.89,0.0,10,0,0.0,0.0,1
2624,26.89,1,129035.71,0.0,0,0,0.0,0.0,0
2625,43.52,2,208289.8,3.62,0,0,1.0,4.0,1
2626,18.97,1,57958.95,0.0,0,21,1.0,4.0,0
2627,13.45,2,256637.8,3.86,31,0,1.0,5.0,0
2628,31.46,3,437871.15,0.69,30,29,0.0,0.0,0
2629,48.55,2,228133.02000000002,0.0,0,0,1.0,0.0,1
2630,41.65,3,376208.48,0.0,9,74,0.0,0.0,0
2631,59.27,1,176963.46,6.48,42,39,0.0,0.0,0
2632,4.47,2,198025.05,4.94,1,0,1.0,0.0,0
2633,27.22,3,318459.07999999996,5.68,57,31,0.0,0.0,0
2634,20.18,1,93516.15,0.0,9,0,0.0,0.0,0
2635,63.02,3,278032.45,7.61,8,54,0.0,0.0,0
2636,52.89,3,448375.45999999996,3.24,67,0,1.0,0.0,0
2637,22.58,3,363828.39,13.67,0,109,1.0,3.0,0
2638,9.14,2,252544.40999999997,1.22,28,47,0.0,0.0,0
2639,48.19,1,185684.35,0.0,9,17,1.0,0.0,0
2640,44.35,1,143269.32,4.1,29,5,2.0,1.5,0
2641,51.28,2,214290.66,11.34,31,29,0.0,0.0,1
2642,57.36,1,67843.67,0.0,0,0,0.0,0.0,0
2643,57.63,3,439580.77,1.9,5,69,2.0,0.0,0
2644,60.06,1,165593.35,0.0,0,0,2.0,0.0,0
2645,0.16,3,425233.99,8.06,78,53,0.0,0.0,0
2646,0.56,2,209884.65000000002,8.53,35,45,2.0,3.5,0
2647,38.1,2,269695.98,3.14,9,61,0.0,0.0,0
2648,15.42,3,564180.76,0.0,14,30,0.0,0.0,0
2649,48.95,2,289208.55,8.18,2,40,2.0,0.0,0
2650,11.01,3,426573.63,10.87,77,33,1.0,0.0,0
2651,63.64,1,169460.72,0.0,48,27,2.0,1.0,0
2652,60.88,2,195686.91999999998,6.53,45,61,0.0,0.0,0
2653,48.75,2,236888.49,1.23,38,45,0.0,0.0,0
2654,56.31,3,228638.81,14.629999999999999,25,9,0.0,0.0,0
2655,41.22,3,437790.15,6.13,54,47,0.0,0.0,0
2656,52.04,3,289167.70999999996,16.31,0,37,0.0,0.0,1
2657,58.58,2,285705.13,0.0,54,0,0.0,0.0,0
2658,45.63,2,254941.97999999998,0.0,35,0,1.0,0.0,0
2659,5.0,1,128352.59,5.59,4,0,1.0,0.0,0
2660,1.91,3,382702.28,14.93,48,33,0.0,0.0,1
2661,36.36,2,297412.2,0.38,40,49,2.0,2.0,0
2662,57.0,1,197670.67,2.34,3,0,0.0,0.0,1
2663,8.94,1,156697.68,0.25,9,0,0.0,0.0,0
2664,3.22,2,249148.47000000003,8.51,0,0,1.0,4.0,0
2665,49.87,3,359027.95,0.95,71,30,2.0,0.0,0
2666,1.38,1,156056.24,0.0,0,41,2.0,0.0,0
2667,12.1,1,100933.27,9.86,16,49,2.0,1.0,0
2668,50.79,1,72044.38,0.0,0,46,0.0,0.0,0
2669,44.61,2,259722.94,2.15,6,13,0.0,0.0,0
2670,8.55,2,274088.26,5.94,36,27,2.0,3.0,0
2671,8.74,3,327646.11,0.0,54,0,0.0,0.0,0
2672,4.31,1,182422.04,0.0,0,0,0.0,0.0,0
2673,50.23,3,319531.0,0.96,29,38,0.0,0.0,0
2674,38.23,3,560107.16,15.08,24,43,1.0,4.0,0
2675,42.11,2,272958.16,6.28,11,20,0.0,0.0,0
2676,42.01,3,554250.79,16.04,69,69,0.0,0.0,0
2677,10.78,1,149336.8,0.0,0,31,0.0,0.0,0
2678,34.85,2,251007.89,2.3,38,11,0.0,0.0,0
2679,62.92,3,420051.82999999996,9.55,0,49,1.0,5.0,0
2680,54.4,1,70510.87,5.61,21,0,0.0,0.0,1
2681,5.85,2,323058.18000000005,7.02,29,45,0.0,0.0,0
2682,30.14,2,293108.8,7.81,55,44,0.0,0.0,0
2683,56.9,1,175376.73,0.0,41,49,0.0,0.0,0
2684,42.83,2,298148.29,9.870000000000001,30,72,2.0,1.5,0
2685,40.73,3,366165.56,0.0,17,64,2.0,1.0,0
2686,26.04,3,458087.81,9.25,50,19,0.0,0.0,0
2687,16.24,2,311404.8,0.0,23,15,1.0,0.0,0
2688,5.88,3,363088.6,6.359999999999999,0,40,0.0,0.0,0
2689,54.87,3,486674.94,0.0,65,0,0.0,0.0,0
2690,3.94,3,468985.56000000006,16.21,31,48,2.0,2.5,0
2691,27.74,3,428622.02,11.15,2,60,0.0,0.0,0
2692,27.19,3,469443.94,0.0,25,58,1.0,5.0,0
2693,12.2,2,232644.43,0.0,0,37,1.0,5.0,0
2694,57.1,2,168807.64,13.24,14,0,0.0,0.0,0
2695,7.5,3,425838.11,3.25,50,47,0.0,0.0,0
2696,57.33,1,131455.08,4.06,0,0,2.0,1.0,0
2697,6.61,3,549751.05,15.87,14,0,0.0,0.0,1
2698,27.58,3,340704.57999999996,7.779999999999999,30,95,2.0,0.0,1
2699,35.77,2,341456.15,0.0,47,8,2.0,1.5,0
2700,34.98,2,176468.89,6.4399999999999995,0,33,1.0,3.0,0
2701,61.54,3,254616.89,7.3999999999999995,0,58,2.0,0.0,0
2702,35.31,2,232781.94,6.8999999999999995,1,31,0.0,0.0,1
2703,38.0,2,254425.84999999998,0.0,0,33,0.0,0.0,0
2704,52.76,2,264858.59,0.0,0,39,2.0,0.0,0
2705,12.03,2,321444.8,3.58,11,40,1.0,0.0,0
2706,14.07,3,335638.04,1.37,45,33,0.0,0.0,0
2707,8.45,3,187795.87,6.78,47,0,1.0,0.0,0
2708,6.28,2,346390.62,17.32,0,0,1.0,3.0,0
2709,17.85,1,76963.17,3.07,0,0,0.0,0.0,0
2710,30.31,3,445811.23,14.309999999999999,45,60,0.0,0.0,0
2711,7.1,1,76461.67,0.5,20,16,0.0,0.0,0
2712,18.34,2,215768.65,11.54,15,45,0.0,0.0,0
2713,62.62,1,161998.63,6.76,21,18,1.0,5.0,0
2714,3.58,3,391926.12,9.15,76,45,0.0,0.0,0
2715,17.16,3,369561.12,9.01,39,32,1.0,4.0,0
2716,50.07,3,365631.01,17.67,6,51,1.0,1.0,0
2717,6.41,3,393741.41000000003,8.84,0,67,2.0,2.0,0
2718,62.2,3,422160.51,5.59,62,4,0.0,0.0,1
2719,30.57,1,93415.2,4.75,40,7,0.0,0.0,0
2720,20.71,1,168777.01,0.0,2,27,2.0,0.0,0
2721,39.68,2,249617.97999999998,6.3500000000000005,16,56,0.0,0.0,0
2722,46.25,3,257797.94999999998,1.95,8,16,1.0,0.0,0
2723,7.79,1,71617.12,5.71,0,0,0.0,0.0,0
2724,20.45,2,227036.66,0.0,62,44,2.0,5.0,0
2725,63.41,2,251044.56,5.63,48,81,0.0,0.0,0
2726,11.51,3,386633.48,2.26,71,23,2.0,0.0,1
2727,13.25,3,332952.88,12.879999999999999,54,63,2.0,0.0,0
2728,30.41,2,251286.66999999998,7.5600000000000005,40,45,0.0,0.0,0
2729,57.13,2,168142.26,0.0,38,48,1.0,4.0,0
2730,52.4,2,286968.75,12.77,0,88,1.0,0.0,1
2731,58.51,3,352955.5,5.6,25,19,2.0,2.5,0
2732,41.55,2,212370.76,3.58,0,14,0.0,0.0,0
2733,11.9,2,322368.91000000003,0.31,0,50,1.0,4.0,0
2734,10.32,1,104838.94,2.5,30,41,1.0,0.0,0
2735,27.09,3,342927.29000000004,8.899999999999999,64,0,0.0,0.0,0
2736,20.22,3,354106.16000000003,12.18,52,45,0.0,0.0,0
2737,60.75,3,488771.39,0.06,35,15,1.0,0.0,0
2738,21.96,1,130838.31,2.85,24,26,0.0,0.0,1
2739,56.84,1,60432.49,0.35,41,0,0.0,0.0,0
2740,50.3,2,377821.04,0.0,12,22,1.0,0.0,0
2741,23.6,2,390979.26,0.0,0,0,1.0,4.0,0
2742,1.84,1,112610.94,6.55,1,43,0.0,0.0,0
2743,63.61,1,174518.79,3.31,0,0,1.0,1.0,0
2744,52.43,1,179389.54,4.15,0,0,0.0,0.0,0
2745,2.83,1,54305.43,0.0,38,14,2.0,0.0,0
2746,25.71,1,123091.59,0.0,0,29,0.0,0.0,0
2747,34.35,2,226202.57,7.61,65,13,0.0,0.0,0
2748,10.95,3,266478.83999999997,3.99,48,5,1.0,0.0,0
2749,38.1,3,419214.48,8.41,42,21,2.0,0.5,1
2750,35.96,2,340606.97,0.0,30,42,1.0,2.0,0
2751,26.3,1,135662.71,0.0,21,27,1.0,1.0,0
2752,33.27,2,196014.62,9.58,0,0,1.0,1.0,0
2753,61.14,3,404833.97,1.49,58,44,0.0,0.0,0
2754,11.7,2,221203.05,8.54,13,22,0.0,0.0,0
2755,51.35,2,196354.39,5.15,7,15,0.0,0.0,0
2756,16.83,1,184468.61,0.0,32,20,0.0,0.0,0
2757,42.9,3,364503.85000000003,7.12,12,27,0.0,0.0,0
2758,12.23,1,132269.65,9.27,0,42,0.0,0.0,0
2759,23.87,2,173205.68,7.8,47,62,1.0,0.0,0
2760,16.8,1,126412.46,0.0,42,6,2.0,0.0,0
2761,35.14,1,106542.13,9.56,0,36,1.0,0.0,0
2762,16.01,2,172029.8,9.0,49,2,2.0,4.0,0
2763,35.57,3,310850.47,5.22,39,41,1.0,5.0,0
2764,16.44,1,123781.43,5.13,0,0,0.0,0.0,0
2765,38.4,1,196669.9,4.42,0,0,0.0,0.0,0
2766,37.15,2,308023.61,1.24,0,25,2.0,0.0,0
2767,42.41,2,249465.25,7.62,32,32,0.0,0.0,0
2768,10.59,3,418627.68000000005,5.15,29,0,0.0,0.0,0
2769,25.94,2,225612.09999999998,0.0,59,17,1.0,3.0,1
2770,21.63,2,219754.82,0.0,27,0,1.0,4.0,0
2771,60.88,1,97127.22,7.09,28,37,2.0,2.5,0
2772,17.69,3,310953.58,0.14,0,34,2.0,0.0,0
2773,35.63,2,354995.76,14.68,34,9,1.0,0.0,0
2774,47.67,2,259592.72000000003,7.0,16,0,2.0,2.5,0
2775,45.1,1,55186.93,0.0,28,36,1.0,1.0,0
2776,57.96,1,156471.76,8.87,0,0,0.0,0.0,0
2777,2.6,3,459328.97000000003,10.440000000000001,6,14,0.0,0.0,0
2778,61.47,1,68281.34,0.0,0,22,1.0,2.0,0
2779,43.2,1,191161.0,0.66,44,0,2.0,3.0,0
2780,31.76,1,140199.16,7.61,10,0,0.0,0.0,1
2781,50.59,1,189993.33,0.0,4,0,0.0,0.0,0
2782,6.41,3,341221.61,0.0,35,71,2.0,2.0,0
2783,32.22,2,253105.15999999997,6.96,0,36,1.0,0.0,0
2784,30.28,1,192818.8,0.0,0,31,2.0,1.5,0
2785,8.91,1,149889.1,5.21,0,43,2.0,0.0,0
2786,27.09,1,93263.39,8.18,22,0,2.0,2.5,1
2787,54.17,2,326968.1,0.0,14,45,1.0,0.0,0
2788,36.26,2,188722.4,15.0,0,0,0.0,0.0,0
2789,13.08,3,331975.42000000004,23.58,25,0,0.0,0.0,0
2790,3.35,3,269018.6,17.45,9,34,2.0,0.5,0
2791,24.79,3,380932.35,4.199999999999999,45,27,0.0,0.0,0
2792,63.15,3,269440.81,3.23,36,105,1.0,0.0,0
2793,22.58,2,260354.79,6.15,34,0,0.0,0.0,0
2794,25.61,2,234916.9,11.52,20,40,1.0,0.0,0
2795,30.97,2,223733.53999999998,8.04,39,40,2.0,2.0,0
2796,7.23,1,181441.93,5.24,0,0,0.0,0.0,0
2797,56.18,3,441261.26,5.89,83,62,0.0,0.0,0
2798,19.49,3,313068.18,13.46,54,45,2.0,2.0,0
2799,55.95,2,305146.42,2.9499999999999997,60,46,0.0,0.0,0
2800,4.44,2,316962.32999999996,8.47,24,31,0.0,0.0,0
2801,40.89,3,467203.43999999994,13.629999999999999,48,49,2.0,1.5,0
2802,57.13,3,512671.31,7.19,14,0,1.0,0.0,0
2803,1.18,1,188770.2,4.42,41,0,0.0,0.0,0
2804,6.67,2,300789.01,4.34,42,0,0.0,0.0,0
2805,53.02,3,388022.75,0.0,59,0,1.0,0.0,0
2806,10.12,1,126668.56,0.0,6,21,0.0,0.0,0
2807,1.12,2,341496.56,9.99,40,23,1.0,3.0,1
2808,55.75,3,352955.57999999996,2.99,26,26,0.0,0.0,0
2809,48.19,1,74732.45,0.0,0,44,2.0,0.0,0
2810,41.78,1,179484.97,0.0,28,0,1.0,4.0,0
2811,55.79,2,324292.86,0.0,46,25,1.0,0.0,0
2812,23.27,2,323162.48,7.5,7,0,0.0,0.0,0
2813,46.84,3,244583.48,12.76,47,47,2.0,1.0,0
2814,56.28,2,244192.16999999998,0.0,0,24,0.0,0.0,0
2815,26.63,2,299351.92,6.42,34,6,1.0,5.0,1
2816,28.34,3,275507.32999999996,15.51,20,82,0.0,0.0,0
2817,35.9,3,407563.80000000005,16.45,2,11,2.0,2.5,0
2818,5.1,3,309296.92000000004,1.62,19,0,2.0,2.5,1
2819,16.04,2,256163.52999999997,8.09,50,56,1.0,4.0,0
2820,9.17,2,347052.49,10.89,49,25,2.0,1.0,0
2821,42.97,1,106913.04,3.39,0,0,0.0,0.0,1
2822,8.45,2,351326.11,2.99,38,0,0.0,0.0,0
2823,27.91,3,289321.04,7.32,2,10,0.0,0.0,0
2824,26.56,2,314151.17,4.33,46,16,0.0,0.0,0
2825,40.63,3,334602.05,8.28,10,36,2.0,3.5,1
2826,32.68,3,372555.58,5.83,14,77,1.0,5.0,0
2827,47.63,3,383068.47,0.0,65,23,1.0,5.0,1
2828,28.4,2,184807.12,3.56,6,28,0.0,0.0,0
2829,57.33,1,72892.37,9.82,0,5,2.0,1.0,1
2830,49.24,1,62439.8,9.78,0,46,0.0,0.0,0
2831,43.46,2,265863.38,1.82,47,0,1.0,0.0,1
2832,37.57,3,425257.92000000004,21.68,58,0,0.0,0.0,0
2833,50.92,2,225975.7,8.88,35,20,1.0,5.0,0
2834,19.3,1,181426.92,0.0,0,0,0.0,0.0,0
2835,28.01,1,195203.65,2.17,0,48,2.0,2.5,1
2836,44.44,2,215889.84999999998,9.35,10,0,0.0,0.0,0
2837,52.6,2,261259.21999999997,7.44,41,0,0.0,0.0,0
2838,54.93,3,291208.0,7.4399999999999995,25,38,1.0,0.0,1
2839,28.17,1,57789.24,2.34,0,25,2.0,3.5,0
2840,33.86,3,436018.89,0.48,98,17,2.0,2.5,0
2841,42.5,2,241740.44,2.55,20,37,1.0,2.0,0
2842,49.05,2,175641.0,3.96,44,52,0.0,0.0,0
2843,1.74,2,186945.57,2.86,7,0,1.0,2.0,0
2844,11.28,1,183454.92,9.02,0,24,2.0,0.5,0
2845,9.37,3,342798.91000000003,5.53,0,94,2.0,5.0,0
2846,28.34,1,138980.48,0.0,3,0,1.0,0.0,0
2847,16.04,2,239606.76,8.18,38,0,1.0,0.0,1
2848,23.7,2,194352.57,10.24,24,53,1.0,0.0,0
2849,21.14,3,409586.29000000004,10.64,50,0,0.0,0.0,0
2850,15.58,3,347383.85000000003,8.12,11,58,0.0,0.0,0
2851,63.48,1,141153.17,7.17,0,20,0.0,0.0,0
2852,5.56,1,197126.23,0.0,0,0,2.0,2.0,0
2853,49.51,1,157337.77,0.0,29,0,2.0,1.5,0
2854,4.9,3,266318.05,14.65,5,59,1.0,0.0,0
2855,48.42,2,208984.99,16.419999999999998,24,53,0.0,0.0,0
2856,46.19,3,535517.19,0.0,0,48,1.0,4.0,0
2857,22.85,2,215182.39,0.0,59,75,0.0,0.0,0
2858,6.21,3,340683.76,0.81,1,46,0.0,0.0,1
2859,23.83,2,370660.3,7.24,48,48,2.0,0.0,0
2860,52.3,3,416367.72000000003,0.0,0,70,0.0,0.0,0
2861,58.58,1,108902.15,3.91,10,46,2.0,0.5,1
2862,24.16,2,298177.92,0.0,20,53,2.0,4.0,1
2863,4.04,1,104867.45,0.0,41,14,0.0,0.0,0
2864,57.26,3,336736.35,15.629999999999999,40,0,2.0,0.0,0
2865,24.69,3,411251.49,19.11,23,27,2.0,0.5,0
2866,57.33,2,144028.91999999998,2.45,77,0,2.0,4.5,1
2867,60.32,1,191665.33,0.0,0,0,1.0,0.0,0
2868,44.48,1,110802.23,1.29,18,0,0.0,0.0,0
2869,5.06,1,148564.57,0.0,16,3,2.0,2.5,0
2870,56.71,1,198340.77,0.0,45,0,1.0,0.0,0
2871,4.77,1,60815.15,4.22,0,32,0.0,0.0,0
2872,19.76,1,87711.83,4.91,11,0,1.0,0.0,0
2873,42.5,1,123697.3,0.0,46,8,0.0,0.0,1
2874,40.07,1,172518.43,6.59,42,36,0.0,0.0,1
2875,19.72,2,252186.9,3.0,3,32,0.0,0.0,0
2876,49.93,3,446752.98,23.78,17,0,0.0,0.0,1
2877,39.64,1,51519.71,3.09,27,0,1.0,0.0,0
2878,62.43,3,332311.14,6.98,0,16,2.0,0.0,0
2879,18.38,3,372535.74,10.44,38,12,0.0,0.0,0
2880,13.18,1,56800.06,0.0,41,0,1.0,0.0,0
2881,35.11,3,348635.21,4.12,21,20,2.0,2.0,0
2882,7.86,1,131135.98,1.97,40,0,1.0,0.0,0
2883,18.67,2,238751.45,0.0,3,0,0.0,0.0,0
2884,17.32,2,346112.64,7.8,33,85,1.0,0.0,0
2885,45.96,1,61089.73,7.72,0,0,2.0,3.5,1
2886,13.58,3,326281.74,5.35,0,69,2.0,3.0,1
2887,9.7,3,449287.43,6.3,17,17,0.0,0.0,1
2888,58.58,3,441113.44,8.86,81,15,0.0,0.0,0
2889,6.9,3,328855.52,0.0,33,72,0.0,0.0,0
2890,34.81,1,58423.08,9.56,8,0,0.0,0.0,0
2891,11.9,3,420285.2,12.82,49,46,0.0,0.0,0
2892,33.99,3,292543.12,7.2299999999999995,42,39,2.0,2.0,0
2893,54.47,1,56987.39,0.0,4,0,2.0,2.5,0
2894,3.52,2,229248.83000000002,0.0,32,45,0.0,0.0,0
2895,0.16,2,282552.33,5.32,1,0,0.0,0.0,0
2896,4.93,1,145892.09,0.0,1,7,0.0,0.0,0
2897,64.04,1,63041.79,0.0,36,31,0.0,0.0,0
2898,52.5,3,331662.82,0.0,0,0,0.0,0.0,0
2899,42.08,3,235704.26,12.11,5,8,0.0,0.0,1
2900,45.96,2,258216.66999999998,5.23,37,0,1.0,4.0,0
2901,8.05,1,182535.37,8.76,10,0,0.0,0.0,0
2902,5.26,1,118702.89,2.23,0,0,0.0,0.0,0
2903,53.98,3,457510.9,8.09,65,0,0.0,0.0,0
2904,35.73,1,110457.76,4.97,43,15,1.0,0.0,0
2905,50.16,3,531273.73,18.03,67,40,2.0,0.0,0
2906,25.15,3,343397.19999999995,16.009999999999998,5,9,2.0,2.0,0
2907,8.12,1,148582.87,9.93,0,21,1.0,0.0,0
2908,39.38,1,128915.98,6.64,25,0,0.0,0.0,0
2909,49.87,1,159261.41,6.87,0,0,1.0,0.0,1
2910,48.65,2,255278.69,0.0,39,27,0.0,0.0,0
2911,9.34,3,378717.64,7.09,22,0,2.0,0.0,0
2912,20.74,3,304364.0,9.45,66,0,1.0,1.0,0
2913,61.28,2,262743.92,0.0,44,62,1.0,0.0,0
2914,6.87,2,208078.61,0.7,0,5,0.0,0.0,0
2915,32.35,3,296458.34,14.209999999999999,29,53,0.0,0.0,0
2916,17.13,3,284484.22,2.4400000000000004,59,84,0.0,0.0,0
2917,9.6,2,234824.93,0.0,16,0,0.0,0.0,1
2918,20.58,3,505279.81,1.46,16,33,0.0,0.0,0
2919,46.94,1,197735.5,0.0,29,0,0.0,0.0,1
2920,17.95,1,103162.77,0.0,44,0,0.0,0.0,0
2921,19.36,3,477820.7,0.93,35,40,1.0,0.0,0
2922,18.7,3,328158.17000000004,10.379999999999999,68,0,0.0,0.0,0
2923,22.16,2,367516.18999999994,0.0,0,27,0.0,0.0,1
2924,37.94,1,85497.21,2.59,47,0,0.0,0.0,1
2925,58.74,2,244728.9,0.0,0,30,0.0,0.0,0
2926,50.92,2,267887.45,0.22,61,22,0.0,0.0,1
2927,24.65,1,155422.07,3.27,0,11,0.0,0.0,0
2928,22.35,2,185453.14,9.57,45,0,1.0,0.0,1
2929,18.97,1,100566.07,0.0,9,4,1.0,0.0,0
2930,51.15,1,115950.69,0.0,43,47,0.0,0.0,0
2931,48.62,1,98912.2,0.0,37,0,1.0,0.0,0
2932,8.61,1,56225.45,1.15,0,50,2.0,0.0,0
2933,1.81,3,343280.32999999996,8.83,61,49,2.0,1.0,0
2934,44.87,1,123007.06,0.0,0,19,2.0,3.5,1
2935,33.96,3,423944.9,4.86,5,31,0.0,0.0,0
2936,55.69,1,198221.63,0.0,0,0,0.0,0.0,0
2937,51.97,1,168593.68,7.03,1,0,0.0,0.0,0
2938,44.67,2,370451.08999999997,0.0,31,0,0.0,0.0,0
2939,23.93,3,512181.53,11.219999999999999,53,67,0.0,0.0,0
2940,23.7,2,266809.97,4.89,20,34,1.0,0.0,0
2941,19.53,1,126452.43,0.5,46,21,1.0,2.0,0
2942,46.98,1,58509.89,0.22,0,38,1.0,0.0,0
2943,47.17,1,61180.95,0.0,12,0,0.0,0.0,0
2944,1.12,3,371131.26,5.39,23,25,1.0,0.0,0
2945,25.48,1,172873.31,7.04,0,20,0.0,0.0,0
2946,28.24,3,500822.48,0.0,10,30,2.0,0.5,0
2947,15.19,1,195267.77,2.71,13,0,0.0,0.0,0
2948,52.07,3,236902.97,18.89,74,53,1.0,5.0,0
2949,45.89,1,100939.6,3.53,2,0,0.0,0.0,0
2950,53.35,3,409150.12,14.719999999999999,36,0,2.0,1.5,0
2951,62.06,2,256006.81,0.0,11,41,2.0,0.0,1
2952,30.11,2,213483.94,0.0,0,46,2.0,2.5,0
2953,45.92,1,124415.45,0.0,0,0,2.0,2.5,0
2954,4.47,3,311566.5,9.58,27,0,0.0,0.0,0
2955,35.44,3,240912.46000000002,7.87,0,20,1.0,5.0,0
2956,4.54,2,224922.78,4.87,43,41,0.0,0.0,0
2957,31.56,2,330741.37,1.31,65,0,0.0,0.0,0
2958,20.28,3,494953.70999999996,3.77,36,73,0.0,0.0,0
2959,29.78,3,433829.11,7.8999999999999995,0,66,2.0,0.0,0
2960,15.06,2,265506.27,8.71,25,0,0.0,0.0,0
2961,11.77,3,265062.2,4.92,52,85,2.0,0.0,0
2962,31.69,3,312505.52,11.27,77,24,1.0,5.0,0
2963,54.4,3,377035.36,18.12,36,67,0.0,0.0,0
2964,10.82,1,142834.63,0.0,12,0,0.0,0.0,0
2965,19.0,2,265192.33,0.0,17,35,0.0,0.0,1
2966,31.33,2,277025.08999999997,7.33,41,0,2.0,2.0,0
2967,31.79,3,502762.39999999997,3.41,73,68,1.0,3.0,0
2968,15.55,1,186900.47,0.0,48,0,1.0,0.0,0
2969,5.56,2,254237.93,8.46,34,20,2.0,0.0,0
2970,42.04,2,174906.59,0.56,69,18,0.0,0.0,0
2971,7.86,3,336272.27999999997,11.44,93,32,1.0,0.0,0
2972,56.54,2,306919.79000000004,6.68,0,39,2.0,1.5,0
2973,13.35,3,328482.27,5.56,0,8,1.0,0.0,0
2974,18.11,1,53049.1,9.44,25,0,0.0,0.0,0
2975,26.76,3,255614.27000000002,3.57,80,7,0.0,0.0,0
2976,12.49,2,247154.5,3.28,7,47,0.0,0.0,0
2977,59.47,3,311769.37,1.83,80,11,0.0,0.0,0
2978,15.25,2,315463.12,4.359999999999999,37,1,2.0,2.0,1
2979,38.23,2,277507.02,9.2,30,0,2.0,0.0,1
2980,46.15,2,177117.72,3.29,8,29,2.0,0.0,0
2981,16.83,3,315793.52,13.14,67,47,0.0,0.0,0
2982,4.44,1,81483.32,0.0,0,0,1.0,0.0,0
2983,33.07,2,117273.45000000001,0.0,0,0,2.0,0.5,0
2984,57.59,3,462421.44,8.2,76,56,1.0,0.0,0
2985,61.37,2,167967.88,10.14,0,19,1.0,0.0,0
2986,15.25,2,199767.67,6.61,24,5,0.0,0.0,0
2987,14.37,1,192122.56,0.0,34,0,0.0,0.0,0
2988,36.59,2,309134.99,3.78,0,75,0.0,0.0,0
2989,41.09,1,88175.34,0.38,0,0,1.0,2.0,0
2990,3.45,2,346837.44999999995,0.0,0,43,2.0,3.0,0
2991,35.6,2,311753.6,0.0,0,48,0.0,0.0,0
2992,23.6,2,392606.38,2.27,9,40,0.0,0.0,0
2993,9.5,3,325965.17000000004,2.54,36,39,0.0,0.0,0
2994,49.28,1,68513.54,0.0,2,13,1.0,0.0,0
2995,20.41,1,64025.4,0.0,29,0,1.0,0.0,0
2996,31.16,2,299367.2,8.49,92,0,2.0,1.0,1
2997,16.34,3,323143.57,3.81,27,50,1.0,3.0,0
2998,49.9,2,154841.78,10.51,28,84,0.0,0.0,0
2999,10.49,2,311275.08999999997,3.98,0,0,2.0,2.5,0
3000,43.1,2,347184.11,0.9099999999999999,0,42,0.0,0.0,1
3001,59.6,1,118261.18,0.0,21,13,1.0,0.0,0
3002,20.12,1,54319.3,9.42,37,0,1.0,0.0,0
3003,17.98,2,337183.81,8.57,9,44,2.0,0.0,0
3004,35.93,1,188750.35,6.72,20,0,2.0,4.0,0
3005,18.47,2,249740.13,0.0,48,2,0.0,0.0,0
3006,10.22,1,72979.06,0.0,0,0,0.0,0.0,0
3007,28.24,1,140787.44,6.4,0,0,0.0,0.0,0
3008,17.98,2,238477.68,0.0,34,15,0.0,0.0,1
3009,58.61,3,490301.2,5.72,104,93,2.0,0.0,0
3010,34.09,3,505150.01,8.57,43,92,0.0,0.0,0
3011,13.12,2,241336.55000000002,1.77,0,37,2.0,2.5,1
3012,57.63,2,295648.12,1.24,11,51,0.0,0.0,1
3013,11.18,3,307075.33,6.290000000000001,0,62,0.0,0.0,0
3014,47.67,3,541125.97,20.0,56,40,1.0,0.0,0
3015,35.86,3,424914.05000000005,4.88,50,47,0.0,0.0,0
3016,60.52,2,159645.92,0.0,0,13,2.0,3.0,0
3017,41.58,3,301138.49,7.02,0,38,1.0,1.0,0
3018,57.96,1,72782.32,0.0,0,46,2.0,4.5,0
3019,47.3,3,340426.49,20.03,34,29,0.0,0.0,0
3020,17.59,3,259519.02,1.93,34,21,0.0,0.0,0
3021,5.13,3,360374.55,15.969999999999999,54,93,0.0,0.0,0
3022,60.39,1,99793.92,1.28,6,50,0.0,0.0,0
3023,7.56,3,509867.51,2.36,0,109,0.0,0.0,0
3024,13.35,1,63001.57,7.11,4,0,2.0,0.5,0
3025,29.91,3,345702.74,14.73,51,0,1.0,0.0,0
3026,15.78,3,353364.53,3.27,0,29,0.0,0.0,0
3027,60.19,2,310540.51,0.0,42,29,1.0,1.0,0
3028,25.08,2,285885.07,14.0,27,0,1.0,0.0,0
3029,1.15,3,456299.98,4.02,60,60,1.0,0.0,1
3030,43.82,2,227301.57,7.32,49,0,0.0,0.0,0
3031,56.64,1,108493.15,0.0,22,0,2.0,0.0,0
3032,9.8,3,385261.32,5.02,0,114,0.0,0.0,0
3033,32.81,1,196074.53,0.0,39,24,0.0,0.0,0
3034,60.52,1,144154.13,0.11,20,0,1.0,0.0,0
3035,27.61,2,146614.59,0.0,10,0,0.0,0.0,0
3036,60.22,1,105198.54,2.07,3,25,0.0,0.0,1
3037,15.78,3,370735.78,0.0,21,31,0.0,0.0,0
3038,0.23,2,269885.87,0.49,0,44,0.0,0.0,0
3039,49.21,1,137953.59,4.07,29,6,0.0,0.0,0
3040,12.46,1,144339.36,0.0,8,30,2.0,0.5,0
3041,55.36,3,411042.12,4.93,61,0,1.0,0.0,0
3042,33.0,1,131985.5,2.81,0,19,2.0,0.5,0
3043,42.97,3,522055.65,9.93,78,0,1.0,2.0,0
3044,33.3,1,149429.55,7.69,0,24,1.0,5.0,1
3045,48.03,3,409150.0,0.48,7,18,0.0,0.0,0
3046,44.58,3,397681.22,11.280000000000001,12,23,0.0,0.0,1
3047,8.32,1,125062.77,7.12,0,17,0.0,0.0,1
3048,7.53,3,329017.22000000003,11.899999999999999,38,10,1.0,0.0,0
3049,33.89,2,179712.82,10.350000000000001,64,22,1.0,0.0,0
3050,64.27,1,63054.35,2.03,28,0,2.0,2.5,0
3051,6.41,3,418524.14,14.12,50,26,2.0,1.5,0
3052,10.88,2,332993.01,1.44,12,40,1.0,4.0,0
3053,39.55,1,197731.28,7.67,0,16,0.0,0.0,0
3054,47.96,3,229819.15,16.509999999999998,0,17,1.0,0.0,0
3055,31.23,3,349293.02,0.56,10,88,0.0,0.0,1
3056,28.3,2,243974.72999999998,1.48,37,43,2.0,2.0,0
3057,43.72,3,327673.63,16.91,95,0,0.0,0.0,0
3058,49.47,3,491501.87,2.95,87,21,0.0,0.0,0
3059,14.2,2,122917.93,7.6,0,9,0.0,0.0,0
3060,34.85,1,65156.44,0.0,17,48,0.0,0.0,0
3061,51.38,1,53015.05,0.0,44,28,0.0,0.0,0
3062,20.91,1,130671.19,0.63,11,32,1.0,0.0,0
3063,59.3,1,134084.92,0.0,0,33,0.0,0.0,0
3064,50.46,1,112035.29,0.75,41,0,0.0,0.0,0
3065,51.51,1,124786.92,0.0,38,30,2.0,1.0,1
3066,27.55,3,324464.88,7.47,62,7,0.0,0.0,0
3067,30.47,2,328558.07999999996,3.98,52,0,1.0,0.0,0
3068,50.95,3,534712.51,19.630000000000003,78,48,0.0,0.0,0
3069,12.56,1,199766.01,0.0,48,42,2.0,0.5,0
3070,36.09,2,252660.64,6.49,55,0,0.0,0.0,0
3071,63.87,3,375391.0,2.41,90,10,0.0,0.0,1
3072,38.07,1,68337.29,8.2,0,16,2.0,2.0,0
3073,37.57,1,71954.72,0.0,37,0,2.0,1.0,0
3074,2.4,1,152115.44,0.0,0,44,0.0,0.0,0
3075,20.18,2,296611.16,0.0,47,37,2.0,4.5,1
3076,20.22,1,125596.68,3.25,0,0,1.0,3.0,0
3077,39.84,1,82498.89,5.04,0,1,1.0,0.0,0
3078,42.11,1,56970.21,0.0,26,44,2.0,5.0,0
3079,2.83,3,463180.41000000003,0.0,43,31,2.0,2.5,1
3080,32.81,3,380765.44999999995,3.68,47,6,0.0,0.0,0
3081,43.49,3,259429.49,13.009999999999998,48,27,2.0,3.0,0
3082,32.25,3,390258.58999999997,9.15,31,74,2.0,3.0,0
3083,16.5,1,170808.68,0.0,0,0,0.0,0.0,0
3084,38.33,1,88015.91,0.0,0,7,0.0,0.0,0
3085,20.97,2,198456.31,9.61,23,0,1.0,0.0,0
3086,43.79,1,83984.77,5.53,0,0,0.0,0.0,0
3087,44.54,1,110467.39,0.16,0,21,1.0,0.0,1
3088,28.5,2,228618.71000000002,0.0,20,0,0.0,0.0,0
3089,48.45,3,392161.76,0.0,18,48,2.0,0.5,0
3090,27.88,2,156555.40000000002,7.15,48,76,0.0,0.0,0
3091,7.17,3,303039.37,3.03,3,63,0.0,0.0,0
3092,43.69,3,407017.75,6.29,21,4,1.0,0.0,0
3093,34.88,2,254217.57,1.11,65,0,2.0,0.5,0
3094,9.2,3,426586.05000000005,9.42,1,40,2.0,0.0,0
3095,55.75,3,271711.96,0.0,76,82,0.0,0.0,1
3096,38.33,2,225156.3,5.19,53,0,0.0,0.0,0
3097,49.01,3,325193.74,0.0,88,50,0.0,0.0,0
3098,0.2,3,407711.27,17.74,0,79,0.0,0.0,0
3099,24.33,1,108103.88,0.0,0,0,0.0,0.0,0
3100,56.67,1,125602.12,1.33,0,37,0.0,0.0,0
3101,3.19,3,402179.91,1.08,44,50,0.0,0.0,0
3102,53.78,2,304894.45,0.0,0,0,0.0,0.0,0
3103,41.91,2,262356.85,0.0,51,0,1.0,0.0,0
3104,41.65,2,303093.94,0.0,41,15,1.0,0.0,0
3105,7.99,1,66212.49,7.46,31,48,0.0,0.0,0
3106,8.42,3,309103.5,0.0,23,5,2.0,1.5,1
3107,43.56,3,308021.1,7.36,77,27,1.0,4.0,0
3108,21.66,3,494548.36,15.29,60,87,0.0,0.0,0
3109,9.96,3,435585.27,16.95,0,0,1.0,2.0,0
3110,25.84,2,262184.93,0.0,46,5,0.0,0.0,0
3111,34.85,1,61889.62,0.0,45,25,2.0,2.5,0
3112,8.15,3,337133.14,1.55,33,41,1.0,4.0,0
3113,35.7,3,375180.44,1.9,31,24,2.0,5.0,0
3114,47.17,3,273590.86,8.57,0,57,2.0,4.0,0
3115,8.84,2,299383.80000000005,0.0,0,39,0.0,0.0,0
3116,33.23,3,460891.91000000003,0.3,0,48,0.0,0.0,0
3117,28.73,1,183395.53,0.0,29,12,0.0,0.0,0
3118,18.87,2,255439.24,3.84,56,71,0.0,0.0,0
3119,35.7,1,88407.81,5.48,47,3,0.0,0.0,0
3120,26.63,1,71234.91,4.41,0,0,2.0,0.5,0
3121,9.3,2,222986.43,1.24,0,87,0.0,0.0,0
3122,47.47,3,264372.99,10.37,57,120,0.0,0.0,0
3123,53.25,1,137916.98,0.0,49,0,1.0,0.0,0
3124,39.18,1,146219.09,0.0,0,16,0.0,0.0,0
3125,26.5,1,180709.73,2.91,0,8,1.0,3.0,0
3126,43.03,1,141676.17,0.0,17,0,1.0,0.0,0
3127,4.8,3,238413.12,6.84,61,63,2.0,0.5,1
3128,21.5,2,328523.11,8.45,47,10,0.0,0.0,0
3129,51.81,2,200104.52,0.0,18,50,1.0,5.0,0
3130,14.0,1,94808.62,8.3,0,18,0.0,0.0,0
3131,62.29,1,137726.68,4.14,46,42,2.0,0.0,0
3132,52.27,2,226341.54,1.56,28,17,0.0,0.0,0
3133,38.66,1,102511.96,0.49,0,0,0.0,0.0,0
3134,11.7,1,184945.86,0.0,0,21,0.0,0.0,0
3135,27.88,3,361786.03,10.03,71,16,2.0,1.0,0
3136,1.84,2,325335.16000000003,0.0,8,80,0.0,0.0,1
3137,19.82,1,82345.7,0.0,0,35,0.0,0.0,0
3138,57.23,3,345902.81,9.63,19,0,1.0,3.0,0
3139,2.43,1,181748.85,0.0,5,0,0.0,0.0,0
3140,39.84,2,183664.49,1.2,0,0,1.0,0.0,0
3141,3.98,1,101533.57,1.66,0,0,1.0,1.0,0
3142,59.27,1,189762.71,0.0,0,0,1.0,0.0,0
3143,25.48,1,80715.72,0.0,0,7,0.0,0.0,0
3144,33.46,2,175754.63999999998,9.13,0,42,2.0,3.5,0
3145,55.42,3,469496.22,2.6,10,75,2.0,0.0,1
3146,53.19,1,78144.1,0.0,0,0,1.0,1.0,0
3147,60.16,2,210018.84000000003,2.77,40,0,0.0,0.0,0
3148,62.23,1,161245.16,6.3,0,0,1.0,2.0,0
3149,61.57,1,167021.94,0.0,11,0,2.0,1.5,0
3150,10.59,1,180920.16,1.64,7,21,0.0,0.0,0
3151,4.31,2,199392.39,9.27,25,45,2.0,2.5,0
3152,40.8,3,417376.72,13.290000000000001,48,38,1.0,0.0,0
3153,3.22,3,457258.94,12.52,42,45,0.0,0.0,0
3154,53.62,2,313260.35,0.0,0,87,0.0,0.0,0
3155,0.72,2,270811.17,5.45,1,13,1.0,3.0,0
3156,38.1,2,254522.9,0.0,61,10,2.0,0.0,1
3157,33.2,1,193882.79,0.0,0,0,0.0,0.0,0
3158,10.39,3,366263.55000000005,1.58,48,5,1.0,2.0,1
3159,61.8,1,62448.86,0.0,21,21,1.0,0.0,0
3160,35.8,3,354201.91000000003,0.69,15,57,0.0,0.0,0
3161,42.47,2,246223.13,0.95,18,0,0.0,0.0,0
3162,56.38,2,295337.32999999996,1.08,49,1,0.0,0.0,0
3163,36.59,2,266098.76,0.0,23,50,1.0,0.0,1
3164,11.8,2,222719.66,0.0,71,39,2.0,0.0,1
3165,28.7,1,144051.13,0.0,27,47,0.0,0.0,0
3166,56.15,2,196544.45,0.0,32,43,1.0,0.0,0
3167,4.24,3,437830.08999999997,1.11,0,46,0.0,0.0,1
3168,59.11,2,236159.5,6.42,31,13,0.0,0.0,0
3169,62.59,1,170309.87,4.34,0,0,2.0,2.0,0
3170,0.23,1,178442.02,0.0,0,35,0.0,0.0,0
3171,54.31,1,84265.15,0.0,11,0,0.0,0.0,1
3172,48.45,3,473114.0,5.86,35,0,2.0,2.0,0
3173,20.15,1,164492.8,3.52,0,0,0.0,0.0,1
3174,63.18,1,131818.08,8.99,0,0,0.0,0.0,0
3175,14.07,3,364198.57999999996,11.77,62,46,0.0,0.0,0
3176,14.3,2,341991.51,0.0,0,0,0.0,0.0,0
3177,48.59,3,328890.42,0.33,55,14,0.0,0.0,0
3178,42.67,3,385616.4,8.09,46,0,0.0,0.0,0
3179,37.84,3,322518.46,3.22,27,28,1.0,0.0,0
3180,42.6,2,248392.95,0.0,0,41,2.0,1.5,0
3181,18.21,3,324720.58,11.64,80,28,2.0,0.0,0
3182,57.79,2,163811.95,12.870000000000001,53,81,1.0,0.0,0
3183,12.72,1,65564.28,0.0,0,41,0.0,0.0,0
3184,57.76,3,349022.02,8.9,30,60,0.0,0.0,0
3185,26.27,3,393625.99,7.33,0,50,2.0,0.0,1
3186,31.89,3,339228.7,6.57,63,46,0.0,0.0,0
3187,5.75,3,333573.36,1.63,0,85,1.0,4.0,0
3188,22.95,3,368949.28,0.68,0,51,0.0,0.0,0
3189,17.78,3,423776.64,5.67,117,58,0.0,0.0,0
3190,15.42,2,232542.71000000002,2.21,62,66,0.0,0.0,0
3191,22.45,3,335350.14,0.19,42,51,1.0,0.0,0
3192,47.99,2,239650.2,0.65,63,45,2.0,0.0,0
3193,62.59,3,541975.88,4.3100000000000005,0,70,2.0,2.0,1
3194,55.42,2,326743.82999999996,3.4,26,40,1.0,0.0,0
3195,14.1,2,280163.14,0.0,46,5,1.0,5.0,0
3196,52.24,1,158777.67,0.0,0,0,1.0,3.0,0
3197,31.39,3,402741.62,5.86,48,6,1.0,2.0,0
3198,15.98,1,136352.35,3.42,0,0,1.0,0.0,0
3199,5.69,3,364354.12,12.44,29,53,0.0,0.0,0
3200,14.86,3,373247.14,12.79,25,0,0.0,0.0,0
3201,36.32,3,227267.22,21.99,32,22,0.0,0.0,0
3202,41.65,3,358931.20999999996,7.78,3,31,1.0,0.0,0
3203,34.85,2,356243.72,4.87,12,32,0.0,0.0,1
3204,50.99,1,71823.22,7.51,0,47,0.0,0.0,0
3205,32.58,2,197715.23,9.58,41,3,2.0,0.0,0
3206,31.43,3,243499.46999999997,5.84,50,24,0.0,0.0,0
3207,7.59,1,90750.98,2.09,31,30,0.0,0.0,0
3208,17.23,2,201117.57,6.74,32,4,1.0,4.0,0
3209,61.34,1,191678.73,0.0,16,0,1.0,5.0,0
3210,52.2,3,344634.81000000006,3.92,8,30,2.0,2.0,0
3211,48.82,1,115641.02,0.05,0,0,2.0,0.0,1
3212,45.63,3,391097.75,0.0,67,0,1.0,3.0,0
3213,31.36,1,90855.69,2.26,25,2,0.0,0.0,1
3214,23.21,1,194029.76,5.91,1,0,0.0,0.0,0
3215,49.57,1,137515.46,0.0,39,0,0.0,0.0,0
3216,25.35,2,226912.95,3.58,31,31,0.0,0.0,0
3217,35.73,1,189972.37,0.0,0,0,2.0,0.0,0
3218,28.67,3,275806.93,1.49,0,81,0.0,0.0,0
3219,54.93,2,303192.24,0.0,15,39,1.0,0.0,1
3220,8.09,2,312029.22,7.49,17,43,0.0,0.0,0
3221,0.33,3,344191.14,5.5,65,73,0.0,0.0,0
3222,49.8,3,359926.58,8.74,20,8,2.0,3.0,0
3223,7.07,3,450668.05,14.62,0,47,1.0,0.0,0
3224,22.29,2,382553.44999999995,0.0,40,22,0.0,0.0,0
3225,45.23,3,410001.69,15.23,16,17,1.0,4.0,0
3226,9.17,2,306648.70999999996,9.26,47,0,1.0,1.0,0
3227,17.09,1,141645.1,5.29,0,44,0.0,0.0,0
3228,52.56,1,118334.25,0.0,0,7,1.0,3.0,0
3229,56.61,3,258103.97,7.65,46,33,1.0,0.0,0
3230,15.15,2,378817.35,9.45,25,0,0.0,0.0,0
3231,3.02,1,188633.8,8.87,0,28,2.0,4.0,0
3232,45.56,3,454110.88,4.61,61,6,0.0,0.0,0
3233,53.22,2,306618.32999999996,1.47,43,48,0.0,0.0,0
3234,26.66,2,223030.25,0.0,44,0,0.0,0.0,0
3235,37.71,3,251018.55,5.85,22,34,0.0,0.0,0
3236,56.11,3,399470.66000000003,4.94,11,70,1.0,2.0,0
3237,33.89,2,317690.43000000005,7.45,18,0,1.0,5.0,0
3238,52.01,3,331997.68,7.949999999999999,48,7,0.0,0.0,0
3239,55.52,1,99674.28,2.52,46,7,1.0,2.0,0
3240,59.57,1,123257.71,0.0,0,7,0.0,0.0,0
3241,44.84,1,86283.47,0.0,0,26,0.0,0.0,0
3242,56.28,2,189275.0,18.39,34,23,2.0,0.0,0
3243,18.31,1,176075.48,1.27,16,0,0.0,0.0,0
3244,60.29,3,526136.84,0.0,16,25,0.0,0.0,0
3245,12.03,3,342687.48,8.88,93,53,0.0,0.0,0
3246,23.11,1,56398.97,0.0,30,0,0.0,0.0,0
3247,10.49,1,123118.36,0.0,0,33,0.0,0.0,0
3248,8.88,2,317808.80000000005,4.95,22,0,0.0,0.0,1
3249,24.69,1,175854.52,3.49,23,49,0.0,0.0,0
3250,51.87,3,441806.93,3.81,57,30,1.0,2.0,0
3251,37.08,3,382451.49,2.38,58,132,0.0,0.0,0
3252,37.67,3,440950.07999999996,5.02,12,70,0.0,0.0,0
3253,36.23,2,309490.94,12.68,37,38,0.0,0.0,0
3254,7.07,2,318744.17000000004,13.600000000000001,40,35,0.0,0.0,1
3255,30.31,1,69273.19,5.31,0,46,1.0,0.0,0
3256,4.96,2,133445.31,1.58,20,68,0.0,0.0,0
3257,37.8,3,447068.93999999994,0.0,9,40,1.0,4.0,0
3258,38.2,3,433479.66000000003,5.28,49,33,0.0,0.0,0
3259,20.41,1,131510.87,0.0,0,41,0.0,0.0,0
3260,61.37,3,513139.69,9.89,71,23,1.0,2.0,0
3261,48.82,3,463440.52999999997,4.57,0,40,0.0,0.0,0
3262,15.02,3,408105.57,15.2,37,26,1.0,3.0,0
3263,32.68,1,77533.81,0.0,27,0,2.0,0.0,0
3264,6.9,3,383547.41000000003,11.73,0,110,2.0,5.0,0
3265,35.27,1,66921.27,0.0,40,0,0.0,0.0,0
3266,34.39,2,377248.4,6.82,0,42,0.0,0.0,0
3267,14.73,2,245206.37,0.0,37,1,2.0,3.0,0
3268,61.64,1,111649.77,6.59,0,33,0.0,0.0,0
3269,59.73,2,362349.67,5.51,36,48,0.0,0.0,0
3270,6.94,2,196341.7,0.0,0,32,2.0,2.0,0
3271,17.92,3,346666.74,15.28,47,20,0.0,0.0,0
3272,60.16,3,344904.48,10.71,69,9,0.0,0.0,0
3273,27.78,2,193291.26,4.4,0,15,2.0,0.0,1
3274,42.18,2,167121.73,5.35,0,0,1.0,0.0,0
3275,47.63,1,51207.98,0.0,27,0,0.0,0.0,0
3276,40.99,3,351374.87,7.35,59,41,0.0,0.0,0
3277,10.29,1,184090.72,0.0,0,36,2.0,0.0,0
3278,41.85,2,290783.72,3.31,25,20,2.0,3.5,0
3279,39.09,3,353710.88,10.56,82,64,0.0,0.0,0
3280,6.94,1,155179.84,0.0,46,9,1.0,1.0,0
3281,63.74,2,251962.83000000002,6.26,37,16,1.0,4.0,0
3282,39.28,1,86018.23,6.87,49,0,2.0,2.0,0
3283,16.96,3,426248.35,9.219999999999999,41,0,0.0,0.0,0
3284,28.93,2,285156.72,1.97,9,0,0.0,0.0,0
3285,15.42,2,253385.8,9.54,0,43,0.0,0.0,0
3286,2.79,2,276261.05,0.0,38,53,0.0,0.0,0
3287,38.26,2,200045.97,8.15,0,23,0.0,0.0,0
3288,18.15,3,329759.93000000005,8.95,49,0,0.0,0.0,0
3289,63.02,2,221328.71999999997,0.0,46,76,0.0,0.0,0
3290,22.72,2,218110.23,8.95,44,0,0.0,0.0,0
3291,28.3,2,333938.38,0.05,0,7,1.0,4.0,0
3292,4.44,1,178443.43,0.0,4,35,1.0,3.0,1
3293,61.11,2,190705.99,3.54,74,7,2.0,2.0,0
3294,60.22,2,286222.37,4.7,0,30,2.0,2.0,0
3295,32.58,2,233492.33000000002,0.0,19,0,1.0,0.0,1
3296,39.61,2,261249.08999999997,0.0,0,0,0.0,0.0,0
3297,33.56,2,392830.97,5.71,0,48,0.0,0.0,0
3298,53.42,2,233829.31,0.0,0,24,0.0,0.0,0
3299,35.86,1,53004.33,8.67,8,0,0.0,0.0,0
3300,16.37,3,410087.16,10.03,0,0,1.0,5.0,0
3301,34.94,3,235292.77000000002,9.82,0,58,2.0,2.0,0
3302,26.86,3,378905.33,0.0,22,42,0.0,0.0,1
3303,14.0,2,307261.15,1.46,49,0,2.0,0.5,1
3304,17.82,2,288036.69,7.7,29,1,0.0,0.0,0
3305,22.42,2,258261.76,5.18,40,68,1.0,5.0,0
3306,55.72,1,95948.28,0.0,12,40,0.0,0.0,0
3307,19.07,3,421016.8,0.0,57,38,0.0,0.0,0
3308,18.77,3,304701.64,6.38,0,0,2.0,4.5,0
3309,47.11,1,125878.1,0.0,11,0,0.0,0.0,0
3310,21.7,2,342952.18,0.0,0,65,2.0,0.0,0
3311,13.77,2,210302.91999999998,0.0,0,11,0.0,0.0,0
3312,12.56,2,227456.22999999998,8.96,46,60,1.0,0.0,0
3313,39.15,3,418868.88,7.4,110,32,0.0,0.0,0
3314,35.31,1,159055.64,0.0,0,0,1.0,3.0,1
3315,33.43,1,161000.96,2.45,0,0,1.0,3.0,0
3316,34.78,2,316495.24,8.440000000000001,0,0,1.0,1.0,0
3317,42.93,3,435235.30999999994,11.13,35,43,0.0,0.0,0
3318,50.49,1,130206.66,0.0,17,0,0.0,0.0,0
3319,63.61,2,289676.49,9.2,0,5,0.0,0.0,0
3320,41.95,2,208315.14,4.05,47,34,1.0,0.0,0
3321,64.5,1,154856.94,0.0,3,26,2.0,1.5,1
3322,3.45,2,122911.03,3.32,50,25,2.0,1.5,0
3323,0.53,1,173341.28,5.19,0,12,0.0,0.0,1
3324,43.56,1,52797.06,8.95,1,31,0.0,0.0,0
3325,24.42,3,365660.73,3.8899999999999997,32,25,2.0,4.0,1
3326,29.91,1,174670.21,0.0,44,0,0.0,0.0,0
3327,44.87,3,504767.1,0.73,36,18,0.0,0.0,0
3328,64.4,3,316386.36,14.219999999999999,37,54,2.0,3.5,0
3329,6.44,3,214943.69,0.0,41,37,0.0,0.0,0
3330,50.33,1,119637.58,9.66,0,4,2.0,3.0,0
3331,50.07,2,187293.55,0.0,92,0,2.0,3.5,1
3332,38.07,1,168942.83,3.92,11,0,0.0,0.0,0
3333,7.73,1,95646.73,0.0,0,0,0.0,0.0,0
3334,19.56,1,124405.61,0.0,25,0,0.0,0.0,0
3335,60.59,1,152176.17,0.0,16,0,2.0,0.0,0
3336,6.31,3,393308.16,1.82,16,2,1.0,0.0,0
3337,38.1,3,299446.76,4.75,24,15,0.0,0.0,0
3338,31.82,1,123324.76,0.0,0,0,0.0,0.0,0
3339,31.76,3,442602.68,2.47,57,0,1.0,2.0,0
3340,26.27,3,270726.68,8.34,83,48,1.0,0.0,0
3341,38.69,2,172787.75,3.37,54,51,0.0,0.0,0
3342,31.59,2,277846.39,0.0,0,15,2.0,0.0,0
3343,44.81,2,228011.27999999997,0.0,0,83,2.0,1.5,0
3344,1.22,3,530436.9400000001,8.07,50,68,0.0,0.0,0
3345,56.05,2,217298.36000000002,1.0,32,46,0.0,0.0,0
3346,23.24,1,64366.78,0.0,35,0,0.0,0.0,0
3347,30.57,3,510832.65,0.0,57,29,0.0,0.0,1
3348,12.43,2,301296.31,16.009999999999998,15,48,2.0,3.5,0
3349,56.44,1,113058.06,0.0,38,0,1.0,5.0,1
3350,11.24,2,269970.0,11.3,73,39,0.0,0.0,0
3351,55.19,1,165929.18,0.0,46,23,0.0,0.0,0
3352,59.43,2,320936.51,4.06,0,64,2.0,3.5,0
3353,37.44,3,427069.92000000004,5.55,11,47,0.0,0.0,0
3354,49.8,3,308729.13,5.49,0,122,1.0,0.0,0
3355,3.88,1,195514.7,0.0,19,0,2.0,2.5,0
3356,0.89,3,361528.31,3.09,82,62,1.0,0.0,0
3357,56.54,1,55563.67,0.0,0,0,0.0,0.0,0
3358,54.44,3,355926.13,15.010000000000002,23,27,0.0,0.0,0
3359,56.28,2,263128.49,9.91,0,7,1.0,0.0,0
3360,0.76,1,125630.11,1.76,33,0,0.0,0.0,0
3361,3.58,1,76381.37,0.0,20,18,1.0,0.0,0
3362,48.42,3,363834.73,1.58,62,2,0.0,0.0,0
3363,57.66,3,456680.69,17.0,30,75,2.0,1.0,0
3364,46.22,3,375683.51,0.0,37,15,0.0,0.0,0
3365,5.26,1,181696.09,0.0,9,49,0.0,0.0,0
3366,8.84,3,211003.75,18.03,75,43,1.0,0.0,0
3367,21.5,2,149359.34,3.09,27,23,0.0,0.0,0
3368,35.24,1,103263.89,0.0,13,0,2.0,2.5,0
3369,50.16,2,216559.71,7.03,0,55,1.0,2.0,0
3370,42.6,3,344054.13,5.72,18,18,1.0,5.0,0
3371,43.56,3,451929.16000000003,7.86,21,0,0.0,0.0,0
3372,63.12,3,279824.01,9.18,0,62,1.0,0.0,0
3373,42.01,2,225076.42,7.53,0,38,0.0,0.0,0
3374,20.84,1,139114.36,0.0,0,0,0.0,0.0,0
3375,34.81,3,345592.08999999997,7.31,31,22,0.0,0.0,0
3376,59.6,1,117521.81,6.03,16,0,2.0,0.0,0
3377,5.79,3,466658.09,5.88,16,3,0.0,0.0,0
3378,16.4,2,336534.07999999996,0.0,46,44,0.0,0.0,0
3379,25.12,1,104080.34,6.36,0,39,0.0,0.0,0
3380,12.75,2,233061.72,9.17,29,17,0.0,0.0,0
3381,4.37,1,143499.79,0.0,0,18,1.0,0.0,0
3382,6.44,1,154721.4,2.31,42,0,0.0,0.0,0
3383,39.84,2,304816.77,3.22,0,15,1.0,1.0,0
3384,40.17,2,206142.16,4.19,5,57,1.0,0.0,0
3385,54.11,2,245057.22,7.73,30,58,1.0,0.0,0
3386,29.45,1,56491.09,0.0,0,39,0.0,0.0,0
3387,53.22,1,59676.61,0.0,0,4,1.0,0.0,0
3388,44.94,2,357827.51,18.42,61,42,0.0,0.0,0
3389,54.31,3,364413.55,11.629999999999999,52,66,0.0,0.0,0
3390,52.24,3,401447.27,1.77,15,16,0.0,0.0,0
3391,54.37,3,325566.11,9.309999999999999,0,25,0.0,0.0,0
3392,46.71,1,61990.43,2.25,0,34,1.0,1.0,1
3393,40.24,3,338163.70999999996,1.58,27,93,1.0,1.0,0
3394,5.65,2,235919.87,8.91,26,0,0.0,0.0,1
3395,37.74,2,340201.1,3.86,32,0,0.0,0.0,0
3396,61.24,1,187225.75,0.0,20,0,1.0,4.0,0
3397,45.04,1,133545.89,0.0,48,31,0.0,0.0,0
3398,51.08,1,70204.47,0.0,0,0,0.0,0.0,0
3399,24.1,2,324553.86,8.879999999999999,36,0,1.0,2.0,0
3400,2.73,1,68424.68,8.22,0,0,2.0,0.0,0
3401,41.39,1,69397.15,0.0,48,30,1.0,3.0,0
3402,4.5,1,187861.0,3.55,0,43,1.0,0.0,1
3403,38.4,3,257506.61,4.5600000000000005,36,0,0.0,0.0,0
3404,62.43,1,194067.52,0.0,0,0,2.0,3.0,0
3405,16.47,3,358623.37,12.83,0,104,0.0,0.0,0
3406,12.16,1,110444.25,3.96,0,0,0.0,0.0,0
3407,36.16,3,529074.5700000001,18.22,77,41,1.0,0.0,0
3408,10.55,2,327926.9,0.0,0,34,0.0,0.0,0
3409,63.45,2,291796.47,10.92,21,0,0.0,0.0,1
3410,7.17,1,69853.11,0.0,0,0,2.0,0.0,0
3411,36.0,1,66664.94,0.0,0,6,0.0,0.0,0
3412,43.72,3,189095.09,9.63,39,0,0.0,0.0,0
3413,43.89,3,330161.28,10.559999999999999,0,38,0.0,0.0,0
3414,44.94,2,226582.1,0.0,15,39,1.0,0.0,0
3415,28.53,2,196215.95,5.550000000000001,0,46,2.0,2.5,0
3416,24.1,2,270114.99,18.71,0,0,2.0,3.5,0
3417,45.69,2,247853.6,8.23,15,9,0.0,0.0,0
3418,58.22,3,318663.4,6.72,24,36,2.0,2.0,0
3419,39.05,2,194178.97,0.0,60,29,1.0,0.0,0
3420,30.44,3,402533.17,9.32,57,44,1.0,0.0,0
3421,56.11,1,155641.24,0.0,10,8,1.0,3.0,0
3422,3.19,3,369697.63,8.81,48,85,1.0,0.0,1
3423,1.55,2,121039.73999999999,0.0,18,48,1.0,1.0,0
3424,55.82,3,514571.92,3.92,0,0,2.0,0.5,1
3425,44.12,3,277144.88,13.629999999999999,107,27,1.0,0.0,0
3426,5.16,3,427454.3,5.98,39,60,0.0,0.0,0
3427,45.92,1,143484.2,6.28,17,0,1.0,0.0,0
3428,23.01,3,466678.13,0.0,4,19,1.0,0.0,0
3429,13.48,1,180391.52,2.44,0,0,0.0,0.0,0
3430,55.79,2,252332.7,13.010000000000002,30,0,0.0,0.0,0
3431,25.21,1,134147.09,5.5,26,0,0.0,0.0,0
3432,14.53,2,271899.69,7.26,45,0,0.0,0.0,0
3433,13.51,3,295335.18,2.85,0,75,0.0,0.0,1
3434,42.93,3,247751.77000000002,3.08,0,15,2.0,2.0,0
3435,38.89,3,339648.14,7.5,32,43,0.0,0.0,1
3436,20.58,1,103394.03,3.17,0,0,0.0,0.0,1
3437,20.84,2,207542.24000000002,12.55,34,0,1.0,5.0,0
3438,37.28,2,231204.22,0.0,31,26,1.0,0.0,1
3439,38.4,1,52288.18,0.0,40,0,0.0,0.0,0
3440,1.25,2,331377.58999999997,6.34,45,26,2.0,3.5,0
3441,7.56,3,313299.02,12.79,19,17,0.0,0.0,0
3442,43.06,2,274768.0,9.64,53,0,1.0,5.0,0
3443,35.44,1,102156.78,0.0,20,0,1.0,0.0,0
3444,62.75,2,234179.61000000002,6.98,44,3,1.0,0.0,1
3445,22.65,1,152610.93,0.0,38,0,0.0,0.0,1
3446,42.6,2,258546.71,6.78,3,21,1.0,0.0,0
3447,51.61,1,50243.89,0.0,22,34,0.0,0.0,0
3448,17.82,1,154291.61,8.6,0,27,1.0,5.0,1
3449,11.05,1,172117.64,0.0,0,6,0.0,0.0,0
3450,36.29,1,86867.25,0.0,0,49,0.0,0.0,0
3451,44.71,2,237464.59,9.76,32,28,2.0,0.0,0
3452,26.1,1,188684.34,0.0,4,32,1.0,4.0,0
3453,23.73,2,337009.02,6.72,0,57,1.0,5.0,0
3454,6.18,2,177984.13999999998,0.67,47,0,0.0,0.0,0
3455,25.87,1,142696.46,7.74,0,0,0.0,0.0,0
3456,44.12,1,67234.66,0.0,45,22,0.0,0.0,0
3457,14.63,3,283544.16000000003,12.22,44,78,0.0,0.0,0
3458,30.41,1,117396.76,4.14,0,14,2.0,3.0,0
3459,3.02,1,171410.04,9.27,13,0,2.0,1.5,1
3460,64.04,3,429346.53,0.98,68,67,0.0,0.0,0
3461,54.83,2,270282.39,14.25,0,50,0.0,0.0,0
3462,26.79,3,412944.20999999996,0.0,72,71,0.0,0.0,0
3463,28.47,1,172858.89,0.0,37,0,0.0,0.0,0
3464,14.0,2,238260.09999999998,9.08,50,31,1.0,0.0,0
3465,38.13,3,467892.82,0.0,14,64,0.0,0.0,0
3466,39.41,3,407404.56,7.1,26,0,1.0,5.0,1
3467,40.86,2,361354.03,9.85,0,77,0.0,0.0,0
3468,60.42,2,262220.3,2.29,0,0,1.0,0.0,0
3469,54.31,3,432841.0,5.75,9,46,2.0,1.0,0
3470,26.53,2,208533.43,0.0,18,0,1.0,3.0,0
3471,19.26,2,362414.94,6.24,0,16,1.0,4.0,0
3472,40.99,3,334209.15,10.32,57,7,0.0,0.0,0
3473,54.7,2,151813.41999999998,7.51,13,47,2.0,3.0,0
3474,61.87,2,184955.54,0.0,22,5,0.0,0.0,0
3475,36.55,3,293585.26,11.600000000000001,55,80,0.0,0.0,0
3476,33.14,1,179233.78,0.0,49,39,2.0,0.0,0
3477,42.54,1,163930.18,0.0,49,0,1.0,4.0,0
3478,41.98,2,329148.24,8.58,54,76,0.0,0.0,0
3479,18.18,2,249558.38999999998,2.67,0,30,2.0,2.5,1
3480,33.17,1,87674.67,0.54,0,48,0.0,0.0,0
3481,48.78,2,335251.02,6.0,34,4,0.0,0.0,0
3482,6.84,3,280121.87,9.41,31,83,1.0,1.0,1
3483,49.61,1,84446.31,0.0,0,0,2.0,1.5,0
3484,7.56,1,97629.0,0.0,0,41,1.0,3.0,0
3485,50.66,2,281423.6,8.76,18,0,0.0,0.0,0
3486,20.28,1,150746.18,9.36,0,25,1.0,0.0,0
3487,19.36,1,106678.9,0.0,48,14,1.0,0.0,0
3488,40.34,3,352514.85,14.4,42,66,0.0,0.0,0
3489,25.18,3,190326.82,14.899999999999999,41,73,0.0,0.0,0
3490,52.53,3,349852.61,0.0,78,0,1.0,0.0,0
3491,34.65,3,211117.16,5.87,85,60,0.0,0.0,0
3492,61.83,2,197403.59,7.89,40,0,0.0,0.0,0
3493,12.06,3,305654.17,17.77,0,37,1.0,0.0,0
3494,4.83,3,424783.14,12.53,0,71,0.0,0.0,0
3495,17.19,1,92901.69,0.0,0,21,0.0,0.0,0
3496,5.56,1,109441.0,4.66,44,0,0.0,0.0,0
3497,23.87,2,237624.31,6.94,7,15,0.0,0.0,0
3498,46.91,1,199604.12,0.0,22,11,2.0,1.5,0
3499,33.3,1,154036.27,0.0,0,0,2.0,2.5,0
3500,54.24,3,360604.02,6.54,0,0,0.0,0.0,0
3501,42.87,2,296799.63,17.95,12,34,2.0,0.0,0
3502,49.9,2,204900.28999999998,4.41,14,7,1.0,2.0,0
3503,40.93,2,182995.94,1.23,25,0,0.0,0.0,0
3504,62.46,1,114493.36,2.29,0,0,2.0,0.5,0
3505,21.17,3,293102.25,7.21,0,75,0.0,0.0,1
3506,22.88,1,173222.55,7.58,0,46,0.0,0.0,0
3507,39.25,1,189974.66,0.0,0,0,2.0,2.5,0
3508,20.74,2,287513.48,1.51,41,49,0.0,0.0,0
3509,37.25,1,177359.46,3.03,7,0,0.0,0.0,0
3510,34.52,3,318833.62,9.98,56,42,1.0,3.0,1
3511,17.95,2,296161.01,0.0,0,0,0.0,0.0,0
3512,62.85,2,145969.46,7.62,0,46,2.0,0.5,0
3513,52.33,3,385834.9,8.37,65,82,2.0,2.5,0
3514,42.34,1,131154.32,4.25,17,0,0.0,0.0,0
3515,37.74,3,417880.19999999995,21.25,89,113,1.0,0.0,0
3516,63.61,3,329894.86,2.48,74,26,1.0,2.0,0
3517,24.39,1,87985.9,8.05,37,31,0.0,0.0,0
3518,20.38,2,283212.42000000004,9.65,42,47,0.0,0.0,0
3519,44.51,3,298764.35,12.86,50,49,1.0,0.0,0
3520,3.81,3,290781.54000000004,0.0,80,43,0.0,0.0,0
3521,18.8,1,139140.99,0.0,0,3,2.0,1.0,0
3522,57.13,2,311273.11,0.0,0,72,1.0,0.0,0
3523,46.61,3,393738.7,4.19,0,15,0.0,0.0,0
3524,34.48,1,96514.63,0.0,0,0,0.0,0.0,0
3525,0.85,3,384562.62,9.55,0,8,2.0,2.5,0
3526,0.53,1,59737.09,8.46,33,0,1.0,1.0,0
3527,23.8,3,372921.74,11.25,65,44,0.0,0.0,0
3528,14.79,3,346872.70999999996,7.8,7,26,0.0,0.0,0
3529,5.13,1,84553.35,0.0,0,0,1.0,0.0,0
3530,53.52,3,535061.51,2.58,35,14,2.0,3.5,1
3531,39.02,1,119459.38,5.91,0,2,1.0,0.0,0
3532,34.81,1,101743.96,0.0,12,5,0.0,0.0,0
3533,51.05,3,344277.14,9.08,95,62,2.0,3.0,0
3534,38.36,1,89992.94,6.33,0,35,0.0,0.0,0
3535,22.55,1,113318.38,8.84,15,0,2.0,1.0,0
3536,39.61,3,381722.67000000004,2.9299999999999997,43,87,0.0,0.0,0
3537,28.86,2,323682.44,0.0,28,22,1.0,3.0,0
3538,27.32,2,307961.16000000003,4.5,46,15,0.0,0.0,0
3539,5.26,3,338095.17,26.87,62,44,1.0,0.0,0
3540,1.87,3,497186.38,4.72,44,0,2.0,0.0,0
3541,25.84,2,364306.0,8.23,40,0,2.0,1.0,0
3542,41.55,1,171775.16,0.0,5,40,1.0,4.0,0
3543,21.89,1,81707.15,0.0,31,1,0.0,0.0,0
3544,17.62,1,129526.76,8.77,0,0,0.0,0.0,0
3545,14.63,2,199924.49,0.0,22,0,2.0,0.0,0
3546,34.55,1,102473.02,7.11,0,0,0.0,0.0,0
3547,10.12,2,222903.97000000003,0.0,0,0,0.0,0.0,1
3548,61.24,1,52060.98,0.0,0,0,0.0,0.0,0
3549,43.85,2,306409.82999999996,4.96,4,33,2.0,0.5,0
3550,42.87,2,282165.07999999996,0.96,7,46,2.0,0.0,0
3551,32.08,3,320143.82,3.15,42,42,0.0,0.0,0
3552,44.18,1,90382.9,0.78,0,0,1.0,5.0,0
3553,9.5,3,450299.45,0.42,45,74,2.0,2.5,0
3554,31.79,3,295163.51,13.5,42,0,2.0,1.5,0
3555,18.54,2,322201.22,1.3,45,56,0.0,0.0,0
3556,58.05,2,246060.83,0.0,0,13,0.0,0.0,0
3557,48.85,2,162553.56,12.34,0,22,0.0,0.0,0
3558,9.83,1,71837.86,6.52,9,17,1.0,4.0,0
3559,46.35,3,408107.22,1.6,0,41,1.0,0.0,0
3560,47.44,3,270949.66000000003,18.68,73,50,1.0,2.0,0
3561,6.44,2,133866.51,0.0,55,0,1.0,1.0,0
3562,11.9,1,188458.25,0.0,0,41,0.0,0.0,0
3563,26.3,1,70980.22,9.39,0,15,0.0,0.0,0
3564,39.09,2,294352.74,3.44,0,44,1.0,0.0,0
3565,60.72,1,99261.66,0.0,0,0,1.0,3.0,0
3566,21.37,3,345810.82,15.18,0,16,1.0,0.0,0
3567,25.74,2,236087.12,0.0,79,0,2.0,0.5,0
3568,4.17,1,100974.68,0.0,0,14,2.0,1.0,0
3569,5.1,2,180948.85,5.11,0,45,2.0,1.5,1
3570,30.77,1,146867.09,2.42,49,30,0.0,0.0,0
3571,26.36,2,224168.49,16.95,12,6,0.0,0.0,0
3572,21.63,2,304080.63,0.0,0,73,1.0,5.0,0
3573,17.72,2,248322.85,4.37,0,42,0.0,0.0,0
3574,63.97,3,422120.01,0.0,39,94,2.0,0.5,0
3575,9.27,3,437831.1,0.0,0,17,1.0,1.0,0
3576,6.84,1,70358.35,0.0,28,0,0.0,0.0,0
3577,26.07,3,388726.1,1.37,10,59,1.0,0.0,0
3578,60.98,1,78333.58,0.0,20,35,2.0,3.0,0
3579,41.78,1,89079.34,0.0,0,0,0.0,0.0,0
3580,31.69,1,177692.7,0.0,0,0,0.0,0.0,0
3581,13.12,2,256145.54,7.02,0,13,0.0,0.0,0
3582,42.54,2,218779.25,0.0,0,46,0.0,0.0,0
3583,62.79,2,383916.48,15.83,0,29,2.0,0.0,0
3584,13.54,3,317261.38,19.02,11,64,0.0,0.0,0
3585,48.03,1,199390.88,0.47,0,1,0.0,0.0,0
3586,20.61,2,263526.67000000004,0.86,14,42,0.0,0.0,0
3587,13.71,3,415277.24,7.07,25,0,1.0,5.0,0
3588,31.56,3,352767.56,6.82,30,89,1.0,0.0,1
3589,50.1,2,334551.59,5.42,0,62,2.0,0.0,0
3590,13.77,2,346274.97,13.280000000000001,46,17,2.0,1.5,0
3591,45.76,1,142322.33,0.0,0,12,1.0,2.0,0
3592,45.96,2,238258.50999999998,12.0,8,20,2.0,2.0,1
3593,25.31,3,503640.67000000004,8.11,32,0,0.0,0.0,1
3594,39.48,2,264392.95,0.0,0,11,1.0,4.0,0
3595,59.86,2,169973.48,4.75,22,29,0.0,0.0,0
3596,54.83,3,409499.36,8.61,14,14,0.0,0.0,0
3597,27.94,1,156440.43,1.74,0,0,0.0,0.0,0
3598,30.7,2,349921.98,3.61,20,44,2.0,2.5,0
3599,40.73,3,474561.85,7.93,46,29,0.0,0.0,0
3600,55.33,3,358170.96,12.729999999999999,0,21,0.0,0.0,0
3601,33.69,3,272114.4,4.99,2,69,1.0,0.0,0
3602,61.24,2,340514.23,13.26,29,64,2.0,0.0,1
3603,17.59,3,369399.08999999997,13.129999999999999,54,105,0.0,0.0,0
3604,19.92,3,286459.36,12.52,34,1,1.0,3.0,1
3605,35.11,2,288914.73,3.47,0,3,1.0,4.0,0
3606,24.06,3,368445.70999999996,7.39,35,88,0.0,0.0,0
3607,63.25,3,451847.07,7.76,80,41,0.0,0.0,0
3608,7.82,3,264440.66,0.0,47,37,1.0,0.0,0
3609,13.74,1,146568.93,7.78,39,22,1.0,0.0,0
3610,57.76,1,199433.99,0.0,0,27,2.0,0.0,0
3611,30.24,1,94525.64,5.33,0,0,0.0,0.0,0
3612,37.97,2,253106.7,9.87,46,7,2.0,0.0,0
3613,3.65,3,292204.29000000004,11.06,4,44,0.0,0.0,0
3614,24.59,3,355982.9,8.34,27,92,0.0,0.0,0
3615,63.61,3,473162.51,0.0,48,27,2.0,0.0,0
3616,36.46,2,235358.47,7.28,26,58,1.0,4.0,0
3617,61.64,1,116500.94,0.0,6,0,1.0,2.0,0
3618,35.67,2,291893.77,11.15,2,43,2.0,3.5,0
3619,62.52,2,276636.64,0.0,63,68,0.0,0.0,0
3620,2.4,1,149537.29,3.02,37,0,2.0,0.5,0
3621,10.19,1,158747.04,0.0,0,45,0.0,0.0,0
3622,1.08,2,137858.81,0.37,7,0,1.0,0.0,0
3623,2.93,2,178792.77000000002,6.96,31,17,1.0,0.0,0
3624,59.27,2,336674.70999999996,7.65,39,38,0.0,0.0,0
3625,24.65,3,461599.39,12.01,0,21,2.0,1.0,0
3626,53.88,1,142799.95,1.14,0,16,0.0,0.0,0
3627,45.23,1,103996.08,9.44,43,0,0.0,0.0,1
3628,23.96,1,181685.09,9.55,0,43,0.0,0.0,0
3629,42.01,1,138775.39,0.0,0,42,1.0,0.0,0
3630,20.18,1,58969.76,6.61,9,5,1.0,2.0,1
3631,7.1,2,384565.02,4.3,51,66,0.0,0.0,0
3632,37.61,3,460890.37,8.94,0,98,1.0,4.0,0
3633,21.99,3,359621.37,22.16,15,3,2.0,4.0,0
3634,31.99,2,175311.56,0.7,0,49,0.0,0.0,0
3635,29.32,2,292370.91,5.71,41,0,0.0,0.0,0
3636,37.74,3,349918.63,10.379999999999999,11,21,0.0,0.0,0
3637,12.1,3,345729.17,8.74,56,21,0.0,0.0,1
3638,43.85,2,190715.49,8.3,0,45,0.0,0.0,0
3639,22.68,1,89044.67,0.0,12,0,0.0,0.0,0
3640,26.07,2,192427.95,12.530000000000001,0,14,1.0,1.0,0
3641,57.33,1,183440.99,0.0,0,0,0.0,0.0,0
3642,61.11,1,192950.33,0.0,0,6,0.0,0.0,0
3643,52.6,2,251228.36,11.93,2,39,0.0,0.0,0
3644,29.19,3,325243.67000000004,16.439999999999998,41,35,0.0,0.0,1
3645,25.74,3,408799.82,0.0,26,86,2.0,0.0,0
3646,43.43,1,145094.39,4.97,0,0,0.0,0.0,0
3647,20.18,3,349443.81999999995,0.0,39,0,2.0,2.5,1
3648,3.88,3,315568.12,17.54,61,45,0.0,0.0,0
3649,42.9,1,88939.13,0.0,0,0,0.0,0.0,0
3650,25.25,1,55218.91,0.0,0,18,0.0,0.0,0
3651,7.89,1,171012.5,3.62,17,22,0.0,0.0,0
3652,59.2,3,382674.35,1.04,73,32,0.0,0.0,0
3653,40.11,2,392155.38,0.0,0,9,1.0,2.0,0
3654,31.62,3,329556.02,5.6000000000000005,0,43,0.0,0.0,0
3655,46.45,2,271326.4,5.44,0,11,0.0,0.0,0
3656,16.4,2,198625.47,0.0,6,35,0.0,0.0,0
3657,54.67,2,161814.36,9.540000000000001,37,74,0.0,0.0,0
3658,47.4,1,163821.5,0.0,0,0,0.0,0.0,0
3659,17.39,2,239848.36000000002,0.0,51,53,2.0,0.0,0
3660,62.43,2,290343.19,4.74,48,20,1.0,0.0,0
3661,36.59,1,62083.12,0.0,0,0,2.0,0.0,0
3662,44.15,3,329122.39,16.72,30,67,0.0,0.0,0
3663,40.3,1,188731.18,0.0,0,0,2.0,1.5,0
3664,31.16,1,119360.01,7.91,0,46,0.0,0.0,0
3665,52.4,3,428201.56,16.2,52,0,2.0,2.0,0
3666,28.83,3,499751.28,4.88,0,34,0.0,0.0,0
3667,49.15,3,421153.29,13.09,39,34,1.0,0.0,0
3668,22.22,1,81612.43,0.0,14,17,0.0,0.0,0
3669,7.89,3,406137.67,8.030000000000001,48,21,1.0,0.0,0
3670,60.09,2,238920.61,4.51,15,0,2.0,2.0,0
3671,4.08,3,437687.55000000005,16.12,51,47,2.0,5.0,0
3672,16.44,1,69296.82,0.0,8,15,2.0,3.5,0
3673,57.99,2,229659.34999999998,6.55,0,12,0.0,0.0,0
3674,6.31,2,277817.62,0.0,13,25,2.0,1.5,0
3675,23.9,3,363473.83999999997,9.79,57,22,0.0,0.0,0
3676,15.15,3,317779.28,4.13,80,3,0.0,0.0,0
3677,31.36,3,334067.77,2.45,50,37,2.0,3.5,0
3678,11.14,2,182193.75,0.0,73,18,0.0,0.0,0
3679,21.3,3,215355.52,24.439999999999998,41,59,0.0,0.0,0
3680,8.28,1,84144.36,0.0,0,27,1.0,4.0,0
3681,61.6,1,79534.44,0.0,21,0,0.0,0.0,0
3682,14.2,2,268463.32,0.0,18,3,1.0,1.0,1
3683,36.19,3,361346.64,7.0600000000000005,24,50,0.0,0.0,0
3684,27.78,1,116806.87,0.0,0,35,0.0,0.0,0
3685,60.91,2,247618.03,5.01,1,0,1.0,4.0,1
3686,42.44,2,392262.28,0.0,5,72,1.0,2.0,1
3687,29.45,1,180404.85,2.16,0,0,1.0,1.0,0
3688,15.61,3,357192.22,4.11,61,75,2.0,2.0,0
3689,59.4,2,144611.42,7.24,0,0,0.0,0.0,0
3690,57.66,2,156473.78,3.02,21,0,0.0,0.0,0
3691,46.25,2,210924.85,3.64,0,44,2.0,1.5,0
3692,52.56,2,181975.96000000002,4.18,39,5,0.0,0.0,0
3693,26.73,3,295960.29000000004,5.17,36,0,2.0,0.0,0
3694,39.91,3,234914.68,1.65,0,20,2.0,0.0,0
3695,52.47,2,260638.15999999997,7.57,87,41,0.0,0.0,0
3696,26.79,1,64985.86,0.0,20,13,0.0,0.0,0
3697,11.9,2,227416.9,10.28,90,48,0.0,0.0,0
3698,61.01,1,147816.17,0.0,0,0,0.0,0.0,0
3699,33.69,3,406053.02999999997,7.49,0,55,0.0,0.0,0
3700,31.23,3,521420.24,0.0,34,11,1.0,0.0,0
3701,5.85,3,346517.87,16.32,16,6,0.0,0.0,0
3702,10.55,3,435504.19,3.57,27,63,0.0,0.0,0
3703,11.54,1,71184.08,0.54,0,0,2.0,2.5,0
3704,11.67,1,111425.29,4.42,0,42,2.0,2.0,0
3705,19.17,1,130737.7,5.68,15,0,0.0,0.0,0
3706,11.28,2,272305.33999999997,7.81,55,0,1.0,1.0,0
3707,8.02,3,286892.79000000004,9.93,47,77,1.0,0.0,1
3708,38.72,1,131271.69,0.0,12,40,0.0,0.0,0
3709,2.53,3,462591.61,7.86,32,58,1.0,0.0,0
3710,18.87,3,290409.59,5.26,7,20,0.0,0.0,0
3711,12.46,2,199925.3,3.88,41,46,1.0,0.0,0
3712,33.73,2,265301.54000000004,0.0,35,51,0.0,0.0,0
3713,13.25,3,450636.80999999994,3.18,89,78,0.0,0.0,0
3714,7.43,1,67446.86,7.58,31,0,0.0,0.0,0
3715,16.8,3,349130.01,0.72,53,52,2.0,4.5,0
3716,9.47,2,185819.49,4.65,0,12,0.0,0.0,0
3717,61.14,1,143933.87,0.0,19,30,1.0,0.0,0
3718,55.92,2,183284.37,0.0,35,39,1.0,5.0,0
3719,64.23,1,131773.08,0.0,0,23,0.0,0.0,0
3720,39.71,1,120921.36,3.17,0,0,0.0,0.0,0
3721,42.24,2,293232.32,0.0,35,31,0.0,0.0,0
3722,63.41,3,228553.69999999998,9.25,82,46,0.0,0.0,0
3723,0.56,3,393585.68,12.18,41,18,0.0,0.0,0
3724,18.21,3,505855.55000000005,4.3,83,27,0.0,0.0,0
3725,20.12,1,119417.06,0.0,0,0,1.0,5.0,0
3726,40.14,3,374943.54000000004,16.92,103,20,0.0,0.0,0
3727,11.64,3,373562.86,12.49,35,0,0.0,0.0,0
3728,24.1,1,178249.21,0.0,35,0,0.0,0.0,0
3729,2.5,3,336422.39999999997,8.8,24,29,2.0,0.0,0
3730,0.53,1,143253.28,7.54,40,2,2.0,0.0,0
3731,21.24,3,375629.14,2.07,0,86,1.0,0.0,1
3732,37.25,3,355823.14,14.21,25,19,0.0,0.0,0
3733,34.35,3,341118.09,12.020000000000001,0,117,0.0,0.0,0
3734,29.98,1,125457.1,0.0,2,0,0.0,0.0,1
3735,13.97,2,181893.82,0.0,20,0,0.0,0.0,0
3736,28.96,3,400658.31,18.35,41,16,2.0,4.0,0
3737,28.8,2,213660.55,7.92,6,0,0.0,0.0,0
3738,17.59,2,205120.8,4.67,0,0,2.0,2.0,0
3739,47.5,1,187863.28,0.0,0,0,0.0,0.0,0
3740,2.07,1,123528.98,2.49,20,0,2.0,1.0,0
3741,63.31,1,162588.24,0.0,0,25,0.0,0.0,0
3742,19.56,1,199815.38,7.5,1,0,1.0,4.0,0
3743,51.71,3,350762.70999999996,11.670000000000002,0,2,0.0,0.0,0
3744,20.74,2,162300.52000000002,3.11,0,49,0.0,0.0,0
3745,36.39,1,81554.4,0.0,0,0,0.0,0.0,0
3746,19.26,1,196498.45,0.48,35,0,1.0,4.0,1
3747,19.13,1,182421.88,0.0,44,44,0.0,0.0,0
3748,25.87,3,403066.16000000003,7.66,21,67,2.0,1.5,0
3749,8.19,2,228261.38,1.32,24,89,1.0,3.0,0
3750,59.93,2,243467.3,8.42,0,35,0.0,0.0,0
3751,38.1,2,226276.08000000002,9.28,88,0,1.0,0.0,0
3752,21.86,1,58466.95,0.0,0,0,0.0,0.0,0
3753,0.85,1,77125.55,6.29,36,0,1.0,4.0,0
3754,52.66,1,63525.63,0.0,0,0,0.0,0.0,0
3755,23.18,1,117840.84,0.0,14,23,0.0,0.0,0
3756,40.7,3,279502.62,1.54,67,22,2.0,1.0,0
3757,63.18,2,221924.45,0.0,31,25,2.0,1.5,0
3758,9.99,1,155107.01,0.0,9,18,0.0,0.0,0
3759,25.81,1,53240.93,5.82,0,34,0.0,0.0,1
3760,49.74,3,340298.87,15.92,72,0,0.0,0.0,0
3761,15.45,2,238089.91,0.0,48,22,0.0,0.0,0
3762,8.68,3,203630.05000000002,0.0,1,53,0.0,0.0,1
3763,4.93,1,101549.76,0.0,23,0,2.0,4.0,1
3764,49.47,1,167434.54,0.0,7,37,0.0,0.0,0
3765,38.99,3,442872.47,0.0,33,34,0.0,0.0,0
3766,44.84,2,335291.70999999996,11.25,0,48,2.0,1.5,0
3767,0.69,2,257806.52,11.11,73,36,0.0,0.0,0
3768,17.36,1,126295.41,0.0,20,0,1.0,5.0,0
3769,28.34,1,64814.44,0.0,0,14,0.0,0.0,0
3770,41.72,2,240345.59999999998,0.32,28,0,1.0,0.0,0
3771,3.48,3,268875.69,1.45,77,3,2.0,1.0,0
3772,55.19,2,153967.31,6.7,23,69,1.0,2.0,0
3773,20.55,3,257258.33000000002,5.17,3,80,0.0,0.0,0
3774,32.74,2,313907.02,12.0,0,0,2.0,0.5,0
3775,18.24,1,106905.61,9.96,20,11,1.0,5.0,0
3776,45.17,2,266888.96,5.52,37,30,2.0,1.0,1
3777,1.12,2,174201.6,9.83,29,11,0.0,0.0,0
3778,15.29,2,253562.59000000003,0.0,0,59,1.0,0.0,0
3779,14.76,2,263300.30000000005,0.0,48,7,0.0,0.0,0
3780,23.11,3,316408.82,8.89,28,41,1.0,1.0,1
3781,7.69,2,229528.1,0.0,46,0,1.0,5.0,0
3782,37.44,2,158477.29,8.3,10,0,1.0,4.0,0
3783,1.51,1,150769.49,0.0,25,0,1.0,1.0,0
3784,18.31,3,427155.73,0.0,0,0,2.0,0.5,0
3785,45.2,2,201764.24000000002,15.74,18,76,0.0,0.0,0
3786,55.23,1,51737.75,1.74,5,20,0.0,0.0,0
3787,32.54,1,122977.06,9.67,0,42,0.0,0.0,1
3788,57.56,3,261092.51,4.56,49,32,2.0,0.0,0
3789,27.65,3,315288.08,4.41,56,39,0.0,0.0,0
3790,8.81,3,254638.19,11.48,2,49,2.0,2.5,0
3791,13.81,1,166730.93,0.0,17,0,0.0,0.0,0
3792,1.91,2,254162.78,0.0,7,48,0.0,0.0,0
3793,23.64,1,157182.63,8.63,0,0,2.0,2.5,0
3794,52.07,2,203619.22999999998,4.66,68,20,0.0,0.0,0
3795,5.33,1,87987.13,4.53,0,0,2.0,0.0,0
3796,50.99,2,323328.29000000004,0.0,0,40,1.0,5.0,0
3797,35.96,2,178251.68,8.68,85,74,1.0,0.0,0
3798,54.96,1,160396.66,0.0,0,24,0.0,0.0,0
3799,23.77,3,385790.24,0.91,45,30,2.0,1.0,0
3800,18.21,2,227191.66999999998,8.51,71,49,1.0,3.0,0
3801,8.94,2,208497.84,4.03,57,0,0.0,0.0,0
3802,39.32,2,296542.14,7.53,27,3,1.0,0.0,0
3803,36.79,3,467640.5,0.0,53,0,2.0,2.5,0
3804,5.82,1,123131.69,0.22,10,0,0.0,0.0,0
3805,1.35,3,319984.06999999995,2.29,0,90,0.0,0.0,0
3806,40.57,2,233925.90999999997,5.11,46,6,1.0,0.0,0
3807,2.83,2,162734.81,0.0,18,17,1.0,0.0,0
3808,62.23,3,407395.98,14.82,35,17,0.0,0.0,0
3809,10.49,2,319521.96,7.5,48,55,1.0,4.0,0
3810,26.63,1,114582.83,0.0,0,0,2.0,0.5,0
3811,22.91,3,377053.15,0.14,66,5,2.0,2.5,0
3812,5.88,1,184797.57,8.95,0,0,1.0,1.0,0
3813,22.55,3,421757.20999999996,0.0,34,40,2.0,4.5,0
3814,38.2,3,216895.24,10.78,25,11,0.0,0.0,0
3815,62.39,2,346724.81000000006,9.51,0,37,0.0,0.0,0
3816,19.46,2,139905.95,16.78,44,4,2.0,0.5,0
3817,0.72,1,118732.1,0.0,11,0,1.0,3.0,1
3818,47.17,3,505582.52,16.67,1,11,2.0,2.0,0
3819,39.28,2,140225.37,4.609999999999999,28,63,0.0,0.0,0
3820,40.34,3,427702.81,8.83,14,36,0.0,0.0,0
3821,39.45,3,397323.08,18.310000000000002,63,27,2.0,1.0,0
3822,30.18,3,402758.83,4.02,24,0,0.0,0.0,0
3823,31.49,2,329285.48,0.19,30,39,2.0,1.0,0
3824,33.69,2,264355.27,5.5,20,22,0.0,0.0,0
3825,21.96,1,62745.52,7.71,10,5,1.0,2.0,0
3826,7.17,1,160822.78,5.75,0,0,1.0,2.0,0
3827,15.81,3,298899.89,11.73,69,53,2.0,0.0,0
3828,2.33,1,166161.89,0.0,0,2,0.0,0.0,1
3829,15.45,2,264513.39,7.71,32,13,0.0,0.0,0
3830,44.74,2,211104.71,7.38,45,84,0.0,0.0,0
3831,43.29,1,183674.47,7.8,6,14,0.0,0.0,0
3832,22.95,2,245313.67,8.21,0,0,0.0,0.0,0
3833,6.61,2,252333.45,7.58,79,4,0.0,0.0,0
3834,31.79,2,172162.76,13.72,83,0,1.0,0.0,0
3835,48.09,1,50686.17,4.41,25,20,0.0,0.0,0
3836,19.36,2,228170.65000000002,0.0,6,73,0.0,0.0,0
3837,57.46,3,302117.68,4.85,0,42,2.0,2.5,1
3838,39.35,1,61188.11,9.41,0,1,2.0,3.5,0
3839,54.83,1,99667.7,0.0,47,0,0.0,0.0,0
3840,28.53,3,442342.26,13.629999999999999,66,31,0.0,0.0,0
3841,45.07,2,200548.63999999998,1.39,0,30,0.0,0.0,0
3842,36.98,3,267922.68,0.0,39,35,0.0,0.0,0
3843,33.3,1,143141.99,0.0,20,22,0.0,0.0,0
3844,42.31,1,177790.53,7.2,0,0,0.0,0.0,0
3845,12.1,1,156188.93,0.0,40,0,2.0,3.0,0
3846,30.24,1,193197.2,0.0,0,0,0.0,0.0,0
3847,11.67,2,210601.77000000002,0.0,0,37,0.0,0.0,0
3848,35.34,1,150379.4,0.0,31,0,0.0,0.0,0
3849,14.63,2,320429.7,15.89,16,66,2.0,5.0,0
3850,36.26,1,171976.82,0.0,0,0,2.0,0.0,1
3851,62.82,1,122416.02,0.0,0,0,1.0,0.0,0
3852,54.9,2,153626.63,11.780000000000001,29,45,0.0,0.0,0
3853,39.61,1,154944.35,0.0,23,0,0.0,0.0,0
3854,6.08,1,53740.15,8.29,44,0,1.0,4.0,0
3855,16.24,3,412401.81,3.82,0,14,1.0,2.0,1
3856,32.77,3,405462.92,13.55,8,5,0.0,0.0,0
3857,40.43,2,222884.62,0.0,0,48,2.0,0.0,0
3858,23.73,1,96288.52,0.33,23,0,1.0,0.0,0
3859,33.53,1,64005.58,0.0,34,4,0.0,0.0,1
3860,62.23,2,128767.44,0.0,50,0,2.0,0.5,0
3861,44.84,2,243712.31,0.77,44,46,0.0,0.0,0
3862,41.72,3,458478.70999999996,13.059999999999999,0,0,1.0,4.0,0
3863,14.3,2,234440.09000000003,3.11,31,37,0.0,0.0,0
3864,60.09,1,182180.0,4.57,0,0,0.0,0.0,0
3865,23.77,2,320616.82,4.62,68,50,1.0,1.0,0
3866,25.94,1,112451.87,2.98,10,0,0.0,0.0,0
3867,36.65,3,345285.68,1.41,30,0,0.0,0.0,0
3868,43.62,1,115046.93,0.0,30,0,1.0,1.0,0
3869,59.27,1,125652.46,0.0,0,0,2.0,4.0,0
3870,37.25,3,295710.72,4.65,0,23,0.0,0.0,0
3871,59.63,3,400432.01999999996,3.9,27,43,2.0,4.0,0
3872,55.29,2,372321.86,0.0,41,65,2.0,0.0,1
3873,14.53,2,218277.75,8.46,6,25,0.0,0.0,0
3874,21.33,1,136154.77,5.08,34,0,0.0,0.0,0
3875,0.89,3,408499.37,4.12,37,26,0.0,0.0,0
3876,5.72,1,187515.78,0.0,22,0,1.0,0.0,0
3877,17.29,2,360157.21,6.32,19,1,2.0,2.5,0
3878,51.74,2,282923.74,5.38,0,28,0.0,0.0,0
3879,57.96,3,349454.74,15.510000000000002,36,58,2.0,3.5,0
3880,14.83,1,65841.27,9.83,2,25,1.0,0.0,0
3881,45.79,3,358513.25,0.0,16,0,0.0,0.0,0
3882,56.77,3,418594.96,6.25,50,78,2.0,0.0,0
3883,15.22,2,270669.49,0.25,0,0,0.0,0.0,1
3884,39.74,2,218517.86,9.85,5,7,0.0,0.0,0
3885,3.52,2,220836.46000000002,10.030000000000001,4,0,0.0,0.0,0
3886,42.57,1,155554.89,0.0,0,0,2.0,0.5,0
3887,46.78,3,321461.52,8.05,52,8,1.0,4.0,0
3888,21.86,3,287251.89,1.07,21,0,1.0,3.0,0
3889,57.33,1,128405.05,0.0,4,13,1.0,0.0,0
3890,25.58,1,135526.52,0.0,0,36,0.0,0.0,1
3891,23.27,3,323083.36,3.1,48,32,1.0,4.0,0
3892,10.45,3,345882.4,10.620000000000001,57,8,2.0,0.0,1
3893,53.19,3,260303.84000000003,3.08,36,96,0.0,0.0,0
3894,14.37,3,375234.94,0.0,56,68,1.0,0.0,0
3895,4.44,2,321243.25,8.46,35,39,2.0,0.5,0
3896,50.79,1,173368.59,0.0,40,32,0.0,0.0,0
3897,17.29,2,267898.98,0.0,50,18,0.0,0.0,0
3898,50.1,3,383347.41000000003,0.0,18,44,0.0,0.0,0
3899,41.88,3,380819.04,22.39,44,22,0.0,0.0,0
3900,40.83,2,308049.12,16.79,0,0,2.0,0.5,0
3901,14.53,3,309565.54000000004,5.67,5,30,0.0,0.0,0
3902,46.48,2,207214.09,0.29,50,42,0.0,0.0,0
3903,46.68,3,310365.16000000003,8.809999999999999,0,49,2.0,4.5,0
3904,61.74,3,436329.76,3.5,29,0,2.0,2.0,0
3905,58.61,3,429542.79,9.62,0,69,0.0,0.0,0
3906,14.89,1,151415.97,9.8,23,0,0.0,0.0,0
3907,52.43,2,236001.61,6.4399999999999995,0,35,2.0,3.5,0
3908,31.79,1,61207.29,0.0,0,0,1.0,0.0,0
3909,29.59,2,249655.25999999998,0.12,54,5,2.0,2.5,0
3910,41.98,3,363517.59,7.35,47,0,0.0,0.0,0
3911,14.56,2,223504.15000000002,2.75,44,0,0.0,0.0,0
3912,52.93,2,238243.97,0.34,19,13,0.0,0.0,0
3913,17.62,1,165937.71,0.0,47,0,2.0,0.0,0
3914,21.07,2,322441.17,0.0,0,47,0.0,0.0,0
3915,60.88,1,73712.54,0.0,0,0,1.0,0.0,0
3916,39.61,1,137942.43,2.19,49,14,0.0,0.0,0
3917,6.28,1,91136.19,0.76,0,0,1.0,2.0,0
3918,58.71,1,166925.91,0.0,8,15,0.0,0.0,0
3919,57.63,2,259291.78,7.03,11,0,2.0,0.0,1
3920,3.85,1,61113.22,0.0,0,35,0.0,0.0,0
3921,23.83,3,318809.37,6.22,13,19,1.0,0.0,0
3922,53.48,2,243170.46000000002,7.11,2,0,0.0,0.0,0
3923,0.59,2,209948.24,0.0,0,0,2.0,5.0,0
3924,1.35,3,273623.26,4.31,0,7,0.0,0.0,0
3925,29.13,2,198360.53,1.31,62,20,0.0,0.0,0
3926,1.18,1,105595.91,3.85,0,31,0.0,0.0,0
3927,4.14,1,184725.58,0.0,40,0,0.0,0.0,0
3928,40.89,1,159290.34,2.81,26,0,1.0,1.0,0
3929,21.79,1,192382.91,1.24,0,30,2.0,0.0,0
3930,5.49,1,176139.49,0.0,41,23,0.0,0.0,0
3931,57.0,2,225847.59,0.0,18,83,0.0,0.0,0
3932,14.76,2,236037.28,0.0,0,69,0.0,0.0,0
3933,61.14,1,175281.38,1.42,45,0,1.0,5.0,0
3934,13.38,3,460599.18,9.74,51,49,1.0,4.0,0
3935,7.73,3,376880.75,8.48,51,55,1.0,1.0,0
3936,13.54,1,172895.83,7.21,14,7,2.0,3.5,1
3937,10.12,1,138412.9,0.0,0,26,1.0,1.0,0
3938,0.3,2,255819.51,1.59,0,48,0.0,0.0,0
3939,5.62,1,95028.85,0.03,0,0,2.0,1.0,0
3940,45.69,1,79101.15,0.0,27,0,1.0,5.0,0
3941,62.36,3,420150.73,16.46,34,25,1.0,0.0,0
3942,2.17,2,317037.03,4.05,37,32,0.0,0.0,0
3943,56.18,1,124384.33,0.0,15,48,1.0,0.0,0
3944,15.91,2,305304.27,2.17,34,58,0.0,0.0,0
3945,23.73,3,363207.18,9.68,7,68,1.0,0.0,0
3946,10.09,3,406252.92000000004,0.73,2,68,1.0,4.0,0
3947,23.41,2,200068.82,0.0,9,7,2.0,1.5,0
3948,38.59,3,441712.28,0.0,109,72,0.0,0.0,0
3949,27.22,1,77322.4,0.0,0,29,1.0,5.0,0
3950,17.16,1,74634.66,0.0,0,46,1.0,0.0,0
3951,59.57,3,305623.01,8.18,46,13,1.0,0.0,0
3952,58.91,2,334739.26,0.0,4,79,0.0,0.0,0
3953,21.1,2,217286.41,9.54,60,46,1.0,0.0,1
3954,14.56,2,246009.99,12.51,40,40,0.0,0.0,0
3955,6.15,1,100101.32,0.0,1,0,0.0,0.0,0
3956,41.88,3,226229.26,7.94,45,0,0.0,0.0,0
3957,30.7,2,201434.47,8.3,10,11,0.0,0.0,0
3958,29.32,1,187010.45,0.0,0,0,2.0,0.5,0
3959,17.39,2,273016.46,0.0,0,0,0.0,0.0,0
3960,30.67,3,326217.91,14.24,18,0,0.0,0.0,0
3961,26.92,3,356383.49,0.0,29,6,2.0,2.5,0
3962,11.6,1,156421.79,6.14,0,0,0.0,0.0,0
3963,14.46,2,230293.0,2.63,50,27,2.0,3.0,0
3964,22.09,3,414401.73,8.42,30,12,1.0,0.0,0
3965,11.74,2,268600.07,3.22,40,0,0.0,0.0,0
3966,58.51,2,174769.22,10.4,31,2,2.0,2.0,0
3967,11.77,2,290127.76,8.77,28,0,2.0,3.0,0
3968,38.26,3,352517.33,6.7299999999999995,57,34,2.0,2.5,0
3969,45.17,1,147899.07,5.48,0,27,2.0,0.0,0
3970,11.18,2,334654.37,8.36,26,11,2.0,2.5,0
3971,29.42,3,525110.47,9.28,127,56,1.0,0.0,0
3972,13.28,1,145402.85,0.0,0,0,2.0,0.0,0
3973,35.27,1,116787.92,2.38,10,41,1.0,0.0,0
3974,40.99,2,240451.65000000002,0.23,0,28,2.0,0.0,0
3975,1.71,2,281577.76,4.12,0,22,2.0,3.0,0
3976,22.88,2,206412.49,1.49,0,22,0.0,0.0,0
3977,60.36,3,382934.14,0.0,36,40,0.0,0.0,0
3978,52.89,2,152245.57,13.7,10,77,0.0,0.0,0
3979,10.78,1,92632.53,3.49,39,0,2.0,0.0,0
3980,31.85,2,257137.90999999997,2.04,0,0,1.0,2.0,1
3981,49.24,3,334670.29000000004,4.93,20,70,0.0,0.0,0
3982,11.41,3,365389.47,6.5600000000000005,27,73,2.0,4.0,0
3983,34.29,3,332646.18,0.0,28,17,0.0,0.0,0
3984,3.16,3,419919.98,2.91,40,18,0.0,0.0,0
3985,5.88,1,87001.19,9.56,0,0,1.0,0.0,0
3986,38.36,3,437819.68,3.08,46,17,2.0,1.5,0
3987,38.43,3,327272.02,13.010000000000002,55,43,0.0,0.0,0
3988,52.01,3,296884.45,8.3,0,46,1.0,0.0,0
3989,14.07,2,210349.44,16.81,0,0,0.0,0.0,1
3990,45.89,2,246077.74,0.0,67,0,2.0,2.5,0
3991,62.56,2,255131.94,0.0,59,0,2.0,0.0,0
3992,44.77,3,508992.92000000004,4.72,0,65,2.0,0.0,0
3993,51.97,1,123828.26,0.0,24,49,1.0,1.0,0
3994,16.73,3,426249.48,14.559999999999999,113,61,0.0,0.0,1
3995,47.01,1,99755.46,0.0,0,17,0.0,0.0,0
3996,33.76,2,300062.19,0.0,4,38,0.0,0.0,0
3997,57.13,1,184321.46,0.0,0,0,0.0,0.0,0
3998,64.33,3,258917.12,0.55,39,45,1.0,0.0,1
3999,16.44,3,326532.63,0.0,38,24,0.0,0.0,0
4000,44.58,2,273797.11,0.0,0,0,0.0,0.0,0
4001,1.15,2,221223.45,3.9,12,38,1.0,5.0,0
4002,29.22,1,87724.12,0.0,35,0,1.0,0.0,0
4003,42.31,1,65831.17,0.87,38,18,1.0,4.0,0
4004,0.16,3,269643.54,8.66,49,3,0.0,0.0,0
4005,63.61,2,218168.59,6.63,4,25,0.0,0.0,0
4006,22.02,1,149734.11,0.0,49,0,2.0,1.5,0
4007,51.45,3,466535.97,3.27,72,23,0.0,0.0,0
4008,26.27,1,61194.59,0.0,0,0,1.0,1.0,1
4009,14.33,3,333531.02,12.04,0,2,2.0,0.0,0
4010,22.42,1,115917.79,7.18,0,34,1.0,0.0,0
4011,17.65,1,175713.41,0.0,0,0,2.0,0.0,0
4012,50.23,1,161634.21,0.0,23,0,0.0,0.0,1
4013,14.33,2,149251.24,0.0,0,45,1.0,0.0,0
4014,10.39,3,391128.76,14.620000000000001,28,6,0.0,0.0,0
4015,13.51,2,378382.54,2.06,43,50,1.0,2.0,0
4016,52.6,1,152311.16,0.0,0,48,0.0,0.0,0
4017,52.43,1,50069.08,0.62,0,0,0.0,0.0,0
4018,55.13,1,182383.35,0.0,26,0,0.0,0.0,0
4019,28.11,2,261433.72,0.0,36,49,2.0,0.5,0
4020,43.66,1,112748.89,5.78,0,0,0.0,0.0,0
4021,17.26,1,140277.65,0.0,0,25,2.0,1.5,0
4022,33.0,1,95163.98,3.92,17,0,1.0,0.0,0
4023,16.73,2,239852.11,0.0,43,35,0.0,0.0,0
4024,7.53,1,197448.45,0.0,48,14,2.0,2.0,0
4025,48.69,3,346528.8,8.690000000000001,86,45,0.0,0.0,0
4026,35.01,1,82691.58,7.46,45,7,1.0,0.0,0
4027,47.8,1,69372.99,3.44,44,0,0.0,0.0,0
4028,61.74,1,86336.16,0.0,19,0,0.0,0.0,0
4029,30.77,2,285380.42,13.11,0,1,1.0,0.0,0
4030,55.72,1,197667.24,5.95,0,0,0.0,0.0,1
4031,51.31,2,169587.09999999998,1.73,29,11,0.0,0.0,0
4032,21.66,1,67538.87,0.0,0,37,2.0,2.5,0
4033,35.08,2,281542.35,0.0,73,34,1.0,1.0,0
4034,47.44,1,105264.97,0.0,0,32,0.0,0.0,0
4035,47.83,2,294001.97,0.0,43,36,0.0,0.0,0
4036,45.66,1,182253.36,0.0,22,0,1.0,3.0,0
4037,52.07,2,224264.88,4.83,35,2,0.0,0.0,0
4038,15.19,3,413622.15,9.17,49,72,2.0,0.0,0
4039,51.48,2,257301.09000000003,13.379999999999999,28,47,2.0,2.5,0
4040,5.33,1,198295.63,0.0,0,0,0.0,0.0,0
4041,7.59,1,198528.36,3.21,18,0,0.0,0.0,0
4042,24.03,3,374207.11,14.350000000000001,57,67,0.0,0.0,0
4043,14.27,1,163327.87,5.16,42,42,2.0,0.5,0
4044,17.39,1,133286.87,7.73,0,41,0.0,0.0,0
4045,30.31,3,413167.97,4.99,49,27,2.0,0.0,0
4046,18.67,1,90588.19,0.0,0,0,0.0,0.0,0
4047,59.47,1,130084.61,0.0,10,0,0.0,0.0,0
4048,54.83,2,208383.39,0.0,21,7,0.0,0.0,0
4049,57.96,1,116111.52,7.09,0,0,0.0,0.0,0
4050,47.7,2,344109.79000000004,0.0,77,0,0.0,0.0,0
4051,41.78,2,373100.36,18.29,0,62,1.0,0.0,0
4052,41.35,3,350461.8,2.65,54,28,0.0,0.0,1
4053,51.64,2,308552.83999999997,0.0,26,3,0.0,0.0,0
4054,9.5,2,210799.40000000002,4.55,32,0,0.0,0.0,0
4055,59.3,1,132287.41,0.0,16,0,0.0,0.0,0
4056,27.88,1,141857.33,7.15,37,0,1.0,0.0,1
4057,59.01,2,170778.55,0.0,17,15,2.0,3.5,0
4058,36.09,3,462389.9,7.13,38,0,0.0,0.0,0
4059,32.41,1,92528.11,1.48,0,0,2.0,0.5,0
4060,20.38,1,177220.28,0.04,43,1,2.0,1.0,0
4061,13.35,2,271312.88,0.06,13,100,0.0,0.0,1
4062,30.51,2,298471.43,9.54,0,3,0.0,0.0,0
4063,23.08,2,318920.17000000004,3.33,30,58,0.0,0.0,0
4064,5.72,2,273331.22,5.39,10,33,0.0,0.0,0
4065,54.4,3,418651.44,0.0,21,27,1.0,0.0,0
4066,28.4,3,423562.95,19.35,36,51,0.0,0.0,0
4067,42.21,3,227658.18,0.0,46,70,0.0,0.0,0
4068,54.54,1,167239.04,5.73,25,0,1.0,0.0,0
4069,14.63,3,263938.82999999996,17.060000000000002,19,22,0.0,0.0,0
4070,52.37,2,238118.87,0.0,16,0,1.0,0.0,0
4071,46.58,1,150501.8,2.27,16,49,0.0,0.0,0
4072,50.95,2,222397.34,0.0,17,37,1.0,0.0,0
4073,48.03,3,379386.76,4.85,36,0,0.0,0.0,1
4074,22.88,2,284480.58,0.0,11,35,1.0,0.0,0
4075,52.33,1,170252.62,6.5,0,44,0.0,0.0,0
4076,1.18,1,162679.56,4.13,0,49,2.0,2.0,0
4077,23.31,1,139154.62,1.5,0,45,0.0,0.0,0
4078,17.72,3,489254.49,12.57,74,1,2.0,0.0,0
4079,43.79,2,286457.18,0.0,19,32,2.0,2.5,0
4080,45.5,3,453863.38,5.83,74,74,0.0,0.0,1
4081,51.51,3,352379.16000000003,3.74,0,0,1.0,0.0,0
4082,1.22,3,368478.36,11.01,54,25,0.0,0.0,0
4083,43.85,3,381448.37,9.34,5,0,1.0,0.0,1
4084,24.36,1,156257.76,0.0,13,15,0.0,0.0,0
4085,14.14,1,131595.31,9.02,7,0,0.0,0.0,0
4086,15.12,3,407492.39,6.15,107,30,1.0,0.0,0
4087,59.34,2,191725.86,0.0,18,52,0.0,0.0,0
4088,58.12,2,346106.8,9.69,63,70,1.0,0.0,1
4089,41.29,2,152169.37,0.0,62,39,1.0,2.0,0
4090,26.2,1,60602.53,0.0,27,0,0.0,0.0,0
4091,23.37,2,267912.13,1.23,17,0,1.0,3.0,0
4092,56.21,3,426562.32,8.219999999999999,2,24,0.0,0.0,0
4093,58.68,2,199477.90000000002,5.04,0,16,0.0,0.0,0
4094,12.72,2,213757.88,3.44,62,64,1.0,4.0,0
4095,38.07,2,248580.55,8.51,2,24,1.0,0.0,0
4096,2.63,3,346866.45999999996,5.41,24,19,2.0,0.5,0
4097,62.89,2,263470.35,3.58,23,43,0.0,0.0,0
4098,23.47,2,146024.57,4.12,36,14,0.0,0.0,0
4099,43.13,1,143104.08,0.0,0,43,1.0,2.0,0
4100,0.99,3,338297.44999999995,0.0,97,27,1.0,0.0,0
4101,32.38,1,147314.55,3.27,31,0,0.0,0.0,0
4102,16.37,1,146660.56,0.0,0,33,2.0,2.0,0
4103,44.15,2,369535.02,0.35,15,6,0.0,0.0,0
4104,20.28,3,399802.92,2.6,50,30,0.0,0.0,0
4105,42.24,3,336593.41000000003,16.38,84,83,0.0,0.0,0
4106,31.46,3,466814.32,15.67,36,28,1.0,0.0,0
4107,47.07,1,175354.97,3.29,5,0,2.0,2.5,0
4108,20.12,2,191831.16999999998,9.61,40,41,2.0,2.5,0
4109,60.68,3,319925.23,6.63,86,6,0.0,0.0,1
4110,38.13,3,456178.62,8.26,24,46,0.0,0.0,0
4111,42.44,1,52848.67,0.0,4,0,1.0,0.0,0
4112,43.13,2,325342.68,15.469999999999999,48,0,1.0,0.0,0
4113,9.76,1,51579.35,0.0,25,8,2.0,0.5,1
4114,6.64,3,435686.47000000003,0.0,2,44,2.0,2.0,1
4115,23.6,1,131155.16,6.01,6,0,1.0,3.0,0
4116,57.96,1,126662.75,0.0,48,17,1.0,0.0,1
4117,58.48,1,172710.63,0.0,3,10,0.0,0.0,1
4118,27.91,3,366231.43,0.0,38,5,0.0,0.0,1
4119,61.8,3,408316.87,5.68,64,21,2.0,2.5,0
4120,54.96,2,224743.34,0.0,0,48,2.0,1.0,0
4121,8.81,2,248304.57,3.23,44,45,2.0,2.5,0
4122,9.3,2,217618.47999999998,4.88,56,16,1.0,0.0,0
4123,46.12,2,330588.03,5.07,0,0,1.0,2.0,0
4124,63.05,3,397232.42,6.4,81,60,1.0,0.0,0
4125,44.71,3,526880.87,9.44,38,47,1.0,0.0,0
4126,12.59,1,52155.45,0.0,0,13,1.0,0.0,0
4127,28.07,1,180209.87,0.0,28,0,0.0,0.0,0
4128,1.18,3,406452.16000000003,0.0,42,54,0.0,0.0,0
4129,33.5,3,447727.12,4.79,83,76,1.0,3.0,0
4130,62.06,2,264254.23,4.7,73,22,2.0,1.5,0
4131,32.15,2,167279.02000000002,0.13,31,47,0.0,0.0,0
4132,28.57,3,418458.75,0.0,53,26,2.0,2.0,0
4133,50.49,2,217406.25,11.25,0,0,1.0,5.0,0
4134,50.46,1,197819.41,0.0,48,7,2.0,1.5,0
4135,59.34,2,210684.27000000002,0.0,42,92,1.0,0.0,0
4136,4.5,1,87583.12,5.31,50,16,0.0,0.0,0
4137,0.62,1,167621.48,0.0,0,1,2.0,2.5,0
4138,12.16,2,224444.16999999998,4.27,42,32,0.0,0.0,0
4139,12.33,3,318688.99,4.08,42,10,1.0,2.0,1
4140,49.7,3,305439.31,5.199999999999999,36,20,0.0,0.0,0
4141,18.77,3,370945.99,0.0,0,0,2.0,2.5,0
4142,43.06,1,79488.53,0.0,28,0,1.0,0.0,0
4143,60.59,1,136345.86,9.27,41,0,0.0,0.0,1
4144,31.92,1,103677.78,0.0,0,0,2.0,1.0,0
4145,42.08,1,63762.73,0.0,0,0,0.0,0.0,0
4146,7.03,2,374382.67,12.54,47,34,2.0,3.0,0
4147,48.52,3,387129.3,0.23,82,36,1.0,0.0,1
4148,10.88,1,101387.93,7.41,0,50,0.0,0.0,0
4149,36.52,1,125496.05,4.08,0,8,0.0,0.0,0
4150,9.57,1,93758.15,2.8,23,26,0.0,0.0,0
4151,53.48,1,192889.62,1.63,42,0,1.0,1.0,0
4152,37.67,1,114089.44,6.89,0,40,0.0,0.0,0
4153,29.91,2,131155.53,14.08,37,0,0.0,0.0,0
4154,60.78,2,246063.78,6.26,45,34,2.0,0.5,0
4155,59.01,3,454553.76,12.719999999999999,0,53,1.0,1.0,0
4156,37.15,3,464756.52,7.12,0,21,1.0,1.0,0
4157,2.79,1,126754.58,4.76,0,0,0.0,0.0,0
4158,54.11,2,260071.41999999998,0.0,73,3,0.0,0.0,0
4159,8.35,1,126394.88,3.0,0,37,0.0,0.0,0
4160,26.82,3,314249.66,9.79,43,83,1.0,0.0,0
4161,38.63,2,356249.15,2.94,12,0,1.0,0.0,1
4162,28.37,3,291048.07999999996,5.1,13,53,0.0,0.0,0
4163,8.71,2,226891.01,0.0,46,0,0.0,0.0,0
4164,13.25,1,129011.24,0.0,5,29,0.0,0.0,1
4165,40.93,2,261941.38,1.79,0,0,0.0,0.0,0
4166,41.09,1,111516.88,0.0,24,0,0.0,0.0,1
4167,60.36,3,382317.7,0.0,44,1,0.0,0.0,0
4168,1.08,2,305577.11,0.04,46,68,1.0,1.0,1
4169,43.43,3,255230.86,2.71,46,0,0.0,0.0,0
4170,34.58,2,323347.29,5.16,0,0,2.0,0.0,0
4171,59.11,3,459162.35,13.49,43,93,1.0,4.0,0
4172,1.87,1,125729.79,0.0,0,0,1.0,0.0,0
4173,30.41,1,58322.61,0.71,36,12,1.0,0.0,0
4174,40.43,3,360224.27999999997,6.35,22,17,0.0,0.0,0
4175,9.01,2,259541.34999999998,7.43,37,12,1.0,5.0,0
4176,15.19,3,395889.22,5.8,0,0,0.0,0.0,0
4177,23.37,2,284640.12,0.0,30,30,0.0,0.0,0
4178,13.54,2,139860.16,0.0,54,0,0.0,0.0,0
4179,22.29,2,123592.32,0.0,13,92,2.0,2.0,0
4180,48.95,2,269729.95,0.0,18,73,1.0,0.0,0
4181,16.47,2,175900.45,0.0,28,39,1.0,0.0,0
4182,29.91,3,470302.3,18.55,34,0,2.0,1.5,0
4183,28.4,3,375614.81,0.0,14,16,1.0,4.0,0
4184,46.94,3,397190.36,7.35,58,24,0.0,0.0,0
4185,9.53,3,299646.62,9.52,74,47,1.0,0.0,0
4186,57.59,2,181848.06,9.36,0,58,1.0,0.0,0
4187,53.81,1,195099.56,0.0,20,10,1.0,0.0,0
4188,9.11,3,392678.06,0.0,33,0,2.0,2.0,0
4189,55.29,3,390764.79000000004,9.24,123,0,2.0,0.0,0
4190,1.31,3,338578.99,0.0,40,83,1.0,4.0,0
4191,4.04,3,372678.83999999997,10.530000000000001,54,3,0.0,0.0,0
4192,8.38,2,171501.28999999998,3.48,0,34,0.0,0.0,1
4193,40.57,1,91438.42,0.0,0,16,1.0,0.0,0
4194,39.28,3,401705.66000000003,8.09,14,25,2.0,1.5,0
4195,8.91,2,142604.38999999998,6.15,14,81,2.0,4.0,0
4196,49.08,3,438143.4,6.46,0,0,0.0,0.0,0
4197,19.53,2,247035.97,0.0,0,19,2.0,1.0,0
4198,60.88,3,290235.24,7.82,63,0,1.0,0.0,0
4199,13.25,1,94509.54,4.35,12,15,1.0,0.0,0
4200,49.11,3,369911.51,7.5600000000000005,25,73,2.0,1.5,0
4201,22.32,2,331613.53,10.22,73,50,2.0,1.0,0
4202,44.74,1,52225.07,0.0,8,0,0.0,0.0,1
4203,39.58,2,119275.03,10.440000000000001,0,4,1.0,0.0,1
4204,19.3,2,237741.82,6.33,7,47,1.0,0.0,0
4205,48.39,1,150423.71,6.65,0,39,0.0,0.0,0
4206,43.1,1,170312.73,0.0,30,38,2.0,3.5,0
4207,63.84,1,155462.53,0.0,0,0,0.0,0.0,0
4208,17.95,2,332662.89,5.04,0,33,0.0,0.0,0
4209,17.39,1,138126.88,0.0,0,14,0.0,0.0,0
4210,31.26,3,402674.56999999995,5.64,16,20,1.0,1.0,0
4211,15.88,1,126932.91,4.21,37,0,0.0,0.0,1
4212,12.85,1,165162.61,7.12,34,0,2.0,2.0,0
4213,2.83,1,97874.97,4.76,40,0,2.0,1.0,0
4214,41.81,3,344218.54,17.55,0,62,0.0,0.0,0
4215,35.9,2,312787.22,11.9,24,54,0.0,0.0,0
4216,30.54,2,250125.02000000002,9.1,30,12,0.0,0.0,0
4217,39.58,1,98276.06,7.32,33,43,0.0,0.0,1
4218,42.34,1,104560.62,5.97,0,17,2.0,2.0,1
4219,20.74,3,436765.68,6.22,64,29,1.0,0.0,0
4220,46.88,3,256849.66,5.09,0,32,0.0,0.0,0
4221,39.05,1,107345.19,2.11,4,0,0.0,0.0,0
4222,52.04,2,238014.78,0.0,0,45,2.0,2.0,0
4223,20.68,1,137879.93,0.0,10,45,0.0,0.0,0
4224,13.77,3,381881.2,6.68,42,34,0.0,0.0,0
4225,28.07,2,130227.68000000001,4.43,18,54,0.0,0.0,0
4226,32.91,3,261093.72000000003,8.21,85,73,0.0,0.0,0
4227,58.28,3,262013.84,13.43,68,27,1.0,2.0,0
4228,26.86,2,165911.3,0.2,53,42,2.0,0.5,0
4229,55.82,3,397576.48,0.0,37,82,0.0,0.0,0
4230,61.7,2,183415.43,2.3,91,0,0.0,0.0,0
4231,46.75,1,105973.41,0.0,0,0,0.0,0.0,0
4232,38.33,1,69446.72,7.14,43,0,0.0,0.0,0
4233,7.1,3,382181.72,0.0,0,6,1.0,0.0,0
4234,8.94,2,321549.48,8.84,25,0,1.0,5.0,0
4235,6.41,2,143420.14,0.0,60,13,2.0,2.5,0
4236,26.53,1,119270.27,7.22,45,5,1.0,1.0,0
4237,16.27,2,320465.97,6.06,0,12,0.0,0.0,0
4238,36.52,1,122210.04,0.17,21,23,1.0,0.0,0
4239,50.3,2,317253.61,14.48,27,0,1.0,0.0,0
4240,46.68,2,182637.46000000002,0.0,28,0,0.0,0.0,0
4241,42.7,3,496270.38,0.96,0,7,2.0,2.0,1
4242,33.93,3,476514.43,12.98,27,65,1.0,0.0,1
4243,40.04,1,57784.91,4.05,0,0,0.0,0.0,0
4244,59.47,2,198653.52,9.33,11,30,0.0,0.0,0
4245,38.56,1,114456.97,0.0,0,0,1.0,0.0,0
4246,59.14,2,261433.58000000002,4.890000000000001,25,0,0.0,0.0,0
4247,32.87,3,328148.95999999996,8.68,29,63,1.0,5.0,0
4248,10.55,2,261279.53,8.43,47,87,2.0,4.0,0
4249,22.09,2,297733.77,4.88,48,0,0.0,0.0,1
4250,5.39,1,182431.47,4.71,0,4,2.0,2.5,0
4251,42.21,2,248842.43,0.0,0,29,0.0,0.0,0
4252,61.11,3,438357.32999999996,9.97,72,9,0.0,0.0,0
4253,23.31,2,228180.26,10.08,0,0,0.0,0.0,1
4254,30.18,3,390469.17,0.0,33,41,1.0,0.0,0
4255,2.99,2,222407.34,8.82,36,33,0.0,0.0,0
4256,35.31,3,340869.0,6.81,23,21,0.0,0.0,0
4257,32.25,3,268323.22,18.0,22,64,0.0,0.0,0
4258,51.71,1,176681.38,6.31,0,0,0.0,0.0,0
4259,12.52,3,480717.15,6.91,20,60,0.0,0.0,1
4260,6.64,2,260432.01,1.25,40,24,2.0,1.0,0
4261,8.42,2,303748.19,0.0,0,50,1.0,0.0,0
4262,58.05,2,348125.20999999996,10.34,0,0,0.0,0.0,0
4263,47.3,3,403224.64,4.29,45,0,0.0,0.0,0
4264,34.85,2,299354.83999999997,7.74,0,0,1.0,0.0,0
4265,0.16,2,168274.57,7.13,0,0,0.0,0.0,0
4266,30.9,3,363197.62,8.0,2,17,0.0,0.0,0
4267,58.45,3,405947.57999999996,14.89,67,25,0.0,0.0,1
4268,4.27,3,282764.65,12.39,35,104,0.0,0.0,0
4269,45.4,1,152468.63,0.0,0,0,0.0,0.0,1
4270,61.97,1,148990.0,0.0,0,0,0.0,0.0,0
4271,5.16,3,317861.06,3.13,39,23,2.0,2.0,0
4272,12.56,3,298013.73,0.0,71,0,1.0,0.0,0
4273,33.99,3,313794.59,0.0,10,84,0.0,0.0,1
4274,22.49,1,56176.85,8.59,0,24,0.0,0.0,0
4275,21.79,3,386586.7,7.77,62,0,1.0,2.0,0
4276,11.83,1,140402.86,0.41,43,0,2.0,2.5,0
4277,5.88,2,360531.87,8.49,21,11,1.0,0.0,0
4278,14.89,3,294916.25,4.08,22,27,1.0,0.0,0
4279,9.11,2,248783.55,10.96,0,82,0.0,0.0,0
4280,8.19,3,379544.07,4.33,39,8,0.0,0.0,0
4281,27.94,3,340142.47,14.309999999999999,25,47,0.0,0.0,0
4282,37.38,2,326418.48,7.17,68,7,2.0,1.0,0
4283,6.44,2,255071.35,0.89,41,17,2.0,3.5,0
4284,60.78,1,50294.79,0.0,0,40,2.0,3.5,0
4285,58.45,3,207745.58000000002,6.94,0,56,0.0,0.0,0
4286,45.76,2,346793.26,11.469999999999999,39,40,0.0,0.0,0
4287,10.72,3,333393.95,6.95,51,75,0.0,0.0,0
4288,57.43,1,116290.59,2.52,0,0,0.0,0.0,0
4289,14.0,3,477701.29,11.34,98,47,0.0,0.0,1
4290,0.43,1,177913.37,0.0,34,31,0.0,0.0,0
4291,33.23,1,167571.56,0.0,0,0,0.0,0.0,1
4292,14.4,3,383614.65,3.63,60,35,2.0,1.5,0
4293,30.67,2,256291.59,8.59,41,48,2.0,3.0,1
4294,64.17,3,398017.37,11.89,17,6,0.0,0.0,0
4295,41.26,3,182784.51,11.86,49,81,0.0,0.0,0
4296,63.94,3,436123.02,16.18,113,40,2.0,0.0,1
4297,61.74,2,343667.22,4.4,15,44,0.0,0.0,0
4298,15.29,3,405461.67000000004,14.7,56,40,1.0,0.0,1
4299,25.77,2,297625.9,4.8,39,20,0.0,0.0,0
4300,61.11,2,241156.78,9.190000000000001,15,37,2.0,2.5,0
4301,57.73,3,497794.31,9.34,86,43,2.0,0.0,0
4302,22.68,2,223010.34999999998,2.62,64,0,0.0,0.0,0
4303,5.03,1,95952.03,5.95,39,0,1.0,5.0,0
4304,45.73,1,94858.82,2.55,23,0,2.0,1.5,0
4305,10.59,1,81686.31,0.0,0,0,0.0,0.0,0
4306,32.84,1,159676.99,8.34,15,0,0.0,0.0,0
4307,24.65,3,390624.74,8.89,112,30,1.0,0.0,1
4308,32.22,3,318281.68,5.91,0,31,2.0,3.5,0
4309,17.69,2,216512.36,5.45,12,5,2.0,0.0,0
4310,0.53,1,169952.97,4.68,0,3,0.0,0.0,0
4311,40.76,2,215804.38,8.6,0,4,1.0,0.0,0
4312,4.67,3,281918.55,1.61,8,0,0.0,0.0,0
4313,28.67,1,123078.94,0.0,19,26,1.0,5.0,1
4314,58.38,2,310215.89,0.34,2,50,2.0,0.5,0
4315,34.81,3,283646.21,13.16,77,54,1.0,0.0,0
4316,33.1,3,375151.05,3.67,25,50,0.0,0.0,0
4317,44.21,2,281706.08999999997,5.99,27,49,1.0,4.0,0
4318,44.94,1,169117.54,0.0,0,47,0.0,0.0,0
4319,50.49,2,253492.59999999998,0.0,0,23,2.0,0.0,0
4320,64.07,3,311120.44,1.13,13,11,0.0,0.0,0
4321,40.17,1,93426.0,0.0,0,1,0.0,0.0,0
4322,45.99,2,175380.32,6.76,15,0,1.0,0.0,0
4323,16.44,2,172745.89,18.950000000000003,18,44,0.0,0.0,0
4324,35.57,3,346731.25,5.24,31,0,1.0,0.0,0
4325,60.42,1,154261.67,0.0,0,24,2.0,0.5,0
4326,64.2,2,261726.43,0.0,30,0,2.0,2.5,0
4327,61.44,1,176939.63,8.47,0,33,2.0,2.5,0
4328,1.58,3,430850.86,7.83,33,16,2.0,1.5,0
4329,63.91,1,136876.26,9.79,47,0,0.0,0.0,1
4330,46.61,3,312828.80000000005,12.43,68,81,2.0,2.5,0
4331,15.91,1,135788.71,5.03,0,33,1.0,1.0,0
4332,33.46,1,91407.48,0.0,6,8,1.0,0.0,0
4333,54.44,1,51610.82,0.0,0,46,1.0,0.0,0
4334,37.61,1,164830.06,0.0,0,5,1.0,0.0,0
4335,35.8,1,179833.56,4.19,0,0,2.0,0.0,1
4336,18.51,2,360486.86,2.79,29,0,2.0,1.5,0
4337,16.93,1,164131.0,8.37,11,20,1.0,0.0,0
4338,23.41,2,329934.06,6.52,28,0,2.0,2.0,0
4339,31.3,3,331299.86,11.94,44,23,1.0,3.0,0
4340,2.7,1,152721.61,7.33,0,26,2.0,0.0,0
4341,60.98,2,257087.24,3.42,44,0,0.0,0.0,0
4342,32.58,3,389971.75,8.38,31,0,2.0,3.0,0
4343,28.53,3,432130.25,5.6,30,49,1.0,0.0,1
4344,22.19,2,245283.02,15.18,14,38,2.0,0.0,0
4345,6.15,3,346004.63,1.18,9,17,1.0,0.0,0
4346,54.83,1,163115.63,2.14,30,14,0.0,0.0,0
4347,60.32,1,68861.34,3.71,0,4,2.0,3.0,0
4348,50.72,2,238707.13,3.78,0,17,0.0,0.0,0
4349,63.05,3,351402.23,9.76,97,0,2.0,3.0,0
4350,50.79,3,308634.2,1.41,0,3,2.0,3.0,0
4351,2.3,1,198526.75,0.0,0,35,0.0,0.0,0
4352,22.72,2,326022.57,0.0,50,43,0.0,0.0,0
4353,47.44,1,174228.39,0.0,42,0,1.0,0.0,0
4354,23.64,2,246610.82,3.27,31,37,0.0,0.0,0
4355,33.66,1,118892.77,0.0,0,0,0.0,0.0,0
4356,29.98,1,77477.65,8.01,0,17,1.0,1.0,1
4357,25.77,3,294985.3,0.0,57,50,0.0,0.0,1
4358,14.73,1,116592.38,8.5,31,0,1.0,5.0,0
4359,51.12,1,60311.16,0.0,12,47,2.0,3.0,0
4360,36.82,1,74637.77,0.0,48,46,2.0,1.5,0
4361,18.7,1,160642.56,0.0,0,0,0.0,0.0,0
4362,26.07,2,266784.08,8.67,0,7,2.0,0.0,0
4363,47.76,2,218739.58000000002,7.28,48,71,0.0,0.0,0
4364,63.81,2,207374.62,13.46,53,36,0.0,0.0,0
4365,49.7,2,230755.13999999998,0.19,15,0,2.0,0.0,1
4366,51.78,1,137666.89,0.0,0,41,2.0,1.0,0
4367,46.29,1,116239.1,0.0,10,0,0.0,0.0,0
4368,45.53,3,376281.43,11.799999999999999,42,17,0.0,0.0,0
4369,31.43,2,221137.82,0.0,31,15,0.0,0.0,0
4370,57.46,1,186071.17,0.0,0,13,0.0,0.0,0
4371,16.07,3,359799.23,16.979999999999997,4,0,2.0,0.5,0
4372,57.66,3,346406.17,14.46,12,3,2.0,0.5,1
4373,36.49,2,267881.19,1.23,78,15,0.0,0.0,0
4374,59.96,3,364141.94,11.16,2,22,2.0,1.0,0
4375,18.31,1,122931.35,0.0,30,0,1.0,2.0,0
4376,57.96,1,124458.87,0.88,0,0,0.0,0.0,1
4377,50.46,1,65502.92,9.0,0,23,0.0,0.0,0
4378,20.48,2,170380.30000000002,3.11,2,38,2.0,0.0,0
4379,26.27,1,155142.55,8.34,25,32,0.0,0.0,1
4380,39.25,2,250790.05,0.0,5,89,0.0,0.0,0
4381,34.62,2,264453.01,0.0,31,32,0.0,0.0,0
4382,55.79,2,252394.87,3.26,0,47,1.0,4.0,1
4383,20.05,1,150769.13,0.0,0,0,2.0,2.5,0
4384,25.61,1,154818.46,7.49,30,0,2.0,2.0,1
4385,26.53,2,280921.26,1.82,0,0,0.0,0.0,0
4386,4.11,2,286902.30000000005,18.41,1,0,2.0,0.5,0
4387,31.66,1,137444.81,0.0,0,20,1.0,2.0,0
4388,20.45,1,163145.54,0.0,2,22,0.0,0.0,0
4389,0.36,2,238659.40000000002,4.08,63,0,2.0,1.0,0
4390,62.33,1,156810.84,0.0,0,49,2.0,1.0,0
4391,20.02,3,325072.57999999996,4.529999999999999,33,39,1.0,4.0,0
4392,3.55,1,186368.51,0.0,0,27,0.0,0.0,0
4393,21.7,1,145508.28,0.0,0,17,2.0,0.0,0
4394,11.7,2,291253.98,5.19,47,30,1.0,5.0,0
4395,18.31,3,443752.32999999996,13.75,11,90,1.0,2.0,0
4396,58.19,1,192294.6,1.48,0,12,0.0,0.0,0
4397,18.74,3,431740.7,17.48,0,40,0.0,0.0,0
4398,45.69,3,281767.18,0.94,47,39,0.0,0.0,0
4399,41.75,1,109719.67,9.33,14,16,0.0,0.0,0
4400,64.46,2,250427.02000000002,6.28,94,42,2.0,0.5,0
4401,53.75,2,377396.74,9.55,56,37,0.0,0.0,0
4402,4.83,3,440745.36,7.6,24,46,0.0,0.0,0
4403,13.58,1,96661.1,8.4,16,0,2.0,2.0,0
4404,10.78,1,87576.88,0.0,0,9,2.0,1.5,0
4405,57.63,1,57314.32,0.0,0,0,2.0,0.0,0
4406,54.93,3,467590.93,14.41,38,24,0.0,0.0,0
4407,60.09,1,108681.19,0.0,0,6,2.0,4.5,0
4408,42.97,2,277040.08999999997,8.06,30,18,1.0,0.0,0
4409,4.44,1,170713.19,8.26,17,36,1.0,0.0,1
4410,9.37,1,64697.23,0.0,38,14,2.0,2.5,1
4411,26.36,3,337159.56,2.58,32,42,0.0,0.0,0
4412,55.33,1,122042.57,0.16,0,0,0.0,0.0,0
4413,40.43,2,258635.7,12.45,15,0,1.0,0.0,0
4414,56.31,3,278597.88,1.64,18,23,0.0,0.0,1
4415,39.74,3,383011.37,11.93,6,28,1.0,0.0,0
4416,32.22,3,329966.06,15.379999999999999,0,0,0.0,0.0,1
4417,56.8,3,411330.32,3.86,10,18,0.0,0.0,0
4418,53.02,3,284711.11,2.02,5,54,0.0,0.0,1
4419,37.41,3,334951.78,4.6,66,75,0.0,0.0,0
4420,58.42,1,129338.25,0.0,20,33,1.0,0.0,0
4421,4.17,2,237609.08000000002,0.0,92,29,0.0,0.0,0
4422,27.15,2,365822.43,5.29,13,23,0.0,0.0,0
4423,29.52,3,392808.94999999995,2.46,51,0,0.0,0.0,0
4424,34.32,2,243803.89999999997,15.47,0,88,0.0,0.0,0
4425,17.69,3,290015.91000000003,0.56,54,0,0.0,0.0,0
4426,11.18,1,137253.83,0.0,0,27,0.0,0.0,0
4427,60.75,2,249644.75999999998,0.03,44,23,0.0,0.0,0
4428,29.55,2,250456.32,12.43,11,16,0.0,0.0,1
4429,24.39,1,131741.59,1.41,40,25,1.0,5.0,0
4430,8.74,2,262355.08999999997,0.0,0,0,0.0,0.0,0
4431,52.01,1,129352.2,1.5,12,50,1.0,0.0,1
4432,30.8,1,75529.39,0.0,0,12,2.0,2.5,0
4433,13.87,3,340971.91000000003,12.54,71,23,0.0,0.0,1
4434,52.27,1,57232.79,1.19,26,38,2.0,0.0,0
4435,46.25,3,308948.76,0.0,63,47,0.0,0.0,0
4436,55.39,3,391170.38,7.29,13,0,0.0,0.0,0
4437,12.06,3,541581.6,3.63,8,20,0.0,0.0,0
4438,40.14,1,71322.51,8.14,9,34,2.0,0.0,0
4439,18.77,2,297773.83,4.16,26,43,0.0,0.0,0
4440,48.78,3,325212.45999999996,5.85,86,25,0.0,0.0,0
4441,30.05,1,135528.52,7.12,0,0,0.0,0.0,0
4442,32.35,3,378396.43,9.9,38,0,1.0,0.0,0
4443,2.07,3,236012.6,9.73,59,46,0.0,0.0,0
4444,34.45,2,141498.29,8.88,8,0,0.0,0.0,0
4445,6.25,1,144772.26,0.0,0,0,0.0,0.0,0
4446,31.23,2,286357.8,0.0,0,2,2.0,0.5,0
4447,36.69,3,433044.06999999995,15.009999999999998,68,51,1.0,0.0,1
4448,36.09,3,367720.6,16.6,52,82,1.0,3.0,0
4449,43.0,3,386513.35,20.15,58,6,0.0,0.0,0
4450,58.94,1,120765.78,1.13,36,28,0.0,0.0,1
4451,22.06,3,287638.76,6.37,23,58,0.0,0.0,0
4452,49.67,3,412410.85,16.35,23,70,0.0,0.0,1
4453,10.68,1,179768.09,1.35,0,0,2.0,0.5,0
4454,59.8,2,319348.70999999996,0.0,45,37,1.0,2.0,0
4455,61.64,3,401363.30000000005,12.23,70,81,0.0,0.0,0
4456,6.9,1,80004.06,0.0,23,0,1.0,4.0,0
4457,13.31,3,366589.04000000004,7.38,64,51,2.0,0.0,0
4458,6.64,1,148402.07,4.57,23,0,0.0,0.0,0
4459,39.15,3,488382.73000000004,3.88,67,64,2.0,0.0,0
4460,5.26,2,246608.58000000002,0.36,22,21,0.0,0.0,0
4461,41.19,1,141037.09,0.0,27,0,0.0,0.0,1
4462,37.71,2,241749.59,7.22,5,3,0.0,0.0,0
4463,60.09,3,413760.05,25.53,36,11,0.0,0.0,0
4464,35.14,3,499742.99,14.61,18,7,2.0,2.0,0
4465,47.73,1,195663.61,0.0,0,39,1.0,0.0,0
4466,52.79,1,99656.91,0.0,8,0,1.0,2.0,0
4467,6.87,1,150692.24,0.0,18,45,0.0,0.0,0
4468,25.84,3,475343.77,10.34,24,24,2.0,3.5,0
4469,21.66,1,194693.71,0.01,44,38,0.0,0.0,0
4470,43.33,1,94671.81,0.0,44,0,1.0,3.0,0
4471,2.73,2,379358.01,0.0,47,16,0.0,0.0,0
4472,18.18,3,473943.07999999996,4.96,31,47,2.0,2.0,0
4473,60.26,2,200973.28000000003,0.0,28,15,0.0,0.0,0
4474,0.89,3,425586.79000000004,3.07,31,19,0.0,0.0,0
4475,50.79,3,291541.18,5.35,15,34,0.0,0.0,0
4476,32.74,1,174980.89,9.93,46,35,0.0,0.0,1
4477,63.64,1,62844.95,0.0,0,0,0.0,0.0,0
4478,60.78,1,115998.17,3.15,42,2,0.0,0.0,0
4479,1.28,1,78247.4,0.0,7,0,0.0,0.0,0
4480,9.37,3,327263.72,14.18,2,74,2.0,2.5,0
4481,14.1,1,74817.0,1.34,20,0,1.0,0.0,0
4482,27.09,1,176588.62,4.16,47,21,0.0,0.0,0
4483,24.98,1,147618.05,0.0,35,40,2.0,1.5,0
4484,48.22,1,102612.19,0.0,0,0,0.0,0.0,0
4485,19.79,1,163307.4,8.45,0,0,1.0,3.0,1
4486,40.43,2,331327.42000000004,2.36,34,44,2.0,0.5,0
4487,1.12,3,350457.96,3.65,49,27,0.0,0.0,0
4488,54.37,2,295790.63,8.16,29,64,0.0,0.0,0
4489,7.96,3,242368.14,0.62,67,18,2.0,3.5,1
4490,33.3,1,167619.34,0.0,31,0,2.0,0.0,1
4491,26.13,3,402805.07999999996,18.79,27,31,0.0,0.0,0
4492,55.98,2,277446.69,0.0,17,0,0.0,0.0,1
4493,30.77,2,139825.49,10.129999999999999,0,0,0.0,0.0,0
4494,30.31,3,477152.53,2.21,46,17,0.0,0.0,1
4495,37.87,3,282397.92000000004,1.8699999999999999,24,85,0.0,0.0,0
4496,37.21,3,346972.0,0.0,66,65,1.0,3.0,0
4497,6.05,3,326974.08,9.11,0,3,1.0,4.0,1
4498,9.27,2,341947.7,0.0,7,44,0.0,0.0,0
4499,53.12,2,287778.73,0.0,47,41,2.0,3.0,0
4500,28.01,1,113606.96,0.0,13,8,1.0,5.0,0
4501,41.03,3,337580.01,0.0,47,0,2.0,0.0,0
4502,42.93,2,185466.18,5.47,11,1,2.0,2.0,0
4503,57.69,2,378364.18,2.35,52,47,0.0,0.0,0
4504,20.28,1,135761.8,0.0,0,22,0.0,0.0,0
4505,29.16,3,333768.26,0.55,26,43,1.0,3.0,0
4506,2.17,1,63379.79,0.0,0,0,0.0,0.0,0
4507,52.2,2,172123.66999999998,0.0,46,35,0.0,0.0,0
4508,12.82,2,245133.4,0.0,0,55,2.0,4.0,0
4509,54.96,3,473975.49,6.75,0,65,0.0,0.0,0
4510,54.87,3,355033.30000000005,10.86,44,49,1.0,4.0,0
4511,52.66,1,60062.38,1.72,0,0,0.0,0.0,0
4512,15.29,1,191737.4,7.16,44,35,0.0,0.0,0
4513,40.01,2,353061.9,6.63,40,49,0.0,0.0,0
4514,22.42,1,77875.31,0.0,23,50,2.0,0.0,1
4515,3.81,1,101053.28,3.1,0,0,2.0,4.5,0
4516,14.3,1,168150.68,0.0,0,40,0.0,0.0,0
4517,52.7,1,60766.49,9.77,34,0,0.0,0.0,1
4518,51.91,1,81136.74,3.88,0,0,0.0,0.0,0
4519,17.19,3,224164.44,8.8,12,26,0.0,0.0,0
4520,23.77,1,99067.82,0.0,35,0,1.0,0.0,0
4521,12.36,1,194727.77,2.82,11,0,0.0,0.0,0
4522,47.67,1,122969.81,0.0,33,0,1.0,4.0,1
4523,50.53,2,290225.15,7.02,76,45,1.0,2.0,0
4524,14.27,2,221473.36000000002,0.0,7,41,0.0,0.0,1
4525,44.48,2,267464.98,0.0,12,0,0.0,0.0,0
4526,20.91,3,403339.0,19.37,82,42,2.0,2.5,1
4527,23.27,2,218690.79,6.48,57,35,0.0,0.0,0
4528,34.65,1,66207.21,0.0,0,0,0.0,0.0,0
4529,32.35,3,447844.06,6.69,20,62,0.0,0.0,0
4530,48.29,3,341450.57,12.3,68,61,0.0,0.0,0
4531,61.08,3,307828.85,1.12,78,15,1.0,4.0,0
4532,7.33,1,54459.77,0.0,36,47,2.0,0.0,0
4533,31.3,2,324150.70999999996,9.4,43,21,2.0,0.0,0
4534,6.44,3,286566.02,0.0,35,83,1.0,5.0,0
4535,23.27,3,399159.51,8.0,1,8,1.0,3.0,0
4536,41.49,2,166419.02,5.22,0,0,1.0,0.0,1
4537,14.07,3,212174.21,11.649999999999999,19,0,2.0,0.0,0
4538,55.39,3,297582.82999999996,9.75,44,51,1.0,1.0,0
4539,29.59,1,194663.05,8.65,0,36,0.0,0.0,0
4540,13.54,1,59956.36,0.0,14,12,0.0,0.0,0
4541,4.54,3,320095.7,9.81,0,70,0.0,0.0,0
4542,27.12,2,263892.97,5.52,13,0,0.0,0.0,0
4543,2.17,3,332870.38,9.2,0,0,0.0,0.0,0
4544,17.92,1,90112.44,5.02,4,0,0.0,0.0,0
4545,30.44,2,308971.55,5.7700000000000005,0,30,0.0,0.0,0
4546,21.04,3,499720.93,5.25,50,33,0.0,0.0,0
4547,36.29,3,346554.75,7.54,0,48,1.0,0.0,0
4548,37.38,2,183730.58000000002,1.62,6,27,0.0,0.0,0
4549,5.19,2,312337.39,2.67,37,16,0.0,0.0,0
4550,29.49,2,256458.8,9.98,0,0,1.0,0.0,0
4551,37.18,3,360482.76,4.71,0,34,0.0,0.0,0
4552,9.24,2,318645.51,0.0,50,70,0.0,0.0,0
4553,64.17,3,392405.8,12.9,19,34,1.0,2.0,0
4554,13.45,3,338655.86,0.0,12,24,0.0,0.0,0
4555,39.45,2,117579.53,9.73,11,46,0.0,0.0,0
4556,20.48,1,54241.59,0.0,26,0,2.0,2.5,1
4557,12.1,3,309102.01,16.939999999999998,11,30,0.0,0.0,0
4558,8.35,1,175797.05,0.0,28,0,1.0,0.0,0
4559,23.37,1,179642.26,0.0,22,48,0.0,0.0,0
4560,14.1,1,198095.11,0.0,39,4,2.0,0.0,0
4561,10.82,3,337038.41,14.13,0,69,0.0,0.0,0
4562,3.58,1,129465.78,0.0,0,0,0.0,0.0,0
4563,40.11,2,306622.20999999996,8.9,47,45,0.0,0.0,0
4564,52.53,2,232375.95,0.0,0,24,1.0,4.0,0
4565,61.93,3,355395.94,5.68,0,41,0.0,0.0,0
4566,61.8,3,318463.9,1.98,35,57,0.0,0.0,0
4567,29.62,2,324489.97,1.75,39,19,1.0,4.0,0
4568,2.3,2,259160.87,9.01,49,45,0.0,0.0,1
4569,19.07,1,101953.89,4.04,36,0,2.0,4.5,0
4570,50.16,1,155141.61,2.29,13,0,0.0,0.0,0
4571,5.36,2,225126.83000000002,4.83,0,0,0.0,0.0,0
4572,25.28,1,187252.48,7.51,49,1,1.0,0.0,0
4573,44.02,1,179606.75,0.0,38,47,1.0,1.0,0
4574,6.77,3,354861.72,11.94,60,10,0.0,0.0,0
4575,13.41,1,82640.97,0.0,25,29,1.0,1.0,0
4576,6.31,2,330373.79,10.58,49,6,1.0,0.0,0
4577,30.37,2,202060.43,0.37,33,50,0.0,0.0,0
4578,19.13,2,257680.29,7.33,31,30,0.0,0.0,1
4579,0.69,3,297287.48,9.16,49,41,2.0,0.5,0
4580,37.51,3,438401.6,7.01,38,119,2.0,1.5,0
4581,31.79,2,358034.20999999996,8.29,27,0,0.0,0.0,0
4582,58.02,2,231311.13,7.27,66,56,0.0,0.0,0
4583,29.95,1,141213.57,0.0,19,0,2.0,1.5,0
4584,22.98,2,302615.61,4.61,45,0,0.0,0.0,0
4585,62.36,3,408726.3,0.0,16,21,0.0,0.0,0
4586,53.09,3,404960.01,3.47,14,0,0.0,0.0,0
4587,19.49,2,242207.44,0.0,65,50,1.0,0.0,0
4588,39.78,3,337750.24,8.4,49,0,1.0,0.0,0
4589,19.33,2,205618.94,6.57,55,10,1.0,0.0,1
4590,38.17,1,56765.01,5.2,16,0,2.0,2.0,0
4591,26.04,2,276995.22,9.87,27,25,0.0,0.0,0
4592,39.48,3,353413.35,9.11,71,85,2.0,2.5,0
4593,62.33,2,220943.79,8.49,25,36,0.0,0.0,1
4594,1.61,1,116733.56,0.0,30,15,2.0,1.5,0
4595,2.6,3,443992.5,13.2,94,45,1.0,2.0,1
4596,19.4,2,324600.51,0.0,0,16,2.0,3.5,0
4597,52.86,3,425691.92,8.58,86,6,2.0,1.0,0
4598,12.23,2,375908.28,2.37,12,24,2.0,0.0,0
4599,59.14,2,348235.58999999997,4.98,42,35,0.0,0.0,0
4600,10.62,3,508398.49,0.0,34,31,1.0,5.0,0
4601,50.43,2,198779.94,5.21,25,0,1.0,4.0,0
4602,4.77,3,252677.84000000003,8.59,36,28,0.0,0.0,0
4603,60.39,2,217020.09,11.95,10,0,1.0,0.0,1
4604,56.64,2,168434.47999999998,4.79,37,0,0.0,0.0,0
4605,60.12,3,334911.76,16.060000000000002,7,52,0.0,0.0,0
4606,3.91,1,146881.62,0.0,0,30,1.0,0.0,1
4607,41.03,1,110549.18,4.07,30,0,0.0,0.0,0
4608,12.13,2,202411.22,8.02,7,71,0.0,0.0,0
4609,17.26,1,64596.05,9.91,35,33,0.0,0.0,0
4610,3.25,3,344573.31,8.83,15,0,0.0,0.0,0
4611,45.79,2,178891.46000000002,9.63,80,17,2.0,2.0,0
4612,1.94,2,185639.25,1.12,13,36,0.0,0.0,0
4613,38.23,1,109943.04,4.73,0,20,2.0,1.0,0
4614,45.36,1,155553.42,0.0,0,1,0.0,0.0,0
4615,18.51,3,423391.52999999997,10.99,19,57,0.0,0.0,0
4616,21.27,1,121845.07,0.0,11,47,2.0,2.0,0
4617,28.07,3,401866.92,9.47,45,49,0.0,0.0,0
4618,18.54,1,135027.44,0.0,0,0,1.0,3.0,1
4619,26.96,2,363253.05,3.34,78,13,2.0,0.5,0
4620,31.26,1,87074.09,0.0,19,13,2.0,3.0,0
4621,10.36,1,153225.07,0.0,46,0,0.0,0.0,0
4622,53.52,2,292809.26,2.07,72,30,1.0,0.0,1
4623,14.33,1,83081.78,0.77,18,35,2.0,0.0,0
4624,13.31,2,119934.41,0.0,32,42,0.0,0.0,0
4625,58.94,1,179437.55,0.0,0,0,0.0,0.0,0
4626,34.52,3,492536.58999999997,8.58,62,20,0.0,0.0,0
4627,16.77,2,208590.6,13.14,37,34,0.0,0.0,1
4628,56.15,3,383729.39999999997,0.0,80,31,2.0,2.5,0
4629,41.22,2,328388.86,2.2,42,47,1.0,2.0,0
4630,8.55,1,56641.43,8.57,0,34,2.0,0.0,0
4631,28.96,3,351829.65,7.78,48,74,1.0,5.0,0
4632,44.94,2,158260.39,0.0,47,17,2.0,3.0,0
4633,43.56,2,338199.9,0.7,49,4,0.0,0.0,0
4634,21.14,1,174660.47,1.0,35,0,2.0,1.5,0
4635,34.75,2,270057.44999999995,8.39,0,22,0.0,0.0,0
4636,27.19,3,266985.41,0.0,28,49,0.0,0.0,1
4637,26.79,3,406578.27,0.0,75,34,2.0,3.0,0
4638,31.66,2,215372.13999999998,3.43,0,24,1.0,0.0,0
4639,44.84,1,58981.19,0.0,0,0,1.0,4.0,0
4640,62.72,1,190922.91,0.0,14,19,1.0,0.0,0
4641,57.43,1,181560.81,3.49,13,0,2.0,0.0,0
4642,8.84,2,329890.13,6.8,33,20,0.0,0.0,0
4643,9.83,2,280562.43,15.72,59,74,1.0,0.0,0
4644,36.55,1,83610.35,9.14,8,14,0.0,0.0,0
4645,7.86,3,320378.45,4.029999999999999,54,28,0.0,0.0,0
4646,15.61,3,470220.56,0.0,50,17,2.0,2.5,1
4647,17.09,2,173945.36,7.48,21,41,1.0,0.0,0
4648,41.75,2,290441.28,6.7,36,0,0.0,0.0,0
4649,11.24,3,510309.16000000003,10.56,74,63,0.0,0.0,0
4650,25.64,3,441439.93000000005,3.6,44,47,1.0,0.0,0
4651,19.03,2,309775.02,0.8,19,0,0.0,0.0,0
4652,11.6,3,421451.22000000003,1.48,44,49,1.0,1.0,0
4653,61.21,3,358682.20999999996,9.14,85,10,0.0,0.0,0
4654,7.96,1,146383.14,0.0,0,0,1.0,5.0,0
4655,33.4,2,287957.51,1.53,0,0,0.0,0.0,0
4656,1.45,1,142760.53,0.0,41,0,0.0,0.0,0
4657,28.44,3,348111.87,10.48,53,2,2.0,0.0,0
4658,63.45,2,200491.66999999998,1.09,4,20,2.0,0.5,0
4659,33.56,3,465428.74,8.04,0,25,0.0,0.0,0
4660,36.95,2,205282.52000000002,7.69,26,0,1.0,2.0,0
4661,5.42,3,373780.12,15.92,28,29,0.0,0.0,0
4662,6.18,2,291473.15,0.93,41,0,0.0,0.0,0
4663,37.57,1,130236.5,0.0,24,27,0.0,0.0,0
4664,7.5,3,309312.26,8.71,57,13,2.0,2.0,0
4665,37.21,3,336718.05,5.61,6,0,1.0,4.0,0
4666,4.73,1,106998.08,6.94,41,0,0.0,0.0,0
4667,7.56,2,151551.18,16.41,15,42,0.0,0.0,0
4668,11.14,2,304510.39,3.47,61,34,0.0,0.0,0
4669,64.04,3,325433.53,16.04,7,49,1.0,3.0,0
4670,16.34,1,66236.67,6.44,0,14,2.0,1.0,0
4671,50.39,3,279098.93,12.48,34,34,2.0,0.0,0
4672,50.59,1,113261.14,6.17,40,0,0.0,0.0,1
4673,11.28,3,419323.04000000004,3.9400000000000004,53,20,1.0,3.0,1
4674,51.71,3,217285.16999999998,17.07,37,12,0.0,0.0,0
4675,58.48,2,225143.69,2.54,0,20,1.0,1.0,0
4676,55.82,2,271108.49,9.66,31,5,2.0,3.5,1
4677,31.69,2,133150.22,8.82,0,0,2.0,1.5,0
4678,63.25,3,324031.76,9.46,39,117,0.0,0.0,0
4679,51.45,1,99049.13,0.0,0,0,0.0,0.0,0
4680,59.73,2,225719.47,0.0,38,97,0.0,0.0,1
4681,47.17,2,287209.91000000003,11.98,0,0,1.0,4.0,1
4682,9.89,2,235722.13,17.48,0,47,1.0,0.0,0
4683,60.52,3,427735.42000000004,13.9,77,24,0.0,0.0,0
4684,23.9,1,100333.78,0.0,6,50,0.0,0.0,0
4685,27.94,3,273378.63,2.18,27,0,1.0,0.0,0
4686,46.35,2,258940.81,10.290000000000001,13,49,0.0,0.0,0
4687,7.59,2,221099.74,8.22,28,10,0.0,0.0,0
4688,63.25,1,184912.93,4.01,0,34,2.0,0.0,0
4689,31.46,3,412542.07,1.51,27,81,2.0,3.0,0
4690,28.44,1,142858.08,8.76,7,0,1.0,0.0,0
4691,30.64,1,111933.4,0.56,0,0,1.0,5.0,0
4692,4.93,2,204537.53,0.0,43,38,2.0,3.0,0
4693,32.84,1,90511.66,1.55,0,46,0.0,0.0,0
4694,43.75,1,199404.55,4.84,0,0,0.0,0.0,0
4695,25.54,2,212333.69999999998,4.49,50,0,0.0,0.0,0
4696,19.07,2,363658.39,1.53,5,3,0.0,0.0,0
4697,26.59,1,78640.86,0.0,0,0,0.0,0.0,0
4698,17.26,3,266929.76,9.92,56,87,2.0,0.5,0
4699,19.1,2,161544.74,0.0,43,15,0.0,0.0,1
4700,12.33,3,410144.64,0.38,0,42,2.0,4.5,0
4701,59.5,1,95327.18,0.0,0,0,0.0,0.0,0
4702,16.21,3,346474.04000000004,7.66,29,0,0.0,0.0,0
4703,20.61,1,140663.22,0.0,0,16,1.0,2.0,0
4704,63.51,2,195943.19,8.19,34,18,0.0,0.0,0
4705,60.45,1,172911.92,0.0,50,43,0.0,0.0,0
4706,31.59,3,389031.13,4.4,23,40,2.0,1.0,0
4707,61.83,2,197062.25,4.51,7,48,1.0,5.0,0
4708,51.87,1,149936.99,0.0,14,0,1.0,0.0,0
4709,4.04,2,309117.98,0.0,11,0,1.0,0.0,0
4710,7.2,2,227554.47,7.07,0,0,0.0,0.0,0
4711,25.05,1,87961.04,7.51,0,0,0.0,0.0,0
4712,18.64,2,303357.0,0.39,0,9,0.0,0.0,0
4713,42.8,2,324075.31999999995,0.0,45,44,1.0,3.0,0
4714,48.03,2,273586.49,3.68,14,0,0.0,0.0,0
4715,37.54,1,104661.94,0.0,11,0,0.0,0.0,0
4716,14.73,1,111094.54,0.0,23,21,1.0,0.0,0
4717,46.48,2,171859.98,3.81,32,47,1.0,4.0,0
4718,8.51,1,91814.81,8.12,0,41,1.0,0.0,0
4719,21.37,2,173441.62,4.19,76,56,0.0,0.0,0
4720,29.03,2,307617.92000000004,9.23,2,19,1.0,3.0,0
4721,25.94,3,235575.81,0.0,55,101,0.0,0.0,0
4722,29.62,1,81709.45,0.0,31,15,0.0,0.0,0
4723,41.06,1,102019.77,9.06,28,35,2.0,1.0,0
4724,56.38,2,253381.27,0.0,0,43,1.0,0.0,0
4725,58.05,2,306646.9,3.89,0,32,2.0,0.0,1
4726,53.35,3,343454.27,8.88,22,19,2.0,1.5,1
4727,27.45,3,538047.8099999999,7.34,41,46,0.0,0.0,0
4728,29.42,2,313778.5,0.0,49,46,0.0,0.0,0
4729,40.11,3,335760.85,0.15,38,41,0.0,0.0,1
4730,57.33,1,184034.64,0.0,15,16,1.0,2.0,0
4731,36.82,3,454629.89,0.0,0,23,1.0,3.0,0
4732,47.73,1,50651.31,8.01,36,0,2.0,0.5,0
4733,15.02,3,310990.62,0.0,0,22,0.0,0.0,0
4734,22.98,2,275476.65,0.0,44,35,0.0,0.0,0
4735,62.62,2,274970.39,9.76,45,5,0.0,0.0,0
4736,16.54,1,191009.13,9.81,0,28,0.0,0.0,0
4737,37.21,3,474046.94999999995,10.76,55,81,2.0,1.5,0
4738,33.99,2,307630.14,0.0,67,0,0.0,0.0,0
4739,36.65,1,64384.97,0.43,0,33,0.0,0.0,0
4740,1.08,2,376200.06,9.81,18,10,0.0,0.0,0
4741,34.19,3,436269.14,14.29,93,28,0.0,0.0,0
4742,31.26,1,95025.5,0.0,0,48,2.0,2.0,1
4743,19.92,3,462189.95,8.94,35,48,1.0,2.0,0
4744,33.53,3,355490.92,17.9,44,43,1.0,0.0,0
4745,51.25,3,295002.79,9.89,59,54,1.0,1.0,0
4746,25.38,1,173986.75,0.0,14,8,2.0,4.0,0
4747,30.54,2,240833.5,1.98,3,45,1.0,4.0,0
4748,54.7,2,235915.53,3.77,0,40,0.0,0.0,0
4749,25.77,1,88188.83,3.44,17,5,0.0,0.0,0
4750,23.6,1,92185.27,8.66,0,0,0.0,0.0,0
4751,34.71,2,164250.06,6.68,1,0,2.0,4.5,0
4752,0.72,3,309370.73,9.21,34,141,0.0,0.0,0
4753,52.14,1,92354.98,0.0,20,0,1.0,4.0,0
4754,13.94,2,275510.67,4.4,7,33,2.0,3.0,0
4755,9.14,1,159105.69,0.0,27,36,2.0,0.0,1
4756,64.37,2,350032.93999999994,0.0,35,32,0.0,0.0,0
4757,29.22,1,114201.49,4.83,0,44,1.0,0.0,0
4758,37.87,3,243576.11,12.76,23,76,2.0,0.0,0
4759,21.47,2,251946.78,12.969999999999999,67,10,1.0,0.0,0
4760,49.9,3,461296.82,6.2,105,70,0.0,0.0,0
4761,31.39,3,438122.17,13.29,30,42,1.0,5.0,0
4762,10.75,1,177249.17,0.0,0,7,2.0,0.0,0
4763,56.54,1,199712.47,0.0,37,0,2.0,4.0,1
4764,5.16,3,380235.41,9.19,38,0,2.0,2.5,0
4765,29.72,1,186090.51,8.33,8,0,0.0,0.0,0
4766,15.98,2,194378.41,5.51,18,21,0.0,0.0,0
4767,63.25,1,195312.15,0.0,0,41,0.0,0.0,0
4768,3.22,3,312326.4,9.04,0,26,0.0,0.0,0
4769,5.75,3,389744.66000000003,2.31,49,29,0.0,0.0,0
4770,62.03,2,303763.15,8.129999999999999,13,28,0.0,0.0,0
4771,52.76,2,368126.55000000005,2.35,0,14,2.0,1.5,0
4772,1.78,3,433469.81,11.67,34,32,0.0,0.0,1
4773,38.36,3,449159.29000000004,14.459999999999999,10,21,2.0,5.0,0
4774,1.48,2,209978.94,2.2,14,0,0.0,0.0,0
4775,15.25,2,184877.28000000003,10.780000000000001,0,11,0.0,0.0,0
4776,35.86,3,486018.68,10.14,92,32,2.0,1.0,0
4777,39.41,2,243203.40000000002,6.95,20,0,2.0,3.5,0
4778,17.75,3,327505.77,8.34,30,0,1.0,2.0,0
4779,62.72,2,256408.15000000002,8.18,81,41,0.0,0.0,1
4780,21.04,3,386091.12,0.0,85,37,2.0,2.0,0
4781,24.46,3,401832.68000000005,1.54,73,20,2.0,1.0,1
4782,2.99,1,182218.85,0.0,0,0,2.0,1.5,0
4783,17.82,3,424881.86,0.0,3,11,1.0,2.0,0
4784,13.05,2,261417.34,0.0,14,83,0.0,0.0,0
4785,47.01,2,322976.46,8.92,62,0,0.0,0.0,0
4786,51.05,1,114104.76,0.0,3,0,2.0,1.0,0
4787,36.92,3,478586.64,0.0,63,45,0.0,0.0,0
4788,62.92,2,258943.66999999998,5.5600000000000005,42,31,1.0,0.0,0
4789,28.67,1,133007.8,0.0,14,0,2.0,0.0,0
4790,5.75,1,107938.45,3.78,14,0,2.0,1.5,0
4791,59.43,3,382594.84,8.5,26,68,2.0,4.0,0
4792,62.36,2,291637.38,3.41,46,0,2.0,4.0,0
4793,44.61,3,393929.86,9.8,55,61,0.0,0.0,0
4794,50.23,1,87879.8,0.0,26,42,0.0,0.0,0
4795,47.53,3,391508.27,0.0,38,18,1.0,0.0,0
4796,40.57,1,94968.56,3.96,40,0,0.0,0.0,0
4797,24.82,3,449570.41000000003,0.0,0,24,2.0,2.0,0
4798,40.2,3,441025.85,9.42,72,3,2.0,1.0,0
4799,9.17,1,74840.62,0.0,0,25,0.0,0.0,0
4800,47.76,3,318459.27999999997,1.74,66,25,0.0,0.0,0
4801,45.63,3,384603.39,5.3,54,90,0.0,0.0,1
4802,59.57,1,158844.4,6.26,0,50,0.0,0.0,0
4803,31.46,3,390015.33999999997,7.78,13,41,2.0,3.0,0
4804,40.17,3,441149.7,1.25,63,25,0.0,0.0,0
4805,16.86,3,327314.85,6.7,84,41,0.0,0.0,0
4806,13.02,1,109343.6,0.0,25,0,0.0,0.0,0
4807,20.38,2,308147.81,1.94,17,3,2.0,2.0,0
4808,19.26,3,433549.94999999995,12.15,67,50,2.0,3.5,0
4809,19.43,3,427221.26,2.24,81,17,0.0,0.0,0
4810,32.35,1,163547.96,1.93,0,25,0.0,0.0,0
4811,24.19,2,188681.37,6.44,0,0,0.0,0.0,0
4812,51.25,2,298627.75,13.41,45,23,1.0,1.0,0
4813,37.44,1,135485.55,0.0,0,0,2.0,0.0,0
4814,49.31,2,338941.15,8.76,46,75,1.0,3.0,1
4815,25.05,1,93150.08,8.66,0,49,1.0,1.0,0
4816,53.06,1,101978.75,6.32,14,44,2.0,1.0,0
4817,63.61,2,240919.18,8.04,24,46,0.0,0.0,0
4818,37.87,3,414451.47,0.0,75,0,0.0,0.0,0
4819,60.75,2,311486.82,3.83,0,86,0.0,0.0,0
4820,43.06,2,244967.66,4.0,47,0,0.0,0.0,0
4821,10.78,3,327255.61,7.619999999999999,28,33,0.0,0.0,0
4822,34.55,3,433451.14,8.77,0,51,1.0,4.0,0
4823,51.84,2,239962.91,0.0,0,29,0.0,0.0,0
4824,61.34,2,302532.9,0.0,11,0,0.0,0.0,0
4825,59.14,2,233535.34,15.6,21,16,0.0,0.0,0
4826,60.26,2,156353.08000000002,0.0,42,49,0.0,0.0,1
4827,17.72,2,297998.94,2.14,0,0,2.0,2.5,0
4828,39.51,3,377309.80000000005,9.85,31,62,2.0,3.5,0
4829,43.56,1,156463.98,3.71,29,45,0.0,0.0,0
4830,22.45,1,129753.21,0.0,4,0,0.0,0.0,0
4831,4.27,1,170467.51,9.89,6,0,2.0,1.0,1
4832,34.32,3,287099.56,9.34,9,39,0.0,0.0,0
4833,28.76,2,231512.81,5.24,31,0,0.0,0.0,0
4834,42.57,1,89847.41,8.89,22,46,0.0,0.0,0
4835,60.68,1,68828.06,0.0,0,44,1.0,0.0,0
4836,36.03,1,137419.93,9.81,27,32,2.0,0.0,0
4837,52.2,1,110836.52,0.0,0,0,0.0,0.0,0
4838,34.58,3,444415.94999999995,14.92,44,28,1.0,0.0,0
4839,28.8,1,133746.25,8.41,0,26,2.0,0.0,0
4840,1.91,3,510336.26,1.78,20,40,1.0,0.0,0
4841,25.38,1,180594.94,0.0,48,17,0.0,0.0,0
4842,45.66,1,151097.02,0.0,17,2,1.0,0.0,0
4843,61.37,1,125439.74,4.1,4,16,0.0,0.0,0
4844,42.37,1,89941.42,0.0,0,31,2.0,2.0,0
4845,46.42,2,235979.55,0.0,10,91,1.0,0.0,1
4846,26.59,1,137876.38,0.0,34,0,1.0,0.0,0
4847,10.52,1,166666.03,0.0,40,0,0.0,0.0,0
4848,5.75,3,407956.83,0.0,75,0,2.0,2.0,0
4849,13.18,1,165199.92,0.21,42,0,0.0,0.0,0
4850,63.05,2,188921.03999999998,0.0,35,50,0.0,0.0,1
4851,49.08,2,374639.89,3.48,7,0,1.0,0.0,1
4852,40.07,1,167089.33,0.0,3,9,0.0,0.0,1
4853,60.82,3,333729.56,5.55,44,47,2.0,1.5,0
4854,51.87,3,463711.1,9.56,33,121,1.0,5.0,1
4855,39.51,1,63629.85,0.0,21,4,0.0,0.0,0
4856,0.36,1,165271.93,6.11,33,24,1.0,1.0,0
4857,52.76,3,349742.89,5.7299999999999995,41,55,1.0,0.0,0
4858,5.49,3,422027.24,6.21,40,49,1.0,3.0,0
4859,62.06,3,294837.74,8.9,37,143,2.0,0.5,0
4860,63.94,3,394904.06,7.24,56,61,2.0,1.5,0
4861,42.77,2,369021.24,12.42,47,0,2.0,1.0,1
4862,62.16,2,297262.43,3.86,22,80,0.0,0.0,0
4863,20.87,2,174757.02000000002,9.11,91,28,0.0,0.0,0
4864,27.74,3,389410.08999999997,14.18,11,78,0.0,0.0,0
4865,25.21,1,197460.19,1.06,0,0,0.0,0.0,0
4866,29.68,3,402659.07,9.04,22,43,2.0,2.5,0
4867,42.64,2,243962.62,2.78,79,58,0.0,0.0,0
4868,64.2,3,445810.32,16.14,56,40,0.0,0.0,0
4869,55.0,2,158262.82,9.46,39,16,0.0,0.0,0
4870,64.23,1,51963.74,7.43,38,12,0.0,0.0,0
4871,38.2,3,459222.29000000004,0.0,0,11,0.0,0.0,0
4872,14.99,1,176081.86,9.97,43,0,2.0,1.5,0
4873,10.62,3,364199.07999999996,5.0,62,45,0.0,0.0,0
4874,57.59,1,83154.99,0.0,17,23,0.0,0.0,0
4875,25.67,3,368070.63,13.669999999999998,56,0,0.0,0.0,0
4876,18.18,3,397835.33,12.760000000000002,85,59,1.0,2.0,0
4877,38.23,2,275375.85,0.0,30,0,1.0,1.0,0
4878,23.27,3,342710.77,0.0,6,30,0.0,0.0,0
4879,54.57,2,315552.76,7.51,49,56,1.0,0.0,0
4880,2.96,1,88475.24,0.0,0,0,0.0,0.0,0
4881,31.3,2,244139.28999999998,2.39,27,54,0.0,0.0,0
4882,14.89,1,86694.87,9.86,0,31,0.0,0.0,0
4883,3.71,3,254447.83000000002,0.0,18,37,0.0,0.0,0
4884,21.83,3,442992.99,6.34,50,29,1.0,4.0,0
4885,20.58,1,135554.28,2.11,38,15,1.0,2.0,0
4886,27.42,3,420866.93,9.1,76,36,0.0,0.0,1
4887,27.32,1,65547.35,1.61,0,0,0.0,0.0,0
4888,60.88,1,59922.41,4.36,0,0,1.0,5.0,0
4889,3.42,2,349066.62,0.92,32,34,1.0,0.0,0
4890,38.53,3,316426.32,13.71,0,38,0.0,0.0,0
4891,36.65,2,342636.03,0.0,25,45,0.0,0.0,0
4892,14.56,3,290027.87,0.0,39,40,0.0,0.0,0
4893,0.76,2,172764.16,5.15,48,7,1.0,2.0,0
4894,19.36,1,102186.89,4.27,5,10,1.0,2.0,0
4895,33.93,3,510129.13,1.3,33,119,1.0,3.0,1
4896,22.78,1,174230.0,0.0,25,0,1.0,2.0,1
4897,8.81,3,314643.3,7.76,21,26,1.0,2.0,0
4898,43.1,3,505314.31999999995,13.379999999999999,20,47,1.0,1.0,0
4899,10.52,2,204774.31,11.5,47,22,1.0,0.0,0
4900,62.0,2,192421.82,16.52,92,25,0.0,0.0,0
4901,55.36,2,371718.92,0.0,32,11,0.0,0.0,0
4902,41.88,2,118332.70000000001,9.69,61,49,0.0,0.0,0
4903,8.48,3,412254.31,13.06,32,22,1.0,5.0,1
4904,61.8,1,90823.24,0.0,0,0,0.0,0.0,0
4905,32.05,2,247206.97,7.07,44,0,2.0,1.0,0
4906,13.48,2,309924.04000000004,11.5,46,21,0.0,0.0,0
4907,60.98,3,532146.72,4.58,35,24,0.0,0.0,0
4908,32.54,3,327706.66000000003,2.22,36,39,2.0,0.0,0
4909,22.22,1,148789.35,0.0,0,40,1.0,5.0,0
4910,15.15,2,186597.43,4.68,4,9,0.0,0.0,0
4911,8.91,3,357950.33999999997,0.0,41,50,0.0,0.0,0
4912,11.74,1,186253.08,0.0,42,18,0.0,0.0,0
4913,54.6,1,120657.06,1.82,3,2,0.0,0.0,0
4914,12.82,3,428468.7,8.28,38,24,2.0,2.0,0
4915,37.05,2,286116.94,2.77,19,59,0.0,0.0,0
4916,14.1,3,297931.15,8.870000000000001,66,64,0.0,0.0,0
4917,13.18,3,457338.69,9.29,26,0,1.0,2.0,0
4918,64.3,2,270330.83999999997,1.12,35,0,2.0,1.0,0
4919,21.93,2,179340.38,7.21,13,0,0.0,0.0,0
4920,56.51,2,232830.58000000002,2.35,0,18,1.0,2.0,0
4921,38.17,2,296527.82,0.0,11,18,2.0,0.5,0
4922,42.77,3,391804.27999999997,6.83,0,0,0.0,0.0,1
4923,47.4,1,66840.46,0.0,0,41,1.0,0.0,0
4924,58.94,3,424627.25,17.060000000000002,80,0,0.0,0.0,0
4925,13.81,2,302904.18,0.0,32,0,0.0,0.0,0
4926,45.69,2,353559.53,6.76,6,0,1.0,0.0,0
4927,64.17,2,278691.41000000003,9.04,35,71,0.0,0.0,0
4928,38.43,2,236763.52000000002,5.83,0,10,1.0,3.0,0
4929,44.44,3,281547.36,16.46,31,66,0.0,0.0,0
4930,46.22,2,201424.12,2.88,24,15,1.0,3.0,0
4931,17.09,1,152874.54,7.08,15,14,2.0,0.0,0
4932,60.42,2,262929.27,2.5,0,62,0.0,0.0,0
4933,0.59,2,234947.56,0.75,19,46,1.0,0.0,0
4934,58.22,1,172241.24,4.76,0,0,0.0,0.0,0
4935,15.25,3,414649.19999999995,6.69,14,63,2.0,2.0,1
4936,40.01,3,318600.27,10.77,58,48,2.0,0.0,0
4937,7.4,1,93575.51,3.65,14,46,2.0,1.5,0
4938,55.79,1,90482.57,0.0,0,49,1.0,0.0,0
4939,45.5,3,378679.51,0.0,31,19,1.0,0.0,0
4940,54.87,3,462259.73,11.16,56,44,0.0,0.0,0
4941,35.14,2,212067.32,7.82,7,67,1.0,0.0,0
4942,19.99,1,112856.69,0.0,15,6,2.0,4.5,0
4943,21.17,3,234208.32,12.55,45,0,0.0,0.0,0
4944,29.95,1,82840.33,8.79,0,0,2.0,1.0,0
4945,18.05,1,90416.74,4.09,0,17,0.0,0.0,0
4946,45.76,1,137400.52,1.18,28,0,1.0,0.0,0
4947,11.9,2,129136.22,6.42,37,37,0.0,0.0,0
4948,37.97,1,139246.7,4.75,0,5,0.0,0.0,0
4949,40.4,1,142762.27,0.0,0,14,0.0,0.0,1
4950,14.76,2,179348.29,9.17,4,33,2.0,2.5,0
4951,16.8,3,255749.31,9.14,85,3,0.0,0.0,0
4952,39.58,3,339732.98,9.48,59,117,1.0,0.0,1
4953,8.05,1,54406.35,0.0,0,15,2.0,0.0,0
4954,47.7,3,329213.06,0.52,44,0,0.0,0.0,0
4955,31.66,3,336891.95,1.89,15,53,0.0,0.0,0
4956,55.06,2,239267.99000000002,13.44,10,31,0.0,0.0,0
4957,41.78,3,306395.45,0.07,46,78,1.0,0.0,0
4958,39.78,2,196594.72,7.37,31,39,0.0,0.0,0
4959,54.24,1,129525.0,0.52,0,45,0.0,0.0,0
4960,2.24,1,148825.56,0.0,0,0,0.0,0.0,1
4961,21.66,1,124312.06,0.0,14,0,0.0,0.0,0
4962,14.2,1,196028.45,3.0,0,32,2.0,4.5,0
4963,61.87,3,401221.32,0.78,67,0,1.0,0.0,0
4964,57.46,1,182781.8,0.0,0,0,1.0,1.0,0
4965,25.21,1,161635.32,0.0,28,39,1.0,1.0,0
4966,9.93,2,251926.93,0.34,43,17,2.0,2.0,0
4967,40.2,2,357558.79000000004,3.55,45,0,1.0,0.0,0
4968,11.77,1,176895.8,0.0,0,0,2.0,1.5,0
4969,43.0,2,290607.44,0.0,82,0,2.0,1.5,0
4970,35.77,2,216006.98,2.26,0,51,0.0,0.0,0
4971,63.84,2,181585.57,15.86,39,13,1.0,5.0,0
4972,47.96,2,104847.29000000001,0.03,15,0,1.0,5.0,0
4973,12.95,3,380892.51,6.21,31,1,1.0,0.0,0
4974,34.06,2,152682.83000000002,0.0,22,20,1.0,3.0,0
4975,36.85,3,460114.05000000005,14.0,5,0,2.0,0.0,0
4976,16.24,2,191762.50999999998,4.21,10,82,1.0,0.0,0
4977,61.9,3,459362.33999999997,18.3,52,8,1.0,3.0,0
4978,18.57,1,100544.88,0.0,0,21,1.0,0.0,0
4979,44.9,3,278153.33,18.25,39,49,2.0,0.5,0
4980,49.21,2,207806.72,5.54,67,2,1.0,2.0,0
4981,24.39,1,149446.65,0.0,0,0,1.0,0.0,1
4982,38.79,1,137836.01,4.07,0,14,1.0,0.0,0
4983,18.38,2,163334.71,0.0,20,35,0.0,0.0,0
4984,45.99,1,167635.13,0.0,0,8,2.0,1.5,1
4985,0.89,1,64135.64,0.0,4,0,0.0,0.0,0
4986,16.21,2,263668.37,1.2,47,26,0.0,0.0,0
4987,5.16,2,219236.33000000002,0.0,0,15,0.0,0.0,0
4988,45.3,1,162857.94,0.0,7,40,0.0,0.0,1
4989,62.33,2,242434.94,0.78,35,74,1.0,2.0,0
4990,51.41,1,119596.72,0.0,0,0,2.0,0.0,1
4991,27.45,2,331584.13,0.0,56,0,0.0,0.0,0
4992,41.95,1,63591.49,3.77,0,0,2.0,2.0,1
4993,1.41,3,294148.36,8.33,75,21,0.0,0.0,0
4994,56.34,1,174348.6,4.8,0,7,0.0,0.0,0
4995,55.95,3,259867.8,15.24,97,0,0.0,0.0,0
4996,2.3,2,200932.89,5.05,17,17,0.0,0.0,0
4997,37.15,1,132336.3,0.61,27,0,0.0,0.0,0
4998,46.09,1,94176.44,0.0,44,20,0.0,0.0,0
4999,36.39,3,260483.26,0.0,24,85,0.0,0.0,0
5000,45.76,2,322224.86,0.0,6,34,0.0,0.0,0
5001,51.84,3,498459.47,1.3,0,5,1.0,0.0,0
5002,11.6,3,299803.14,6.97,81,0,1.0,0.0,0
5003,61.9,2,281159.77,1.31,50,45,0.0,0.0,0
5004,32.77,2,182747.09,8.7,0,0,1.0,3.0,0
5005,32.15,2,269890.94,0.0,5,0,0.0,0.0,0
5006,59.34,2,319832.25,9.84,29,44,1.0,0.0,1
5007,0.56,3,352639.7,6.7,28,42,1.0,0.0,0
5008,9.43,1,194861.95,6.13,0,0,1.0,3.0,0
5009,45.79,1,159273.45,2.18,0,0,2.0,2.5,0
5010,16.77,3,443903.33999999997,4.56,33,9,1.0,3.0,0
5011,41.29,3,466923.5,12.05,20,0,2.0,2.0,0
5012,28.07,1,73258.75,0.0,2,4,0.0,0.0,0
5013,53.98,1,157115.21,0.0,0,0,2.0,0.5,0
5014,34.85,3,407200.1,7.39,47,9,0.0,0.0,0
5015,1.74,3,299344.85,3.14,15,27,2.0,2.0,0
5016,1.71,1,184788.35,3.17,18,43,1.0,4.0,0
5017,36.19,1,110256.16,0.0,0,0,1.0,4.0,0
5018,24.1,3,428996.67999999993,4.52,33,103,0.0,0.0,0
5019,12.2,2,283697.19,8.16,1,17,1.0,4.0,0
5020,5.56,2,283539.77999999997,0.0,0,64,2.0,2.5,0
5021,61.21,1,93369.88,0.0,8,9,0.0,0.0,1
5022,29.55,3,438963.3,6.81,70,94,0.0,0.0,0
5023,19.49,1,128661.06,8.7,0,0,2.0,0.5,0
5024,32.74,3,404631.29,1.76,28,71,0.0,0.0,0
5025,30.8,1,172720.94,0.0,22,0,0.0,0.0,1
5026,50.76,3,398810.31,1.71,42,45,2.0,0.0,0
5027,2.1,1,72124.38,0.0,15,45,0.0,0.0,0
5028,34.62,1,169731.86,0.0,15,25,2.0,0.0,1
5029,16.63,3,423659.38,3.46,22,8,2.0,0.0,0
5030,6.41,2,316726.3,2.72,24,63,0.0,0.0,0
5031,50.79,1,198336.41,0.0,14,0,0.0,0.0,0
5032,21.6,1,129901.23,8.67,21,31,1.0,0.0,0
5033,26.86,1,145261.55,0.0,0,0,0.0,0.0,0
5034,42.97,2,295169.87,8.04,38,56,2.0,2.5,0
5035,10.82,3,289468.68,0.0,45,17,2.0,2.5,0
5036,1.81,2,282333.41000000003,2.37,0,59,0.0,0.0,0
5037,42.04,3,393508.54,9.83,8,90,0.0,0.0,0
5038,8.09,3,450383.59,11.49,94,23,0.0,0.0,0
5039,6.25,2,374880.67,4.94,0,40,0.0,0.0,0
5040,48.82,3,400690.16000000003,15.27,41,0,0.0,0.0,0
5041,57.66,3,507669.58999999997,14.33,81,23,0.0,0.0,0
5042,3.29,2,260933.38999999998,7.64,23,39,1.0,5.0,0
5043,50.82,1,61914.84,0.0,0,36,1.0,4.0,0
5044,15.38,3,505724.53,5.34,30,99,0.0,0.0,0
5045,49.97,3,349353.12,0.0,9,43,0.0,0.0,0
5046,45.33,3,441229.56,6.79,26,26,2.0,0.0,0
5047,21.79,3,384342.24,12.68,88,0,1.0,4.0,0
5048,1.78,3,330055.51,1.86,0,32,0.0,0.0,0
5049,25.74,3,200110.7,2.55,44,25,0.0,0.0,0
5050,45.17,1,64541.6,0.0,34,15,0.0,0.0,1
5051,20.51,1,174607.09,0.0,0,30,1.0,0.0,0
5052,21.76,3,428524.64,11.16,7,49,0.0,0.0,0
5053,36.65,3,455068.58999999997,0.0,13,96,0.0,0.0,0
5054,4.24,3,268633.09,1.6,35,52,0.0,0.0,0
5055,56.67,3,471498.41000000003,17.67,10,63,1.0,0.0,0
5056,3.29,1,76563.99,0.0,0,0,0.0,0.0,0
5057,40.14,1,76385.75,0.0,0,37,2.0,0.0,0
5058,39.88,1,82129.09,0.0,0,0,0.0,0.0,0
5059,10.42,3,285167.73,0.0,0,47,2.0,0.0,0
5060,12.39,2,284225.89,9.73,28,0,2.0,2.5,0
5061,63.97,2,235551.35,10.97,0,21,0.0,0.0,0
5062,51.91,2,308321.41000000003,0.0,29,65,0.0,0.0,0
5063,55.59,2,374124.77,0.0,0,0,0.0,0.0,0
5064,57.5,2,152991.62,9.97,19,0,1.0,0.0,0
5065,21.2,3,552993.17,0.0,42,52,1.0,1.0,0
5066,59.3,3,307265.26,9.58,37,50,2.0,3.5,0
5067,8.25,3,342851.52,20.77,0,58,0.0,0.0,0
5068,40.07,1,142291.24,0.0,49,0,2.0,1.5,0
5069,12.26,3,397481.4,0.0,51,62,0.0,0.0,0
5070,39.64,3,268592.82,13.620000000000001,0,91,1.0,3.0,0
5071,44.64,1,162414.82,0.0,47,30,1.0,4.0,0
5072,30.93,3,379319.80000000005,9.92,76,34,2.0,0.0,0
5073,54.5,3,422283.25,12.559999999999999,6,28,0.0,0.0,0
5074,54.21,1,199147.35,4.72,15,0,0.0,0.0,0
5075,46.48,2,293176.18,5.1,77,23,1.0,0.0,0
5076,44.51,3,411895.75,0.0,30,63,0.0,0.0,0
5077,12.46,1,121452.39,0.0,0,0,0.0,0.0,0
5078,47.93,3,538971.14,1.59,46,28,0.0,0.0,0
5079,29.62,3,375541.94,0.0,74,0,1.0,2.0,0
5080,59.11,1,180571.63,1.76,33,28,1.0,1.0,1
5081,9.7,3,309987.33999999997,2.07,84,17,0.0,0.0,0
5082,21.3,3,321395.88,11.42,43,0,1.0,0.0,0
5083,31.3,2,140228.13,9.03,0,0,1.0,0.0,0
5084,1.64,2,318271.01,11.29,38,0,0.0,0.0,0
5085,35.54,1,195008.7,0.0,0,0,0.0,0.0,0
5086,31.13,3,375607.5,7.49,33,44,0.0,0.0,0
5087,54.6,3,247812.58999999997,0.0,76,34,1.0,0.0,1
5088,46.12,3,392439.36,4.0600000000000005,58,50,1.0,2.0,0
5089,42.14,2,182189.39,0.0,4,0,0.0,0.0,0
5090,26.73,2,244458.75,6.630000000000001,28,0,0.0,0.0,0
5091,11.14,2,188895.0,16.22,11,4,0.0,0.0,0
5092,20.12,3,353210.29000000004,9.959999999999999,26,19,2.0,2.5,0
5093,62.66,2,376006.6,4.33,19,0,1.0,0.0,0
5094,24.79,1,65147.18,1.35,29,0,0.0,0.0,0
5095,30.6,2,192281.61,6.58,56,0,0.0,0.0,0
5096,44.31,1,174771.44,0.0,0,28,2.0,1.0,0
5097,47.3,1,161933.33,7.0,0,39,0.0,0.0,0
5098,11.7,3,305559.72000000003,3.36,41,0,0.0,0.0,0
5099,57.73,3,346327.25,8.48,63,89,1.0,0.0,0
5100,50.26,1,61131.87,7.18,0,0,0.0,0.0,0
5101,9.73,1,123851.08,0.0,0,21,2.0,0.0,0
5102,21.89,2,274490.77,2.63,43,6,0.0,0.0,0
5103,12.59,1,118109.98,0.0,50,0,1.0,2.0,1
5104,1.51,3,385508.77,6.42,73,0,0.0,0.0,0
5105,19.3,2,220836.59,5.74,0,24,1.0,2.0,0
5106,15.35,2,177297.67,0.52,41,34,0.0,0.0,0
5107,8.51,1,107804.85,0.0,0,25,2.0,0.5,0
5108,1.28,1,98434.8,0.0,40,0,0.0,0.0,0
5109,26.2,1,173644.14,7.41,9,0,2.0,3.0,0
5110,61.28,2,362228.52,0.0,5,42,1.0,1.0,0
5111,63.94,3,427071.95,4.51,32,12,2.0,0.0,0
5112,23.18,3,186940.35,1.24,70,39,1.0,0.0,0
5113,28.47,1,171675.82,0.0,45,0,1.0,0.0,0
5114,5.92,1,139680.31,0.0,1,0,0.0,0.0,0
5115,44.31,3,355470.2,8.21,48,40,1.0,3.0,0
5116,41.32,3,450929.26,6.73,116,7,1.0,1.0,0
5117,16.54,2,239849.33,0.0,11,16,2.0,3.0,0
5118,47.86,1,153330.41,0.0,33,0,0.0,0.0,0
5119,2.79,2,228921.36,3.35,43,47,0.0,0.0,0
5120,25.61,2,375867.81,0.0,63,0,0.0,0.0,0
5121,47.47,1,98505.97,0.0,0,0,1.0,0.0,0
5122,22.09,3,375690.11,0.0,64,59,0.0,0.0,0
5123,22.78,3,247011.16,8.36,0,9,1.0,0.0,0
5124,4.57,2,216861.09999999998,2.95,0,11,1.0,0.0,0
5125,24.06,3,259170.36,9.43,38,41,0.0,0.0,0
5126,56.44,3,466129.89,0.63,12,4,1.0,0.0,0
5127,59.76,2,241662.39,6.95,8,48,2.0,0.0,0
5128,3.09,1,72768.26,0.0,0,0,0.0,0.0,0
5129,7.53,3,449952.14,6.19,35,0,1.0,2.0,0
5130,53.65,3,383096.64,0.0,15,40,2.0,2.0,0
5131,7.43,2,270776.95,6.99,0,72,1.0,5.0,0
5132,60.98,1,66586.84,0.0,0,35,2.0,2.5,1
5133,12.29,1,70569.1,0.0,0,45,2.0,2.5,0
5134,60.82,2,293356.83999999997,14.19,42,0,0.0,0.0,1
5135,32.58,3,481890.58,7.14,41,87,2.0,2.0,1
5136,10.85,3,298185.03,9.2,41,13,0.0,0.0,0
5137,58.09,2,164292.3,3.44,0,31,2.0,3.0,0
5138,52.5,3,418646.65,8.7,23,44,2.0,1.5,0
5139,38.86,1,52035.01,0.0,0,50,0.0,0.0,0
5140,18.31,3,505310.80000000005,0.0,0,38,1.0,0.0,0
5141,3.16,1,109609.67,2.36,0,0,2.0,2.0,0
5142,43.13,1,89178.46,0.0,25,0,2.0,2.5,0
5143,46.65,3,250174.04,7.609999999999999,70,13,2.0,3.5,0
5144,56.64,3,434002.94999999995,15.059999999999999,55,49,1.0,0.0,0
5145,0.13,2,294495.28,7.33,56,76,2.0,0.0,0
5146,7.96,2,157012.39,0.0,0,0,0.0,0.0,0
5147,58.22,2,250847.5,6.16,33,27,2.0,2.0,0
5148,34.98,2,247091.82,8.44,5,63,2.0,2.5,0
5149,7.33,1,86151.65,0.0,0,18,2.0,0.0,0
5150,22.45,1,63750.16,0.0,24,0,0.0,0.0,0
5151,54.6,2,223684.78,5.07,33,2,0.0,0.0,0
5152,33.23,2,285161.52,0.0,53,20,2.0,3.0,0
5153,28.27,3,316481.46,8.3,70,0,2.0,0.0,0
5154,31.59,2,202556.96,5.48,33,43,1.0,0.0,0
5155,25.48,1,59056.64,8.14,0,7,1.0,0.0,1
5156,36.32,1,170816.69,0.0,24,26,2.0,2.0,0
5157,32.51,3,327059.22,8.97,7,65,1.0,4.0,0
5158,52.79,3,378792.6,0.55,32,6,0.0,0.0,0
5159,1.97,1,84008.26,0.0,0,0,0.0,0.0,0
5160,19.53,2,210597.45,3.85,24,7,1.0,0.0,1
5161,54.4,1,76413.0,2.05,49,0,0.0,0.0,0
5162,51.64,3,315981.06,4.35,0,17,2.0,3.0,0
5163,23.67,3,511109.37,13.72,5,31,1.0,2.0,0
5164,63.87,2,359826.5,0.0,0,1,2.0,2.5,0
5165,22.02,3,238949.16,9.08,50,45,1.0,0.0,0
5166,35.63,1,122310.62,0.0,0,0,0.0,0.0,0
5167,36.13,3,498713.99,9.219999999999999,47,44,1.0,4.0,0
5168,44.02,2,195747.44,0.0,9,80,0.0,0.0,0
5169,1.55,2,297077.64,1.23,20,45,0.0,0.0,0
5170,33.46,1,160322.75,0.0,0,0,1.0,5.0,1
5171,53.85,3,315832.3,10.64,107,40,2.0,0.5,1
5172,16.44,1,157600.75,8.16,0,48,0.0,0.0,0
5173,25.97,3,335538.45,0.0,2,38,2.0,0.0,0
5174,50.43,1,170914.0,0.0,0,26,0.0,0.0,0
5175,44.41,2,310230.63,4.29,0,0,0.0,0.0,0
5176,9.93,3,287367.18,0.34,0,0,0.0,0.0,0
5177,48.85,2,320165.54000000004,10.73,37,43,2.0,2.5,0
5178,38.4,2,341032.30000000005,3.02,48,29,0.0,0.0,0
5179,13.48,1,53656.98,0.0,0,0,1.0,0.0,0
5180,58.71,1,95124.8,7.18,16,44,2.0,1.5,0
5181,38.1,1,131753.34,0.0,35,33,1.0,0.0,0
5182,3.35,3,352761.97,4.61,46,38,1.0,1.0,1
5183,29.26,1,101434.69,0.0,29,0,1.0,3.0,0
5184,62.69,3,344284.65,3.83,0,23,0.0,0.0,0
5185,6.08,3,445152.19999999995,3.98,15,41,0.0,0.0,0
5186,30.31,3,345543.56,6.33,0,0,1.0,0.0,0
5187,0.62,2,250935.81,7.04,60,11,0.0,0.0,0
5188,30.57,2,188290.51,9.66,0,29,2.0,1.5,0
5189,50.89,2,268803.04,5.21,0,80,2.0,1.0,0
5190,13.18,2,250496.13,8.96,82,24,1.0,3.0,0
5191,43.16,2,313901.84,3.84,9,0,0.0,0.0,0
5192,40.89,3,279202.63,3.11,68,30,2.0,3.0,1
5193,25.87,1,99713.85,7.7,0,18,0.0,0.0,0
5194,43.62,3,409291.80000000005,8.77,21,16,0.0,0.0,0
5195,26.4,3,349945.17000000004,16.31,7,112,1.0,4.0,0
5196,38.92,2,186323.18,8.86,28,43,0.0,0.0,0
5197,21.76,1,144059.95,0.0,37,0,2.0,0.5,0
5198,29.72,3,348474.2,13.93,24,17,0.0,0.0,0
5199,16.9,2,271849.10000000003,8.85,42,23,0.0,0.0,0
5200,14.3,1,109080.5,0.0,46,0,0.0,0.0,1
5201,50.56,1,88924.34,0.98,47,0,1.0,0.0,1
5202,46.15,1,174833.67,6.97,0,18,0.0,0.0,0
5203,20.78,2,229273.59,0.0,47,0,0.0,0.0,0
5204,21.43,3,407935.28,7.89,50,0,0.0,0.0,0
5205,51.68,3,283631.42000000004,4.43,26,54,2.0,3.0,0
5206,27.15,2,239561.01,0.0,13,0,1.0,4.0,0
5207,6.18,2,313263.51,5.1,0,21,2.0,3.0,1
5208,30.34,2,148996.88,5.0,8,4,0.0,0.0,0
5209,17.78,2,220457.03000000003,14.030000000000001,6,30,0.0,0.0,0
5210,61.67,2,273721.79,2.12,37,18,0.0,0.0,0
5211,4.73,1,52673.12,0.0,17,30,2.0,4.5,0
5212,16.31,3,226605.52000000002,0.0,12,0,2.0,2.5,0
5213,47.04,1,176486.02,6.08,0,0,0.0,0.0,0
5214,11.64,1,107361.21,0.0,45,0,0.0,0.0,1
5215,55.98,2,126021.20999999999,6.29,21,33,0.0,0.0,0
5216,38.26,2,251907.62,3.39,0,0,0.0,0.0,0
5217,62.23,3,332688.4,1.23,0,44,0.0,0.0,1
5218,22.39,3,346492.05,9.23,10,93,1.0,2.0,0
5219,33.6,2,234753.89,2.9,8,25,0.0,0.0,0
5220,2.47,1,82899.3,0.0,13,1,1.0,4.0,0
5221,11.47,1,53545.33,5.99,42,0,2.0,3.5,1
5222,0.36,2,272987.83,0.45,60,0,2.0,2.5,0
5223,31.0,2,147260.69,8.629999999999999,15,62,0.0,0.0,0
5224,7.66,3,352187.11,9.15,0,42,1.0,1.0,1
5225,16.01,2,302538.44,11.5,27,16,1.0,0.0,0
5226,31.36,3,308836.23,3.0100000000000002,11,23,0.0,0.0,0
5227,30.37,3,411436.49,7.24,68,46,2.0,1.5,0
5228,38.13,2,238871.01,9.76,19,42,0.0,0.0,0
5229,3.39,3,539696.64,2.8,9,47,0.0,0.0,0
5230,9.01,3,229429.08,0.0,54,35,1.0,4.0,0
5231,30.31,1,127541.39,0.0,0,0,2.0,0.5,0
5232,28.27,1,132997.89,4.64,0,0,1.0,0.0,0
5233,29.85,3,458070.98,3.26,15,16,0.0,0.0,0
5234,2.07,2,348583.19999999995,5.64,31,30,0.0,0.0,1
5235,13.28,2,218770.01,8.58,32,60,2.0,0.0,0
5236,39.18,3,343613.27,3.78,43,17,2.0,1.0,0
5237,47.07,3,343804.71,8.709999999999999,33,28,2.0,0.0,0
5238,13.15,1,182687.35,0.0,0,10,2.0,1.0,1
5239,35.63,2,245149.88,8.3,20,31,0.0,0.0,0
5240,1.45,2,252701.37,7.8,82,83,2.0,2.0,0
5241,37.67,1,159165.65,0.0,22,32,2.0,4.0,0
5242,4.4,1,91927.33,0.0,0,18,0.0,0.0,1
5243,45.46,2,321237.56,4.32,43,91,0.0,0.0,0
5244,0.39,2,298280.73,10.74,0,67,0.0,0.0,1
5245,1.84,3,222539.09,24.47,9,70,0.0,0.0,0
5246,39.55,2,287793.13,5.98,0,0,0.0,0.0,0
5247,22.12,3,339228.42,2.15,43,63,1.0,3.0,0
5248,17.32,2,235834.49,0.0,53,26,2.0,2.0,0
5249,12.33,1,170808.73,5.14,34,0,0.0,0.0,0
5250,19.72,2,227911.34999999998,0.0,0,0,0.0,0.0,0
5251,57.96,3,267014.63,1.97,47,4,0.0,0.0,0
5252,6.48,1,52261.75,8.97,0,21,0.0,0.0,1
5253,6.44,3,408793.95999999996,4.86,32,29,1.0,0.0,1
5254,27.84,2,306479.35,7.02,14,0,0.0,0.0,0
5255,5.75,1,137327.65,6.3,0,0,1.0,0.0,0
5256,44.94,1,97275.41,6.05,39,38,2.0,0.0,0
5257,60.88,3,366195.24,7.27,46,41,2.0,0.0,0
5258,46.84,3,538470.97,7.48,0,12,2.0,2.0,0
5259,32.02,2,277231.07999999996,11.549999999999999,26,0,1.0,4.0,0
5260,16.44,1,65601.18,0.0,0,0,0.0,0.0,0
5261,40.4,3,328692.79000000004,16.46,15,33,1.0,0.0,0
5262,7.23,3,283749.28,8.55,0,22,1.0,0.0,0
5263,43.56,1,110821.46,0.0,43,15,2.0,1.0,1
5264,4.47,2,276389.77,0.0,17,5,1.0,0.0,0
5265,26.66,2,227131.93,0.0,3,33,2.0,3.5,0
5266,8.84,3,383559.24,16.79,71,49,2.0,1.0,0
5267,1.78,1,195161.86,0.0,0,0,1.0,1.0,0
5268,7.63,2,363744.39,2.96,65,27,2.0,0.0,0
5269,12.36,2,201919.64,0.37,0,4,0.0,0.0,0
5270,30.83,3,409748.11,0.73,79,60,0.0,0.0,0
5271,27.28,1,161158.07,7.12,9,0,1.0,0.0,0
5272,20.38,1,144731.04,5.78,48,46,0.0,0.0,0
5273,21.47,2,301379.5,6.72,0,0,0.0,0.0,0
5274,50.23,1,192518.3,0.0,0,0,0.0,0.0,0
5275,44.35,1,94263.25,8.21,0,28,1.0,0.0,1
5276,49.15,3,486022.61,17.740000000000002,32,63,2.0,1.0,0
5277,10.62,3,354161.76,5.55,32,0,1.0,4.0,0
5278,52.47,1,84859.72,7.11,0,26,0.0,0.0,0
5279,11.18,1,67242.01,0.0,0,0,0.0,0.0,0
5280,61.18,3,292705.48,10.18,0,84,2.0,0.0,0
5281,11.77,1,73654.82,2.46,0,0,0.0,0.0,0
5282,3.58,3,199202.24,0.0,43,41,2.0,1.0,0
5283,48.16,1,168426.9,0.0,0,0,0.0,0.0,0
5284,4.11,3,357258.81,0.0,37,36,0.0,0.0,0
5285,14.89,1,61026.51,0.26,21,0,0.0,0.0,0
5286,24.72,3,293170.02,7.64,0,70,0.0,0.0,0
5287,56.87,2,239094.21000000002,0.69,0,39,1.0,0.0,0
5288,59.07,2,348627.67000000004,9.37,20,10,0.0,0.0,0
5289,61.24,1,133891.88,0.48,37,0,1.0,2.0,0
5290,42.64,1,141472.38,0.0,0,41,0.0,0.0,0
5291,10.26,1,154596.44,0.0,8,9,0.0,0.0,1
5292,20.64,3,418809.27999999997,6.49,16,33,0.0,0.0,0
5293,49.08,3,301745.93,2.05,15,47,2.0,0.0,1
5294,5.19,3,360832.91,11.719999999999999,66,5,0.0,0.0,0
5295,47.63,1,56835.74,0.0,0,0,1.0,0.0,0
5296,31.16,3,369348.94,2.95,34,43,0.0,0.0,0
5297,0.99,2,252464.5,4.46,22,49,2.0,4.0,0
5298,46.35,2,300217.74,0.0,47,0,0.0,0.0,0
5299,5.42,2,184659.66,0.0,0,44,0.0,0.0,0
5300,34.62,1,148908.02,7.7,33,0,0.0,0.0,0
5301,3.94,3,390271.37,7.54,75,0,2.0,2.5,0
5302,22.91,1,69469.0,0.1,48,15,0.0,0.0,1
5303,51.22,2,333413.54000000004,13.66,26,52,0.0,0.0,0
5304,31.26,2,268094.65,3.54,0,0,2.0,0.0,0
5305,19.07,3,378118.08999999997,4.09,13,36,0.0,0.0,0
5306,52.43,2,226211.6,7.21,38,0,0.0,0.0,0
5307,50.46,2,214176.69,4.65,47,14,0.0,0.0,0
5308,9.17,2,382368.73,0.0,20,0,2.0,3.0,0
5309,50.82,1,101610.15,1.73,0,0,2.0,3.5,0
5310,25.38,3,399552.27,0.0,52,18,0.0,0.0,0
5311,29.85,3,197989.42,8.66,52,42,2.0,0.5,0
5312,57.69,1,96151.22,0.0,37,0,1.0,0.0,0
5313,56.25,2,194574.85,0.0,24,24,1.0,0.0,0
5314,11.51,2,322872.07999999996,4.63,26,0,1.0,5.0,0
5315,48.62,3,487297.08999999997,1.63,12,22,1.0,1.0,1
5316,29.22,2,255760.80000000002,1.45,26,0,0.0,0.0,0
5317,2.43,1,140136.1,0.0,48,48,0.0,0.0,0
5318,24.33,2,191148.02000000002,5.87,22,0,0.0,0.0,0
5319,46.88,1,149123.22,2.7,36,4,0.0,0.0,0
5320,43.79,2,167915.1,10.01,53,0,1.0,4.0,0
5321,20.61,1,112850.31,1.1,0,0,0.0,0.0,0
5322,41.19,2,274584.55,7.99,0,0,2.0,2.5,0
5323,47.86,3,457853.7,12.370000000000001,58,50,1.0,0.0,0
5324,32.31,2,292796.9,8.19,0,15,0.0,0.0,0
5325,49.64,1,157489.25,0.0,26,0,2.0,0.0,0
5326,45.13,3,427443.66,0.0,75,0,1.0,3.0,0
5327,49.74,1,193235.94,0.0,44,0,0.0,0.0,0
5328,17.32,2,250356.61,3.19,0,4,0.0,0.0,0
5329,37.11,2,338942.37,7.59,32,17,0.0,0.0,1
5330,0.82,1,159344.06,0.0,7,0,2.0,2.5,0
5331,53.55,3,392546.82000000007,11.65,14,78,0.0,0.0,1
5332,50.56,3,416600.58999999997,3.67,3,6,0.0,0.0,0
5333,55.26,3,348198.95,0.0,46,0,0.0,0.0,0
5334,1.45,2,317312.69999999995,3.54,18,4,2.0,0.0,0
5335,56.84,2,286470.75,1.6,0,64,0.0,0.0,0
5336,62.1,2,165720.49,8.47,39,56,0.0,0.0,1
5337,17.19,3,511710.56999999995,1.63,57,1,0.0,0.0,0
5338,56.54,2,322214.56000000006,6.52,13,57,1.0,1.0,0
5339,35.4,3,374162.99,8.94,20,40,1.0,0.0,0
5340,56.34,1,148812.77,1.98,0,17,1.0,5.0,0
5341,54.77,2,219334.35,4.77,30,33,2.0,0.5,0
5342,15.91,2,130008.28,1.5,42,0,1.0,2.0,0
5343,63.12,1,101270.03,8.1,0,7,0.0,0.0,0
5344,4.27,2,292404.45999999996,0.0,12,19,2.0,2.0,0
5345,12.89,1,181283.96,1.69,0,0,0.0,0.0,0
5346,28.86,3,299063.04,1.76,71,68,0.0,0.0,0
5347,38.49,3,364396.41000000003,13.120000000000001,8,34,0.0,0.0,1
5348,7.0,2,212733.27000000002,0.0,32,0,2.0,2.5,0
5349,29.22,2,176412.27,0.0,51,39,1.0,4.0,0
5350,22.95,1,111514.6,0.0,32,20,2.0,1.5,1
5351,63.21,1,102554.73,1.2,0,0,0.0,0.0,0
5352,3.22,2,260186.16999999998,7.0,49,44,2.0,1.0,0
5353,44.54,1,115696.92,6.5,0,25,1.0,0.0,0
5354,64.0,1,156770.45,0.0,0,0,1.0,1.0,0
5355,24.23,2,173414.61,0.0,65,0,0.0,0.0,0
5356,56.9,1,88704.42,3.06,0,7,2.0,2.0,0
5357,12.16,3,419418.77,0.0,12,83,0.0,0.0,0
5358,13.87,2,293823.2,9.92,29,47,0.0,0.0,0
5359,14.66,3,489138.19,13.39,12,21,0.0,0.0,0
5360,64.4,1,128272.01,7.2,0,29,0.0,0.0,0
5361,64.46,1,158817.03,2.53,0,42,0.0,0.0,0
5362,61.64,1,187616.23,0.0,20,0,0.0,0.0,0
5363,15.09,3,380700.5,3.4099999999999997,79,68,0.0,0.0,1
5364,10.19,2,230389.15000000002,13.32,40,6,0.0,0.0,0
5365,24.33,2,257346.12,0.0,12,15,0.0,0.0,1
5366,6.94,3,479596.11,3.86,58,40,0.0,0.0,0
5367,39.88,3,296426.1,3.3,23,11,1.0,5.0,0
5368,31.69,3,448743.56,9.21,42,54,2.0,0.0,0
5369,52.6,1,68038.38,2.52,0,46,0.0,0.0,0
5370,12.56,1,173478.08,0.0,39,0,1.0,2.0,0
5371,40.83,2,230773.85,6.94,41,9,2.0,3.0,0
5372,36.09,2,311908.62,0.0,0,26,0.0,0.0,0
5373,28.73,3,264247.62,10.0,84,43,2.0,0.5,0
5374,23.44,2,289868.6,0.0,37,26,2.0,0.0,0
5375,17.95,3,366717.9,8.22,5,0,0.0,0.0,0
5376,2.1,3,310429.28,10.71,74,143,0.0,0.0,0
5377,36.88,3,436661.68,6.23,41,66,0.0,0.0,0
5378,32.87,1,71688.77,2.52,0,17,1.0,4.0,0
5379,6.05,2,190976.90000000002,12.23,46,45,2.0,0.0,0
5380,25.54,2,180185.11,7.65,26,47,2.0,0.0,0
5381,30.77,3,304408.3,0.0,0,47,1.0,1.0,0
5382,53.81,1,140517.05,0.58,16,0,0.0,0.0,0
5383,36.59,2,203051.27000000002,4.38,0,14,2.0,2.5,0
5384,23.96,3,413343.30000000005,6.95,59,38,0.0,0.0,0
5385,43.72,3,367297.69,0.0,14,39,2.0,0.0,0
5386,1.02,2,355843.44999999995,0.0,8,27,0.0,0.0,0
5387,40.63,3,445113.97,7.14,82,79,1.0,0.0,1
5388,30.14,2,179664.59,0.81,4,22,1.0,5.0,0
5389,12.1,3,303082.33999999997,15.23,26,35,2.0,1.0,1
5390,20.55,2,331241.13,2.48,48,0,0.0,0.0,0
5391,4.34,2,296120.97,0.0,30,32,2.0,1.5,0
5392,54.17,2,208486.02000000002,5.75,38,4,1.0,0.0,0
5393,15.02,3,340227.1,0.17,10,46,2.0,2.5,0
5394,59.99,3,236333.12,7.8500000000000005,69,0,1.0,0.0,0
5395,42.47,3,313719.41,16.36,45,70,1.0,5.0,0
5396,1.74,1,139050.46,0.0,0,0,2.0,1.0,0
5397,53.25,1,170139.31,8.05,11,0,0.0,0.0,0
5398,61.24,2,153307.03,5.32,61,4,0.0,0.0,0
5399,56.08,1,142299.6,0.0,28,0,1.0,4.0,0
5400,25.54,3,297732.76,7.31,13,19,2.0,0.0,0
5401,31.62,2,288176.24,3.63,0,0,2.0,2.5,0
5402,1.08,2,212137.02,9.92,19,0,2.0,1.5,0
5403,51.97,3,315247.3,0.0,59,31,0.0,0.0,1
5404,13.35,2,338299.3,6.27,0,1,0.0,0.0,0
5405,56.05,2,391049.77,0.0,0,53,2.0,0.0,0
5406,34.81,2,268762.7,10.57,0,22,0.0,0.0,0
5407,42.7,2,269719.2,0.62,20,46,0.0,0.0,0
5408,11.47,1,76286.98,0.0,26,0,2.0,2.0,0
5409,36.13,2,310412.49,5.51,15,36,0.0,0.0,0
5410,39.48,2,206308.40000000002,5.8,14,88,0.0,0.0,0
5411,39.05,3,274611.62,12.6,0,34,1.0,0.0,0
5412,16.4,2,290187.23,0.55,9,0,2.0,0.0,0
5413,8.25,2,313592.87,5.26,27,41,1.0,0.0,0
5414,2.96,2,335076.22,0.0,3,0,0.0,0.0,0
5415,2.96,3,371598.49,6.84,19,18,2.0,0.0,0
5416,54.73,3,393100.49,3.5599999999999996,23,66,2.0,0.0,1
5417,54.17,3,292992.45,10.31,86,6,0.0,0.0,0
5418,17.82,1,160032.94,6.8,0,0,1.0,0.0,0
5419,17.29,1,71323.02,6.5,0,0,1.0,0.0,0
5420,63.02,2,347429.64,9.73,0,0,2.0,2.5,0
5421,38.46,1,102930.59,3.1,9,6,2.0,0.0,1
5422,39.35,1,96911.23,0.46,1,0,2.0,2.0,0
5423,5.19,3,359179.20999999996,7.84,43,0,0.0,0.0,0
5424,32.02,3,302303.37,10.68,45,71,2.0,3.5,0
5425,3.52,2,300954.07,7.69,39,0,0.0,0.0,0
5426,33.83,3,297359.14,7.949999999999999,87,0,0.0,0.0,0
5427,43.59,3,380655.4,9.75,79,79,0.0,0.0,0
5428,48.06,1,102976.55,9.02,9,0,2.0,1.5,1
5429,27.78,1,178770.78,5.54,0,0,0.0,0.0,1
5430,43.79,2,265173.81,0.0,4,13,0.0,0.0,1
5431,64.04,1,96222.64,1.27,49,5,1.0,4.0,0
5432,52.04,3,276437.24,4.58,49,0,0.0,0.0,0
5433,64.1,2,283089.93,7.33,44,47,0.0,0.0,0
5434,16.34,1,64884.77,8.51,0,49,0.0,0.0,0
5435,14.5,2,284740.49,0.05,35,22,0.0,0.0,0
5436,41.09,2,272306.48,0.09,9,12,0.0,0.0,0
5437,34.52,3,385236.28,13.73,41,21,2.0,2.0,0
5438,49.21,2,265151.93,0.0,11,40,1.0,1.0,0
5439,3.35,2,254456.81999999998,0.0,0,0,1.0,0.0,0
5440,42.14,2,174486.96,1.37,0,85,1.0,0.0,1
5441,7.0,3,309117.38,1.8,48,61,0.0,0.0,0
5442,16.24,1,184979.2,1.29,3,31,2.0,0.5,0
5443,50.16,2,190952.99,0.0,41,34,0.0,0.0,0
5444,7.79,3,435957.43,16.42,0,0,2.0,0.0,0
5445,52.99,1,84981.83,0.03,0,43,0.0,0.0,0
5446,43.85,2,279570.74,7.449999999999999,0,48,0.0,0.0,0
5447,25.64,2,280310.13,1.77,34,32,0.0,0.0,0
5448,36.39,3,344252.9,1.03,39,40,0.0,0.0,0
5449,19.26,2,151708.66999999998,5.05,37,41,1.0,0.0,0
5450,19.4,1,108970.12,0.0,0,0,2.0,1.5,0
5451,8.71,1,60249.07,9.6,50,48,0.0,0.0,0
5452,18.64,1,164235.98,0.0,33,0,2.0,1.0,0
5453,58.51,3,439903.29000000004,18.74,45,6,0.0,0.0,0
5454,24.33,3,345415.05,8.17,38,43,0.0,0.0,0
5455,43.52,1,113152.47,4.18,30,49,1.0,1.0,0
5456,29.82,3,353865.9,5.83,45,49,2.0,1.5,0
5457,14.33,1,118955.89,1.13,0,0,0.0,0.0,0
5458,14.96,2,280326.65,0.0,66,0,0.0,0.0,1
5459,21.53,1,179793.75,7.92,0,16,0.0,0.0,0
5460,14.4,3,399720.82,3.78,0,33,0.0,0.0,1
5461,44.15,1,184215.28,6.93,37,36,0.0,0.0,0
5462,0.69,2,219939.32,13.26,45,12,0.0,0.0,0
5463,40.57,3,399217.45999999996,13.02,11,54,2.0,2.5,0
5464,33.79,3,402612.73,10.85,59,37,1.0,2.0,0
5465,53.91,1,95126.11,0.0,0,13,0.0,0.0,0
5466,48.49,1,128171.45,0.0,0,22,1.0,1.0,0
5467,1.45,3,359856.71,8.959999999999999,42,60,1.0,1.0,0
5468,44.48,1,173913.37,9.63,0,10,1.0,4.0,0
5469,10.62,3,346274.66000000003,9.11,24,40,1.0,0.0,0
5470,14.73,2,185606.33,5.05,0,48,1.0,0.0,0
5471,15.68,3,296931.19,2.05,28,45,0.0,0.0,0
5472,59.14,1,196689.35,0.0,0,0,0.0,0.0,1
5473,60.75,1,149361.94,7.38,19,45,0.0,0.0,0
5474,34.02,3,316585.46,3.87,0,96,0.0,0.0,0
5475,19.99,3,327443.11,5.35,45,0,2.0,1.5,0
5476,3.85,2,270687.38,1.94,0,50,0.0,0.0,0
5477,25.18,3,503919.63,8.86,0,32,1.0,0.0,0
5478,44.41,2,204606.26,5.04,40,22,0.0,0.0,0
5479,56.8,2,235293.68,0.0,51,19,1.0,0.0,0
5480,21.53,1,198432.81,0.0,20,15,1.0,1.0,0
5481,45.96,3,324448.16000000003,0.27,47,0,0.0,0.0,0
5482,50.0,3,318129.74,7.97,29,30,2.0,1.0,0
5483,39.97,1,87315.88,6.08,16,0,1.0,0.0,0
5484,45.79,3,439727.43000000005,4.11,46,0,0.0,0.0,1
5485,10.36,1,101911.53,0.0,0,0,1.0,3.0,0
5486,51.64,3,338800.87,0.0,24,14,0.0,0.0,0
5487,3.16,2,328829.48,2.71,16,16,1.0,3.0,1
5488,16.14,3,477492.75,9.959999999999999,23,8,0.0,0.0,0
5489,12.49,2,203827.18,14.55,0,66,0.0,0.0,1
5490,32.18,1,167735.99,0.0,27,39,1.0,3.0,1
5491,58.51,2,230550.59,0.0,0,7,1.0,0.0,0
5492,13.28,1,79298.95,7.7,0,2,0.0,0.0,0
5493,2.56,1,102608.48,0.0,37,0,0.0,0.0,0
5494,30.83,2,197399.44,0.0,31,39,0.0,0.0,0
5495,54.4,1,122312.3,0.0,0,15,1.0,0.0,0
5496,25.97,3,402081.57,9.1,39,93,0.0,0.0,0
5497,0.1,3,368473.14,8.82,39,64,0.0,0.0,0
5498,52.6,3,540081.22,9.2,49,10,0.0,0.0,0
5499,44.48,3,287640.54000000004,6.33,35,52,2.0,0.0,0
5500,57.13,1,148251.21,0.0,21,0,0.0,0.0,0
5501,62.26,3,364331.68,12.59,15,63,2.0,1.5,0
5502,64.5,2,177606.66999999998,9.23,0,9,0.0,0.0,0
5503,3.29,3,397458.76,9.08,88,23,2.0,5.0,0
5504,29.95,1,188093.22,5.2,0,0,1.0,3.0,1
5505,63.94,2,176006.03,9.98,0,0,2.0,2.0,0
5506,1.87,2,283984.51,8.82,16,0,0.0,0.0,1
5507,42.7,1,95288.82,9.14,0,0,1.0,0.0,1
5508,9.3,1,100862.27,7.69,0,0,2.0,2.5,0
5509,23.11,3,274629.26,14.74,0,45,0.0,0.0,0
5510,16.44,2,181614.97,0.0,85,14,0.0,0.0,0
5511,60.19,2,274045.58999999997,4.74,0,34,1.0,1.0,0
5512,3.78,1,122141.93,0.0,25,0,2.0,3.0,0
5513,57.86,3,255270.34,20.4,6,50,1.0,4.0,0
5514,22.42,3,291095.56,9.2,50,63,0.0,0.0,0
5515,13.58,2,209801.97999999998,2.57,73,9,1.0,0.0,0
5516,6.41,2,258518.67,8.56,22,25,0.0,0.0,0
5517,42.08,1,105634.23,0.0,6,18,0.0,0.0,0
5518,23.9,1,174234.27,1.38,27,0,1.0,0.0,1
5519,12.62,2,159811.26,2.67,50,0,0.0,0.0,0
5520,58.65,3,324180.6,9.37,12,41,1.0,0.0,0
5521,58.32,2,223282.61,3.85,0,29,0.0,0.0,0
5522,36.06,1,62002.33,0.0,39,20,1.0,5.0,0
5523,25.58,1,91876.48,0.0,48,0,1.0,0.0,0
5524,64.4,2,253690.06,0.27,0,33,2.0,3.5,0
5525,59.11,2,172812.8,0.0,9,30,1.0,1.0,0
5526,13.48,2,278024.81,2.99,0,45,0.0,0.0,0
5527,46.25,1,65907.94,0.95,0,28,0.0,0.0,0
5528,41.81,1,76464.67,9.32,0,0,0.0,0.0,0
5529,25.41,2,286512.51,0.0,3,46,2.0,2.0,0
5530,62.72,2,166044.13,3.85,0,95,1.0,0.0,0
5531,62.2,2,274382.94,1.86,42,33,0.0,0.0,0
5532,27.74,2,300729.67,5.44,0,41,1.0,0.0,0
5533,59.14,2,253181.09,0.74,51,9,0.0,0.0,0
5534,20.91,2,272104.69,6.89,6,0,2.0,3.5,0
5535,26.46,2,177315.28,0.0,25,15,0.0,0.0,0
5536,63.31,3,414660.65,0.0,43,57,0.0,0.0,0
5537,30.67,1,107644.19,0.0,0,43,0.0,0.0,0
5538,34.62,1,70208.09,3.16,39,10,2.0,0.5,0
5539,35.14,3,470685.41000000003,3.79,62,24,2.0,1.0,0
5540,61.83,1,142228.87,4.55,0,0,0.0,0.0,0
5541,4.93,2,305927.12,7.8,46,13,2.0,0.5,0
5542,17.16,2,248559.77,6.3,0,42,1.0,3.0,0
5543,18.87,2,258207.5,7.57,32,0,2.0,2.5,0
5544,53.91,2,319367.81,12.78,42,10,1.0,5.0,1
5545,33.69,1,52677.66,0.0,0,0,1.0,1.0,0
5546,18.57,3,219172.90000000002,2.03,54,40,0.0,0.0,0
5547,9.93,1,195476.04,0.0,32,14,2.0,3.5,0
5548,1.18,2,288672.66000000003,0.0,6,39,0.0,0.0,0
5549,6.51,3,297814.96,6.61,0,8,0.0,0.0,0
5550,21.93,1,148872.27,3.97,0,0,1.0,5.0,0
5551,47.5,2,214448.76,0.35,25,0,0.0,0.0,0
5552,49.54,2,303639.51,7.09,50,25,2.0,1.5,0
5553,14.63,1,55962.49,0.1,24,0,0.0,0.0,0
5554,10.16,1,117857.55,0.14,0,42,0.0,0.0,0
5555,17.03,2,234352.37,0.93,24,13,0.0,0.0,0
5556,59.73,1,172002.84,8.92,0,0,1.0,5.0,0
5557,37.9,1,163262.5,0.0,0,0,0.0,0.0,0
5558,35.63,2,193758.78999999998,7.14,42,11,2.0,1.5,0
5559,39.94,3,366702.24,5.8,55,31,0.0,0.0,0
5560,41.19,1,121664.61,6.55,0,38,2.0,1.5,1
5561,33.73,2,267648.88,7.46,44,29,1.0,0.0,0
5562,33.96,2,130331.76,6.22,70,0,0.0,0.0,0
5563,17.29,2,296621.46,2.79,0,48,2.0,1.5,0
5564,51.08,1,162490.16,6.6,0,0,0.0,0.0,0
5565,55.82,2,335986.13,16.02,30,30,1.0,1.0,0
5566,26.4,2,278732.80000000005,13.6,15,56,0.0,0.0,0
5567,55.82,1,97769.76,2.62,0,0,0.0,0.0,0
5568,52.14,3,463147.33,14.64,0,73,0.0,0.0,1
5569,16.07,3,287604.18,6.34,39,34,0.0,0.0,0
5570,6.67,1,173454.38,3.01,0,0,0.0,0.0,0
5571,37.84,1,116909.86,0.0,6,0,0.0,0.0,0
5572,50.66,2,261950.35,9.15,0,26,2.0,2.5,0
5573,54.14,2,302182.35,8.02,36,0,2.0,1.0,0
5574,52.33,3,430738.41000000003,0.0,46,43,2.0,0.5,0
5575,44.12,1,74597.18,8.47,47,0,0.0,0.0,1
5576,16.24,1,145656.05,0.0,23,0,0.0,0.0,0
5577,25.18,3,324774.28,1.28,0,65,0.0,0.0,0
5578,22.19,1,130429.01,4.54,1,0,0.0,0.0,0
5579,14.83,1,119089.7,0.0,23,0,0.0,0.0,1
5580,21.86,2,323359.25,8.9,0,60,0.0,0.0,0
5581,53.06,3,371930.89999999997,17.990000000000002,63,114,2.0,2.5,0
5582,39.55,3,474305.01,11.629999999999999,53,42,0.0,0.0,0
5583,11.47,3,307419.93,7.28,0,126,0.0,0.0,0
5584,29.22,2,253515.84000000003,0.0,24,38,0.0,0.0,0
5585,59.47,2,237222.78,3.73,45,32,1.0,0.0,1
5586,59.07,1,57880.22,0.0,0,0,0.0,0.0,0
5587,50.43,2,271186.92,0.0,0,17,1.0,0.0,0
5588,29.98,1,155533.53,0.25,44,0,0.0,0.0,0
5589,22.75,1,63378.02,4.36,4,0,1.0,0.0,0
5590,28.47,2,263486.84,7.56,10,85,0.0,0.0,0
5591,54.54,1,75910.08,0.0,0,20,0.0,0.0,1
5592,13.31,1,160515.8,3.61,12,3,1.0,3.0,0
5593,20.38,3,369993.97,0.0,8,66,1.0,0.0,1
5594,6.51,2,289226.48,2.96,48,75,0.0,0.0,0
5595,17.95,3,270190.23,5.29,38,32,0.0,0.0,0
5596,55.29,2,200820.27000000002,6.1,18,17,0.0,0.0,0
5597,1.02,2,327403.9,9.6,0,0,1.0,0.0,0
5598,33.14,3,461344.6,0.0,47,18,2.0,1.0,0
5599,0.33,1,170488.8,0.0,5,10,0.0,0.0,0
5600,42.11,2,224029.02,2.9,30,52,0.0,0.0,0
5601,5.39,3,439473.66,13.82,106,0,2.0,2.5,0
5602,30.97,2,284750.37,4.48,75,31,0.0,0.0,0
5603,32.35,2,231620.77,0.0,13,6,0.0,0.0,0
5604,36.32,2,188004.07,12.89,0,9,0.0,0.0,0
5605,10.52,1,108196.14,1.88,43,31,0.0,0.0,0
5606,26.63,3,409151.07,4.08,87,0,2.0,0.5,0
5607,36.75,2,275996.24,8.49,43,11,1.0,0.0,0
5608,49.31,1,51985.52,2.98,8,3,2.0,4.0,0
5609,43.03,1,141604.6,0.0,0,14,1.0,3.0,1
5610,17.69,2,258793.32,13.68,0,33,0.0,0.0,0
5611,23.47,3,403468.0,13.15,76,7,2.0,0.0,0
5612,16.34,2,289217.26,2.8,78,0,0.0,0.0,0
5613,10.29,2,308539.43,0.0,10,4,0.0,0.0,0
5614,29.52,2,110567.96,5.06,41,4,0.0,0.0,0
5615,13.25,2,372087.44,6.31,28,16,1.0,5.0,1
5616,40.14,2,261577.49,0.0,29,47,0.0,0.0,0
5617,31.72,1,157878.57,0.0,41,39,1.0,0.0,1
5618,40.27,1,96654.07,0.0,0,0,1.0,5.0,0
5619,42.14,2,253091.15999999997,3.0900000000000003,34,22,0.0,0.0,0
5620,34.12,3,386889.51,0.0,42,86,0.0,0.0,0
5621,50.07,1,101417.1,2.5,26,44,1.0,0.0,1
5622,9.27,3,325573.0,3.79,0,37,0.0,0.0,0
5623,59.53,2,182619.39,8.02,0,19,0.0,0.0,0
5624,55.75,3,471940.56999999995,7.48,46,34,1.0,3.0,0
5625,25.12,2,246232.47999999998,1.5,12,0,1.0,0.0,0
5626,8.42,2,246429.56,4.1,11,31,2.0,2.5,0
5627,9.7,3,365840.15,11.58,35,17,1.0,0.0,1
5628,47.24,1,119943.37,0.0,24,21,0.0,0.0,0
5629,54.77,2,233720.91,0.0,50,1,1.0,0.0,1
5630,27.84,3,397501.27999999997,2.55,39,0,0.0,0.0,0
5631,2.43,3,457338.56,6.08,60,61,2.0,1.0,0
5632,24.23,2,242437.97,5.77,0,0,1.0,2.0,0
5633,30.08,1,139068.63,5.5,28,0,2.0,0.0,0
5634,53.06,3,388727.33999999997,15.1,18,0,0.0,0.0,0
5635,21.43,2,301161.18,0.0,0,7,1.0,2.0,1
5636,35.14,2,188346.04,8.02,37,0,0.0,0.0,0
5637,6.51,3,341833.86,8.97,128,0,2.0,2.5,0
5638,55.95,3,404553.28,5.6,62,47,0.0,0.0,0
5639,45.89,1,136508.12,0.0,48,20,0.0,0.0,0
5640,62.33,1,62471.33,0.0,48,23,2.0,0.0,0
5641,31.23,2,231107.48,12.03,12,68,0.0,0.0,0
5642,53.39,3,395113.26999999996,12.3,0,126,0.0,0.0,0
5643,51.55,2,274132.70999999996,17.94,59,0,0.0,0.0,0
5644,42.54,1,56235.99,0.9,0,6,1.0,0.0,0
5645,18.87,2,262326.69,5.02,50,35,0.0,0.0,0
5646,63.28,2,278934.20999999996,9.69,17,0,0.0,0.0,0
5647,6.54,3,392856.06,8.29,100,31,2.0,0.0,0
5648,26.0,2,110034.14,4.12,0,16,0.0,0.0,0
5649,29.49,2,195810.63,6.07,1,25,0.0,0.0,0
5650,61.08,1,104066.43,3.41,0,0,0.0,0.0,0
5651,42.31,1,188010.78,6.0,18,22,0.0,0.0,0
5652,32.84,2,315173.09,10.79,10,37,2.0,0.5,0
5653,47.44,1,78507.02,1.98,36,37,2.0,1.5,0
5654,52.66,2,282347.62,3.01,0,0,0.0,0.0,0
5655,13.28,3,257787.21000000002,0.0,53,55,0.0,0.0,0
5656,60.39,2,301895.62,11.75,0,0,1.0,5.0,0
5657,39.32,2,239858.14999999997,8.02,21,46,1.0,5.0,0
5658,59.3,3,341177.53,12.809999999999999,38,70,0.0,0.0,0
5659,12.66,1,166681.42,0.0,33,13,1.0,2.0,0
5660,58.48,2,175618.68,6.37,0,70,0.0,0.0,0
5661,43.98,2,229016.61,0.72,11,38,1.0,5.0,0
5662,2.04,1,171560.91,0.0,0,17,0.0,0.0,0
5663,34.22,3,439739.03,4.49,0,6,0.0,0.0,0
5664,24.23,1,74472.5,8.64,0,0,0.0,0.0,0
5665,40.17,2,252618.89,3.42,42,0,1.0,0.0,0
5666,59.3,3,267466.66,1.09,67,72,0.0,0.0,0
5667,29.13,2,237651.02,4.96,73,20,0.0,0.0,0
5668,1.71,1,136489.09,0.0,39,0,2.0,0.5,0
5669,23.41,1,166874.85,0.0,0,0,0.0,0.0,0
5670,16.9,2,291304.29000000004,8.99,51,0,2.0,2.0,1
5671,63.12,3,294977.83,10.53,14,35,2.0,4.0,1
5672,39.05,3,470941.94999999995,14.079999999999998,66,20,2.0,0.0,0
5673,21.6,1,87397.44,0.0,8,14,0.0,0.0,0
5674,26.46,1,169109.7,6.97,0,7,1.0,4.0,0
5675,55.88,3,296074.74,0.0,27,10,2.0,2.5,0
5676,25.58,3,284759.89999999997,10.43,32,9,2.0,1.5,0
5677,20.81,1,86417.01,2.6,0,36,2.0,1.5,0
5678,12.1,2,191517.47999999998,6.51,24,39,0.0,0.0,0
5679,32.97,3,492690.98,16.060000000000002,13,0,0.0,0.0,0
5680,61.31,3,323905.81,9.4,75,0,2.0,1.5,0
5681,32.08,1,80559.17,8.65,48,0,2.0,3.0,0
5682,5.92,3,271368.68,11.8,47,30,1.0,2.0,0
5683,28.07,3,431292.31,10.33,59,0,0.0,0.0,0
5684,18.93,2,210625.51,14.469999999999999,43,30,0.0,0.0,0
5685,63.21,2,343136.85,2.9699999999999998,0,47,0.0,0.0,0
5686,21.14,2,220501.09,2.37,43,11,0.0,0.0,0
5687,38.86,3,300012.12,2.17,61,0,2.0,4.0,0
5688,48.49,2,249246.54,0.0,2,8,2.0,2.5,1
5689,2.5,1,111852.63,0.0,36,19,2.0,0.0,0
5690,9.4,2,223447.6,0.0,0,22,1.0,2.0,0
5691,36.72,1,76051.95,0.73,0,21,2.0,0.5,0
5692,47.93,2,289030.05,5.41,32,43,0.0,0.0,0
5693,63.51,1,132759.25,0.0,0,28,0.0,0.0,0
5694,5.1,3,451848.53,9.59,49,0,2.0,3.0,0
5695,38.17,3,381605.18,4.15,62,39,0.0,0.0,0
5696,17.42,1,117503.78,8.05,32,0,2.0,0.5,0
5697,1.87,3,484052.82,11.08,50,54,2.0,2.0,1
5698,52.93,2,228907.04,8.27,19,28,0.0,0.0,0
5699,36.16,1,74024.31,0.0,0,0,2.0,0.0,0
5700,4.37,1,91076.92,0.0,0,14,2.0,1.5,0
5701,40.37,1,57802.47,0.0,0,29,0.0,0.0,0
5702,60.59,1,139352.93,0.0,22,0,2.0,4.0,0
5703,38.17,2,378436.88,9.83,0,71,2.0,2.5,0
5704,26.99,3,440611.06,12.86,79,20,0.0,0.0,0
5705,24.88,2,248630.14,4.28,24,0,2.0,1.5,0
5706,59.5,1,144568.73,0.0,0,0,0.0,0.0,0
5707,46.19,2,356458.21,9.37,0,22,0.0,0.0,0
5708,0.23,3,295741.88,6.31,86,44,1.0,3.0,0
5709,1.68,3,479901.1,9.99,19,18,2.0,0.0,0
5710,56.38,1,171871.18,0.0,0,0,2.0,2.5,0
5711,60.85,2,199939.21,0.0,0,51,0.0,0.0,0
5712,57.17,2,344739.06999999995,8.65,26,74,1.0,4.0,0
5713,1.41,2,218408.88,0.0,11,15,0.0,0.0,0
5714,36.59,3,371131.07,13.04,86,4,0.0,0.0,0
5715,19.79,1,171420.14,0.0,19,11,1.0,4.0,0
5716,7.07,2,221716.08,9.35,0,19,0.0,0.0,0
5717,11.93,2,147540.72,0.0,0,34,0.0,0.0,0
5718,55.29,1,59267.35,0.0,0,0,0.0,0.0,0
5719,10.19,1,151367.59,0.0,16,0,1.0,0.0,0
5720,41.22,1,159609.46,5.08,0,8,0.0,0.0,0
5721,50.79,2,346381.75,7.21,29,0,1.0,1.0,0
5722,16.96,1,137010.95,0.0,25,0,1.0,5.0,0
5723,20.18,1,130296.33,1.79,0,24,2.0,0.0,0
5724,57.23,1,194778.91,4.69,0,16,1.0,2.0,0
5725,2.43,1,58341.39,0.0,0,0,1.0,1.0,0
5726,40.01,1,142359.23,6.51,0,41,0.0,0.0,0
5727,23.7,2,268041.33999999997,8.62,26,15,0.0,0.0,0
5728,21.79,1,98906.03,9.25,37,0,0.0,0.0,0
5729,62.72,1,86862.31,6.44,0,45,0.0,0.0,0
5730,59.73,3,307126.23,7.49,25,37,1.0,0.0,0
5731,2.79,2,184087.21,1.56,46,34,2.0,1.0,0
5732,2.27,3,469471.34,8.61,37,58,1.0,0.0,0
5733,17.52,3,286055.12,16.490000000000002,59,29,0.0,0.0,0
5734,60.91,1,159924.54,0.0,19,0,2.0,2.0,0
5735,51.48,3,255576.44,12.93,29,0,1.0,0.0,0
5736,26.04,3,202904.17,9.8,43,85,0.0,0.0,0
5737,32.38,3,353489.58999999997,14.31,31,7,1.0,0.0,0
5738,44.35,1,156103.73,0.0,33,26,0.0,0.0,0
5739,38.03,2,274099.4,7.68,30,8,2.0,4.5,1
5740,38.66,3,315802.37,15.329999999999998,24,27,1.0,0.0,0
5741,8.74,1,153153.77,3.33,6,2,0.0,0.0,0
5742,59.37,3,359676.54,5.31,25,20,1.0,0.0,0
5743,36.79,3,418457.85,24.87,46,33,0.0,0.0,0
5744,3.35,1,70389.52,0.0,0,43,2.0,1.5,0
5745,40.11,1,94277.62,0.0,1,0,1.0,0.0,0
5746,22.12,3,400883.97,3.28,70,44,0.0,0.0,0
5747,16.17,1,128547.79,0.32,0,0,2.0,2.0,0
5748,27.35,3,574029.3200000001,0.0,53,25,1.0,0.0,0
5749,4.8,3,427577.62,5.47,24,49,2.0,2.5,0
5750,50.36,1,163301.13,0.0,0,0,0.0,0.0,1
5751,50.53,2,172146.89,0.0,27,63,0.0,0.0,0
5752,6.15,2,133402.75,14.59,9,0,0.0,0.0,0
5753,39.84,3,437368.07,13.63,87,91,0.0,0.0,0
5754,2.37,2,223025.91,0.0,0,21,0.0,0.0,0
5755,33.63,1,76402.58,0.0,42,0,2.0,2.5,1
5756,20.18,2,240149.96000000002,7.03,71,12,2.0,2.5,0
5757,37.41,1,103461.88,0.0,0,46,0.0,0.0,0
5758,32.77,2,174844.18,8.15,67,44,0.0,0.0,0
5759,9.96,3,494432.89,8.29,75,69,0.0,0.0,1
5760,52.79,3,452932.38,13.43,0,0,2.0,2.5,0
5761,8.61,3,321995.37,11.61,86,22,0.0,0.0,0
5762,43.1,1,112160.62,7.79,0,34,0.0,0.0,0
5763,6.57,3,425739.64,14.09,39,40,0.0,0.0,0
5764,32.25,2,196311.31,5.7,0,5,2.0,0.0,0
5765,47.07,1,168095.34,0.0,0,0,0.0,0.0,0
5766,32.94,1,117759.77,0.0,6,27,1.0,0.0,0
5767,4.9,2,314066.92,6.63,40,9,0.0,0.0,0
5768,49.8,2,263110.19999999995,9.0,67,2,2.0,0.0,0
5769,44.38,1,106315.51,0.0,0,42,1.0,5.0,0
5770,23.37,1,120143.75,0.0,26,0,0.0,0.0,0
5771,25.71,2,296178.4,0.0,20,7,0.0,0.0,0
5772,4.77,1,149235.69,0.0,0,23,0.0,0.0,0
5773,38.95,1,107470.38,6.55,48,48,1.0,0.0,1
5774,12.72,1,191915.27,5.98,0,0,2.0,2.5,0
5775,20.22,3,455303.62,6.6499999999999995,0,35,2.0,2.0,0
5776,60.91,2,264368.78,1.67,1,20,1.0,0.0,0
5777,27.98,1,190693.36,6.74,0,18,1.0,3.0,0
5778,4.47,2,252708.09,9.15,0,17,2.0,1.0,0
5779,29.39,3,379276.06,6.71,58,48,1.0,0.0,0
5780,17.36,2,357005.41000000003,6.1,32,0,0.0,0.0,1
5781,42.83,3,478087.17000000004,0.0,32,74,2.0,2.5,0
5782,62.56,1,55680.7,8.56,0,34,0.0,0.0,0
5783,33.0,3,380601.08999999997,11.129999999999999,0,89,1.0,0.0,1
5784,50.1,3,444983.58,12.91,42,38,0.0,0.0,0
5785,11.11,3,343650.02,1.5299999999999998,52,96,0.0,0.0,0
5786,20.71,1,144202.17,9.17,42,0,0.0,0.0,1
5787,45.69,1,136576.49,0.94,0,37,0.0,0.0,0
5788,18.87,2,266076.41,0.0,2,67,2.0,2.5,0
5789,56.84,2,297685.12,13.03,44,0,1.0,0.0,0
5790,45.04,2,216812.45,0.0,0,24,1.0,0.0,1
5791,54.83,1,164030.66,4.61,0,3,0.0,0.0,0
5792,24.46,1,73775.4,0.0,0,17,1.0,1.0,0
5793,57.36,1,151830.4,0.0,30,0,2.0,3.0,0
5794,20.02,2,248494.84000000003,4.84,69,51,2.0,3.0,1
5795,12.82,1,104062.75,0.0,0,0,0.0,0.0,0
5796,40.2,1,65272.35,4.74,1,0,0.0,0.0,0
5797,59.37,3,242050.87,7.5600000000000005,46,52,0.0,0.0,0
5798,59.11,1,73367.94,1.62,7,0,1.0,0.0,0
5799,63.31,2,185784.18,3.43,15,13,2.0,0.0,1
5800,44.28,3,369700.45999999996,9.39,52,39,2.0,0.5,0
5801,8.88,3,496220.15,5.1899999999999995,48,66,0.0,0.0,0
5802,9.93,3,330384.81,7.3,31,48,0.0,0.0,0
5803,64.07,2,307930.18,4.05,27,13,0.0,0.0,0
5804,47.24,3,366553.27999999997,25.28,32,56,1.0,4.0,0
5805,38.92,2,198153.89,4.95,0,0,1.0,0.0,0
5806,42.41,1,167613.76,0.0,33,31,0.0,0.0,0
5807,16.04,1,179838.25,1.92,17,0,2.0,1.5,0
5808,16.37,3,423657.44,13.57,0,0,0.0,0.0,0
5809,6.67,1,66291.69,3.03,37,0,1.0,0.0,0
5810,41.39,2,259278.71000000002,11.83,22,36,1.0,3.0,0
5811,38.95,3,371117.14,11.370000000000001,76,83,0.0,0.0,0
5812,41.65,1,150245.42,0.0,2,26,2.0,1.5,0
5813,20.09,2,337240.06,0.0,47,54,0.0,0.0,1
5814,54.93,1,59480.76,0.0,0,10,0.0,0.0,0
5815,23.21,2,168659.89,7.87,11,0,0.0,0.0,0
5816,27.55,3,431156.28,7.39,0,104,2.0,3.5,0
5817,10.88,3,410894.08999999997,0.0,38,0,1.0,4.0,0
5818,55.29,3,382779.9,0.0,31,50,0.0,0.0,0
5819,45.63,1,104271.77,3.89,0,0,0.0,0.0,0
5820,48.95,3,290029.07,0.0,16,90,0.0,0.0,0
5821,1.08,1,73767.59,0.0,34,0,0.0,0.0,0
5822,25.25,3,341277.56,0.0,40,125,0.0,0.0,0
5823,40.53,1,187941.98,0.74,0,48,2.0,0.0,0
5824,43.56,1,187726.59,5.11,19,33,0.0,0.0,0
5825,18.7,1,81078.29,0.0,12,1,2.0,3.5,0
5826,8.74,2,221251.31,6.97,27,26,0.0,0.0,0
5827,6.87,3,323864.57999999996,7.87,0,36,0.0,0.0,0
5828,38.26,2,285803.87,3.03,0,31,0.0,0.0,0
5829,54.96,2,244333.59000000003,7.59,47,0,0.0,0.0,0
5830,14.96,1,118632.72,0.0,8,0,2.0,2.0,1
5831,54.6,1,96287.38,9.03,0,42,0.0,0.0,0
5832,58.78,3,248513.49,2.06,5,48,0.0,0.0,0
5833,9.73,2,171585.58,0.0,0,48,1.0,5.0,1
5834,4.8,3,408608.35,5.38,36,13,1.0,0.0,0
5835,16.5,1,60405.5,0.0,2,15,1.0,4.0,0
5836,55.52,2,201913.57,0.31,41,0,0.0,0.0,0
5837,12.2,1,111941.63,0.0,1,0,1.0,2.0,0
5838,43.29,2,222511.51,0.09,64,12,2.0,0.5,0
5839,25.9,3,464867.79000000004,6.73,46,6,0.0,0.0,0
5840,1.31,2,204212.46999999997,6.23,18,0,2.0,2.0,1
5841,49.34,1,55409.49,0.0,0,44,0.0,0.0,0
5842,60.09,1,92023.17,0.0,16,0,2.0,5.0,0
5843,40.6,3,457413.27,20.759999999999998,51,9,1.0,1.0,0
5844,58.25,2,297120.07,0.0,0,0,2.0,4.5,0
5845,61.28,3,325636.39,8.370000000000001,33,18,0.0,0.0,0
5846,47.67,2,245820.3,0.72,0,49,0.0,0.0,0
5847,9.8,1,64611.19,0.0,47,0,0.0,0.0,0
5848,45.79,1,154069.38,5.05,31,32,0.0,0.0,0
5849,39.91,2,214937.1,4.220000000000001,32,41,0.0,0.0,0
5850,22.58,1,79393.42,0.0,18,0,1.0,0.0,0
5851,15.71,1,151510.33,0.0,36,0,1.0,1.0,0
5852,42.67,3,265998.31,14.58,44,0,0.0,0.0,0
5853,51.41,3,442876.95,0.0,57,68,0.0,0.0,0
5854,12.59,2,334250.27,2.0,40,0,0.0,0.0,1
5855,2.96,2,209280.43,4.45,12,46,0.0,0.0,0
5856,11.9,3,273072.53,3.65,0,80,0.0,0.0,0
5857,20.91,2,267321.24,0.0,15,0,0.0,0.0,0
5858,0.2,2,296646.36,7.86,0,36,0.0,0.0,0
5859,21.24,2,253999.2,4.89,16,0,2.0,2.5,0
5860,26.07,3,387842.3,0.0,48,0,0.0,0.0,0
5861,53.35,3,392011.98000000004,4.78,92,45,2.0,3.0,0
5862,51.94,1,103218.71,0.0,0,0,0.0,0.0,0
5863,24.52,1,129196.12,1.99,11,0,1.0,2.0,0
5864,56.57,1,169305.44,0.0,0,0,0.0,0.0,0
5865,50.92,3,499480.27,10.729999999999999,17,0,0.0,0.0,0
5866,23.8,3,304108.35,4.18,54,50,1.0,0.0,1
5867,53.98,3,432847.01,3.68,0,50,0.0,0.0,0
5868,34.88,3,380511.98,0.0,0,0,2.0,2.5,1
5869,34.45,2,274684.24,3.67,9,1,2.0,0.0,0
5870,53.35,1,191970.57,0.0,34,5,0.0,0.0,0
5871,12.52,3,380938.66000000003,9.03,0,124,1.0,4.0,0
5872,34.55,1,91502.19,2.34,0,0,1.0,0.0,0
5873,47.27,2,160668.14,8.6,35,8,2.0,2.0,0
5874,6.25,3,458494.19999999995,0.38,51,9,0.0,0.0,0
5875,59.47,2,184402.25,2.03,0,0,1.0,1.0,0
5876,17.32,2,176044.07,4.54,13,6,1.0,0.0,0
5877,53.35,1,193825.15,9.04,0,18,0.0,0.0,0
5878,26.04,1,106477.46,2.53,27,10,2.0,1.5,0
5879,59.27,1,118222.17,0.0,26,5,0.0,0.0,0
5880,25.41,2,180855.38,6.07,0,59,0.0,0.0,0
5881,40.86,1,82687.17,0.43,0,10,0.0,0.0,0
5882,6.05,2,217635.96999999997,9.12,0,86,1.0,0.0,1
5883,52.14,2,219994.06,0.46,68,0,0.0,0.0,0
5884,39.58,1,150862.93,1.99,32,0,0.0,0.0,1
5885,1.22,3,310367.31,12.66,31,14,0.0,0.0,0
5886,6.51,1,56500.26,9.21,35,29,0.0,0.0,0
5887,5.59,2,248188.37,0.0,6,23,2.0,2.5,1
5888,29.49,3,274299.29,8.9,70,56,2.0,0.5,0
5889,38.17,2,317767.55,0.0,34,21,1.0,0.0,0
5890,54.47,1,121005.85,0.0,50,38,0.0,0.0,0
5891,3.48,1,85836.68,0.0,43,0,0.0,0.0,0
5892,40.63,1,107552.55,0.0,0,0,0.0,0.0,1
5893,32.31,3,226915.67,4.83,15,9,0.0,0.0,0
5894,52.5,1,150350.42,9.33,18,0,0.0,0.0,0
5895,29.16,2,310549.77,5.8,10,22,0.0,0.0,0
5896,37.41,2,131886.8,9.16,12,12,0.0,0.0,0
5897,4.47,1,188783.81,4.89,8,31,2.0,0.0,1
5898,20.91,3,318016.33999999997,13.41,12,7,0.0,0.0,0
5899,1.25,3,509962.76,5.78,95,13,0.0,0.0,0
5900,55.36,2,206703.91,0.0,44,51,0.0,0.0,0
5901,23.27,2,272695.61,9.9,10,43,0.0,0.0,0
5902,24.95,3,359560.12,9.51,0,32,0.0,0.0,0
5903,18.34,1,144825.41,2.35,0,14,1.0,0.0,0
5904,10.59,1,83868.13,0.0,45,37,0.0,0.0,0
5905,54.9,1,174818.66,0.0,3,0,0.0,0.0,0
5906,62.39,3,376126.26,9.52,21,19,1.0,1.0,0
5907,2.79,3,311832.49,6.23,71,13,1.0,2.0,0
5908,0.85,2,254592.77000000002,0.1,30,47,0.0,0.0,0
5909,61.18,1,96503.06,0.0,0,0,1.0,0.0,0
5910,5.03,1,142825.05,8.34,0,16,0.0,0.0,0
5911,37.05,2,302185.4,3.22,50,63,2.0,0.0,0
5912,28.57,3,284118.04000000004,14.7,0,22,2.0,1.0,0
5913,31.36,1,80216.36,0.0,43,40,2.0,0.0,0
5914,63.08,3,367608.17000000004,10.76,54,0,0.0,0.0,0
5915,15.94,2,282563.13,5.02,30,48,1.0,4.0,0
5916,10.49,3,391821.25,14.309999999999999,28,45,1.0,4.0,0
5917,19.0,2,346083.3,5.41,14,29,0.0,0.0,0
5918,30.93,1,170176.93,3.65,0,0,2.0,0.0,1
5919,25.61,1,122239.44,0.0,0,0,0.0,0.0,0
5920,9.2,1,71510.16,5.03,0,0,0.0,0.0,0
5921,58.78,3,459142.82,5.34,5,0,1.0,0.0,0
5922,63.54,1,160069.16,0.0,48,0,1.0,5.0,0
5923,24.0,3,300534.33999999997,9.92,41,63,2.0,0.0,1
5924,64.27,1,129932.58,1.62,0,0,0.0,0.0,1
5925,57.56,2,373139.27,2.92,0,91,2.0,3.0,0
5926,16.37,1,70793.14,0.31,0,0,1.0,0.0,0
5927,6.41,3,249793.22999999998,14.33,58,92,1.0,1.0,0
5928,17.75,1,185264.8,0.0,0,0,0.0,0.0,1
5929,47.4,3,369182.22,15.94,0,127,0.0,0.0,0
5930,41.26,3,532396.39,8.26,62,15,1.0,1.0,1
5931,29.62,1,177801.37,0.0,26,0,0.0,0.0,0
5932,54.6,1,149915.99,8.45,34,49,0.0,0.0,0
5933,22.68,1,136185.69,3.05,17,0,0.0,0.0,1
5934,38.53,1,91739.51,0.0,17,48,0.0,0.0,1
5935,17.19,1,156741.51,0.0,20,48,0.0,0.0,0
5936,38.0,3,275510.02,3.15,19,63,1.0,0.0,0
5937,30.08,2,198114.91999999998,9.27,28,3,2.0,0.0,0
5938,6.8,3,470571.25,12.94,63,90,2.0,2.5,1
5939,8.65,1,126211.01,0.0,22,2,0.0,0.0,0
5940,37.94,1,122899.24,0.0,0,0,0.0,0.0,0
5941,56.41,3,264376.85000000003,11.29,0,9,1.0,5.0,0
5942,28.6,2,330723.27,3.66,27,0,2.0,2.5,0
5943,18.64,2,253656.34999999998,6.45,18,42,0.0,0.0,0
5944,61.41,2,168468.26,3.59,24,31,0.0,0.0,0
5945,39.55,2,250835.37,6.84,30,0,1.0,1.0,0
5946,39.18,2,295460.18,7.07,26,24,2.0,3.0,0
5947,64.04,3,452318.94,6.37,0,90,1.0,0.0,0
5948,31.95,3,343709.12,0.0,53,67,0.0,0.0,0
5949,42.44,1,156308.67,5.51,48,0,0.0,0.0,0
5950,32.08,3,302596.33,0.86,68,61,1.0,0.0,0
5951,39.97,3,376840.24,6.59,71,84,0.0,0.0,0
5952,47.07,3,473928.32999999996,14.21,8,43,1.0,4.0,0
5953,37.77,1,148296.26,1.25,0,1,0.0,0.0,1
5954,37.74,2,226270.38999999998,8.37,0,0,1.0,4.0,0
5955,0.76,3,401546.31000000006,9.07,48,5,0.0,0.0,0
5956,33.53,2,131894.91,8.98,44,41,1.0,4.0,0
5957,36.62,2,205426.40000000002,8.17,34,61,1.0,3.0,0
5958,0.49,1,72945.37,3.74,0,47,0.0,0.0,0
5959,20.28,1,87620.27,4.59,0,13,0.0,0.0,0
5960,6.71,1,108848.4,0.0,0,0,0.0,0.0,1
5961,48.59,3,511282.4,7.24,132,49,0.0,0.0,0
5962,45.13,3,479486.74,5.37,82,38,2.0,2.0,0
5963,36.85,1,113105.32,0.0,40,0,2.0,0.0,1
5964,28.24,3,408325.57,13.58,0,6,2.0,4.0,0
5965,43.62,3,332520.15,7.83,35,23,2.0,0.0,0
5966,25.54,1,91368.62,0.0,21,0,2.0,2.0,0
5967,51.15,2,262068.86,0.0,0,79,0.0,0.0,0
5968,46.06,3,346466.31,9.399999999999999,2,73,1.0,0.0,1
5969,55.95,2,152162.18,0.36,0,57,0.0,0.0,0
5970,59.5,1,158685.93,0.0,0,32,0.0,0.0,0
5971,25.74,2,360099.38,0.0,52,6,2.0,2.5,0
5972,63.51,3,403719.43,8.0,39,17,1.0,0.0,0
5973,32.51,3,307059.0,11.34,0,4,2.0,0.0,0
5974,57.03,3,428925.64999999997,0.0,0,1,2.0,2.5,0
5975,58.51,2,360313.33,7.75,47,47,1.0,0.0,0
5976,36.19,2,278949.37,0.0,0,11,0.0,0.0,1
5977,17.42,2,199249.08000000002,4.37,9,74,2.0,3.0,0
5978,58.45,1,95322.57,0.0,44,0,0.0,0.0,1
5979,6.57,3,399677.62,0.0,81,45,0.0,0.0,0
5980,62.33,3,401680.01,8.43,11,28,0.0,0.0,0
5981,48.92,2,183406.47999999998,0.0,27,11,0.0,0.0,0
5982,25.71,3,452929.44,0.0,23,41,1.0,4.0,0
5983,63.94,2,198885.14,4.38,24,1,0.0,0.0,0
5984,22.39,1,51076.85,9.84,0,20,2.0,2.0,0
5985,32.02,3,405671.82999999996,13.38,5,0,0.0,0.0,0
5986,22.45,3,355478.44,7.9,6,0,2.0,2.5,0
5987,61.67,2,345342.76,10.66,37,64,0.0,0.0,0
5988,45.83,2,144094.53,3.74,39,71,0.0,0.0,0
5989,38.13,1,182068.17,0.0,38,0,0.0,0.0,0
5990,4.64,2,326366.05000000005,5.67,25,4,2.0,2.5,0
5991,58.28,3,391324.0,0.0,77,7,1.0,0.0,1
5992,7.46,2,236582.2,0.0,0,43,0.0,0.0,0
5993,50.56,2,311792.33999999997,5.06,66,0,2.0,0.5,0
5994,44.54,2,228766.72,7.26,12,38,0.0,0.0,0
5995,57.73,1,104658.5,0.0,2,33,1.0,0.0,0
5996,44.28,3,429081.84,12.29,27,77,0.0,0.0,0
5997,31.72,3,456096.22,9.91,34,15,0.0,0.0,0
5998,48.52,2,260871.53000000003,8.42,43,4,0.0,0.0,0
5999,1.58,3,433793.80000000005,15.170000000000002,0,50,0.0,0.0,0
6000,39.18,2,313850.80000000005,0.0,0,63,2.0,0.0,0
6001,48.06,2,179690.18,14.71,0,19,0.0,0.0,0
6002,15.22,2,287656.9,8.92,39,47,0.0,0.0,0
6003,29.06,3,478572.44,10.4,91,66,1.0,0.0,0
6004,55.23,2,275982.7,0.0,18,0,2.0,2.5,0
6005,44.08,2,171693.53,0.0,34,30,1.0,3.0,0
6006,57.43,1,181031.66,7.85,14,0,0.0,0.0,0
6007,42.8,3,539230.23,9.37,2,56,0.0,0.0,0
6008,14.1,3,297909.1,10.040000000000001,54,96,0.0,0.0,0
6009,41.35,1,68625.69,5.13,15,12,2.0,2.5,0
6010,55.23,1,125051.4,0.0,0,7,1.0,1.0,0
6011,16.73,3,240955.27,14.120000000000001,14,0,0.0,0.0,0
6012,4.27,3,353230.75,11.57,99,39,0.0,0.0,1
6013,43.2,3,335860.99,4.88,16,36,0.0,0.0,0
6014,14.23,1,151484.38,9.71,24,0,0.0,0.0,0
6015,1.28,3,431925.82999999996,8.79,39,74,1.0,0.0,0
6016,28.7,2,376172.94999999995,18.66,19,9,2.0,0.5,0
6017,23.67,2,276167.06,0.0,29,0,0.0,0.0,0
6018,62.46,1,99661.6,0.0,39,16,0.0,0.0,1
6019,31.95,2,277452.2,1.86,34,21,0.0,0.0,1
6020,47.14,2,214231.69999999998,5.15,6,10,0.0,0.0,0
6021,52.93,3,416330.75,12.67,36,76,0.0,0.0,0
6022,38.92,1,182652.57,0.0,0,0,0.0,0.0,0
6023,54.17,3,467246.42000000004,10.870000000000001,2,7,0.0,0.0,0
6024,28.53,3,343422.55,6.64,46,74,1.0,0.0,0
6025,35.24,1,159278.42,3.08,0,0,2.0,0.0,0
6026,34.55,1,161574.21,3.88,0,0,0.0,0.0,0
6027,7.33,1,105592.68,0.0,38,0,2.0,1.5,1
6028,2.96,2,291239.73,0.0,41,39,0.0,0.0,0
6029,38.95,3,356708.35,14.78,12,28,0.0,0.0,0
6030,13.18,3,454640.69,20.33,79,0,0.0,0.0,0
6031,56.18,1,55139.9,0.0,0,0,0.0,0.0,0
6032,56.61,1,136516.33,0.0,45,36,0.0,0.0,1
6033,19.3,3,313023.73,0.0,51,11,0.0,0.0,1
6034,43.03,1,62934.95,8.77,0,36,0.0,0.0,1
6035,49.7,1,73517.91,1.86,0,36,0.0,0.0,0
6036,19.89,3,456600.36,11.25,43,67,0.0,0.0,0
6037,22.72,2,186865.84,7.7,21,21,0.0,0.0,0
6038,50.23,3,503052.02,4.09,48,33,2.0,0.5,0
6039,29.49,1,96319.52,0.0,19,0,2.0,3.0,0
6040,59.86,2,202294.34000000003,6.26,50,0,0.0,0.0,0
6041,32.41,1,107598.66,0.0,0,42,1.0,0.0,0
6042,56.08,1,64597.69,0.9,0,45,0.0,0.0,0
6043,47.11,2,218294.58000000002,0.35,48,92,0.0,0.0,1
6044,41.55,3,415693.61,8.15,29,38,2.0,1.5,0
6045,21.7,2,165563.62,12.51,48,47,0.0,0.0,0
6046,15.48,2,177370.46000000002,0.0,50,0,1.0,0.0,0
6047,54.87,3,210294.11,7.05,7,39,1.0,5.0,0
6048,51.38,3,228940.96000000002,23.05,48,81,1.0,5.0,1
6049,51.41,3,277946.84,0.0,10,25,2.0,0.5,1
6050,0.99,1,177641.84,8.7,0,0,1.0,0.0,0
6051,52.37,3,366276.16000000003,8.0,16,0,1.0,4.0,0
6052,24.33,2,241995.38,3.0,0,32,0.0,0.0,0
6053,19.86,3,284447.96,5.85,37,77,0.0,0.0,0
6054,47.01,2,118707.07,3.69,21,32,1.0,0.0,0
6055,39.18,3,390239.14,16.11,0,96,0.0,0.0,0
6056,14.27,2,278343.02,0.42,0,40,1.0,0.0,0
6057,1.71,3,391290.07999999996,6.699999999999999,39,29,1.0,5.0,1
6058,21.33,3,438290.4,18.590000000000003,9,43,0.0,0.0,0
6059,36.32,2,287745.71,9.47,29,13,0.0,0.0,0
6060,58.22,1,138231.74,0.0,0,50,2.0,0.0,0
6061,17.36,3,437858.81999999995,4.84,20,0,0.0,0.0,0
6062,27.02,2,326656.34,3.51,41,16,2.0,0.0,0
6063,29.85,1,122519.62,0.0,31,0,0.0,0.0,0
6064,61.74,1,192203.72,0.0,28,0,0.0,0.0,0
6065,57.63,3,464342.97,4.87,33,36,0.0,0.0,0
6066,39.35,2,368672.14,0.0,17,92,0.0,0.0,0
6067,13.51,3,517786.04000000004,6.72,47,86,2.0,2.5,0
6068,56.08,1,56232.78,0.0,22,26,0.0,0.0,0
6069,58.88,1,113166.38,0.03,35,0,2.0,1.0,0
6070,1.68,2,227851.47999999998,10.45,34,16,0.0,0.0,0
6071,47.07,3,331403.32999999996,1.48,14,63,0.0,0.0,0
6072,33.14,3,386063.57999999996,6.33,71,4,0.0,0.0,0
6073,4.96,1,147993.72,0.0,48,0,2.0,0.5,0
6074,52.07,1,111731.7,0.0,0,0,1.0,0.0,0
6075,34.91,2,199451.22,1.01,37,4,0.0,0.0,0
6076,40.99,3,432586.44,11.7,39,26,1.0,4.0,0
6077,45.53,3,421668.22000000003,24.919999999999998,117,35,0.0,0.0,0
6078,5.52,3,365717.62,11.85,0,0,0.0,0.0,0
6079,62.52,3,417443.56,1.6,38,25,0.0,0.0,0
6080,4.24,2,347645.28,7.39,44,0,0.0,0.0,0
6081,50.69,3,405907.37,4.53,57,0,1.0,0.0,0
6082,1.08,2,337749.58999999997,0.0,45,0,2.0,1.0,0
6083,50.07,3,281664.74,8.98,26,55,0.0,0.0,0
6084,6.34,3,322736.16000000003,0.0,28,15,0.0,0.0,0
6085,21.66,3,405122.82999999996,8.469999999999999,10,12,2.0,2.0,0
6086,53.58,3,454836.48,0.0,0,42,0.0,0.0,1
6087,26.99,1,139625.4,7.22,0,0,1.0,5.0,0
6088,31.3,2,180058.27000000002,0.51,23,0,2.0,4.0,0
6089,0.16,3,285516.23,14.54,74,0,0.0,0.0,1
6090,39.94,1,138290.86,0.0,0,0,0.0,0.0,0
6091,11.87,3,373886.80000000005,7.4399999999999995,38,46,0.0,0.0,0
6092,13.25,1,66290.68,2.72,0,0,0.0,0.0,0
6093,29.52,2,284470.57,9.74,34,30,2.0,0.5,0
6094,47.24,3,481465.51,12.66,13,0,0.0,0.0,0
6095,8.97,3,469768.51,4.34,21,82,0.0,0.0,0
6096,11.31,2,244300.5,1.67,5,33,1.0,0.0,1
6097,58.74,1,112964.83,0.0,0,0,2.0,2.5,0
6098,48.78,1,149964.4,6.83,0,0,1.0,0.0,0
6099,12.79,1,187010.53,1.6,0,0,0.0,0.0,0
6100,21.86,1,62842.87,7.88,7,0,0.0,0.0,0
6101,51.22,2,184890.55,10.2,0,2,1.0,0.0,0
6102,50.99,3,303967.3,7.88,89,77,0.0,0.0,0
6103,25.9,3,403658.04000000004,18.669999999999998,61,51,0.0,0.0,1
6104,43.43,2,209126.63,6.94,11,61,0.0,0.0,0
6105,31.43,2,132038.3,0.0,0,51,0.0,0.0,0
6106,59.07,3,399986.33999999997,7.44,22,58,2.0,0.0,0
6107,51.55,2,306256.83999999997,2.83,53,10,2.0,1.0,0
6108,15.78,3,226928.75,14.29,46,45,0.0,0.0,0
6109,20.87,3,284755.13,10.92,16,46,0.0,0.0,0
6110,37.38,3,358488.20999999996,18.43,36,12,2.0,3.5,1
6111,10.03,1,79087.85,2.78,0,0,1.0,0.0,1
6112,61.44,1,129265.66,7.38,0,0,0.0,0.0,0
6113,26.4,3,277189.52,6.37,37,0,2.0,0.0,0
6114,32.15,2,304582.72,10.48,26,2,2.0,0.0,0
6115,49.38,1,118058.39,2.7,0,21,0.0,0.0,1
6116,41.81,3,359957.98,9.18,57,30,0.0,0.0,0
6117,56.57,1,171499.34,0.0,16,0,0.0,0.0,0
6118,55.39,2,224616.05000000002,2.08,27,5,1.0,2.0,0
6119,28.11,3,381541.47000000003,9.370000000000001,0,0,0.0,0.0,0
6120,26.69,1,103455.62,0.0,0,0,0.0,0.0,0
6121,54.44,1,170888.81,1.97,0,0,0.0,0.0,0
6122,49.74,3,416262.04000000004,4.2700000000000005,21,72,0.0,0.0,0
6123,38.95,2,340683.99,0.0,64,44,0.0,0.0,0
6124,38.63,1,114150.26,4.84,0,0,0.0,0.0,0
6125,36.75,3,274326.07,0.82,67,55,1.0,0.0,1
6126,5.52,1,144098.84,2.65,45,0,0.0,0.0,0
6127,15.65,3,429100.95,12.23,0,26,0.0,0.0,0
6128,14.86,2,222138.31,0.0,47,32,0.0,0.0,0
6129,32.18,1,164300.45,2.05,0,11,0.0,0.0,0
6130,27.84,1,147116.7,2.14,0,0,0.0,0.0,0
6131,14.33,2,136557.74,9.64,0,0,1.0,0.0,0
6132,26.4,1,86880.53,0.0,40,38,1.0,0.0,0
6133,47.34,1,58805.38,0.0,0,2,0.0,0.0,0
6134,46.71,2,252582.02999999997,7.99,21,46,0.0,0.0,0
6135,28.01,2,369409.45,8.01,55,3,1.0,5.0,0
6136,41.45,3,496585.98,13.11,56,47,0.0,0.0,0
6137,3.71,1,132975.46,4.61,24,0,0.0,0.0,0
6138,32.05,2,352611.62,0.0,7,45,1.0,0.0,0
6139,15.68,3,429362.12,14.680000000000001,39,74,0.0,0.0,0
6140,35.27,2,258857.75,9.92,9,6,0.0,0.0,0
6141,32.87,3,478322.47,8.31,19,0,1.0,0.0,0
6142,15.15,2,166228.79,0.0,50,5,0.0,0.0,0
6143,13.97,1,110956.9,0.0,0,0,0.0,0.0,0
6144,13.45,3,492824.42000000004,3.65,29,17,0.0,0.0,1
6145,50.07,1,171219.41,2.15,0,0,1.0,0.0,0
6146,1.18,2,336696.73,9.8,42,11,0.0,0.0,0
6147,20.41,1,181452.16,5.73,8,0,2.0,0.0,1
6148,19.59,1,147930.67,7.22,0,0,0.0,0.0,0
6149,24.65,2,213710.53,7.66,40,69,1.0,1.0,0
6150,45.99,1,122255.88,0.0,42,8,2.0,0.5,1
6151,44.38,2,243746.16999999998,1.19,25,19,1.0,0.0,0
6152,7.79,1,199754.83,0.0,34,22,0.0,0.0,0
6153,36.92,3,505155.81999999995,21.36,62,69,0.0,0.0,0
6154,21.79,2,373359.13,10.52,14,18,2.0,0.0,0
6155,42.74,1,151848.55,3.07,25,0,0.0,0.0,0
6156,28.14,3,306984.22,2.52,81,43,2.0,0.0,0
6157,28.99,1,152820.85,0.0,21,44,0.0,0.0,0
6158,58.94,2,259136.27000000002,4.71,31,39,1.0,1.0,0
6159,19.66,2,173711.41,8.84,0,9,2.0,1.5,0
6160,3.52,1,158567.9,8.35,0,33,0.0,0.0,0
6161,25.44,1,174445.98,0.0,0,0,1.0,4.0,0
6162,28.01,2,248126.98,9.6,25,70,1.0,0.0,0
6163,20.22,1,106235.09,0.0,0,0,0.0,0.0,0
6164,31.62,2,220623.31,5.35,14,27,2.0,0.0,0
6165,37.48,1,83040.28,2.77,7,0,0.0,0.0,0
6166,2.43,1,178327.51,0.0,7,0,1.0,3.0,1
6167,58.32,3,366470.3,3.0999999999999996,54,75,1.0,0.0,0
6168,7.4,3,303844.83999999997,4.66,0,0,0.0,0.0,0
6169,38.1,2,233381.18,2.5,13,78,2.0,0.0,0
6170,28.67,1,181571.78,8.18,22,0,2.0,2.5,0
6171,50.43,2,232997.36,9.69,0,0,0.0,0.0,0
6172,63.02,1,190828.51,8.33,21,0,0.0,0.0,0
6173,0.99,3,259293.53999999998,6.4,0,0,0.0,0.0,0
6174,61.44,1,194494.11,0.0,0,0,1.0,1.0,1
6175,10.39,1,178835.32,0.0,0,0,0.0,0.0,1
6176,29.82,1,198984.11,5.09,46,8,0.0,0.0,0
6177,13.64,1,85687.31,1.62,13,0,0.0,0.0,0
6178,4.11,1,150520.94,0.0,0,47,0.0,0.0,0
6179,60.36,1,73007.31,0.0,0,0,2.0,1.0,0
6180,21.73,1,152036.56,3.72,17,0,0.0,0.0,0
6181,28.73,3,363867.37,2.55,49,0,0.0,0.0,0
6182,5.62,3,288766.3,6.29,90,23,0.0,0.0,0
6183,53.48,1,178811.1,0.0,8,23,2.0,2.0,0
6184,51.41,2,227266.83000000002,0.0,0,0,0.0,0.0,0
6185,5.92,2,286188.02,6.54,6,0,1.0,3.0,0
6186,27.25,3,399793.16000000003,12.34,26,74,0.0,0.0,0
6187,63.54,1,99055.03,7.99,50,0,2.0,2.0,0
6188,10.12,3,326917.66000000003,18.66,0,36,0.0,0.0,0
6189,57.4,2,263058.95,5.62,30,28,2.0,0.0,0
6190,12.85,2,236391.49,2.46,0,65,2.0,1.5,0
6191,31.76,2,268111.07,0.93,0,37,2.0,0.0,0
6192,58.97,1,95453.26,1.4,0,12,0.0,0.0,0
6193,35.04,1,164995.24,3.64,0,30,1.0,3.0,0
6194,41.39,1,183839.34,0.0,0,0,0.0,0.0,0
6195,59.2,2,127619.29000000001,3.65,0,33,0.0,0.0,1
6196,54.34,3,305279.87,0.0,77,20,2.0,0.0,1
6197,0.13,1,129026.2,8.89,0,0,0.0,0.0,0
6198,15.29,2,239513.66,14.04,0,0,0.0,0.0,0
6199,17.52,3,371907.75,13.68,57,0,0.0,0.0,0
6200,6.18,2,265088.29,0.0,0,0,2.0,2.0,0
6201,5.98,3,384576.65,13.41,29,55,0.0,0.0,1
6202,29.88,1,117859.87,9.97,4,0,0.0,0.0,0
6203,16.21,1,74129.71,0.0,0,47,0.0,0.0,0
6204,12.39,1,98871.71,0.0,0,47,0.0,0.0,1
6205,46.48,1,140678.82,0.0,8,0,0.0,0.0,0
6206,36.82,3,498217.82,5.62,0,30,0.0,0.0,0
6207,41.45,2,266602.29000000004,8.43,5,28,1.0,0.0,0
6208,26.69,1,91479.08,0.0,0,42,0.0,0.0,0
6209,30.93,1,111437.9,0.0,15,9,0.0,0.0,1
6210,31.36,2,288489.05000000005,0.0,64,1,2.0,2.0,0
6211,55.79,3,320483.5,6.21,47,33,0.0,0.0,0
6212,20.81,2,251489.13,0.0,55,56,1.0,1.0,0
6213,32.71,2,169869.84,0.43,7,30,0.0,0.0,0
6214,38.49,3,401106.14,0.8,0,109,2.0,1.0,0
6215,0.39,3,304811.26,0.04,68,37,2.0,0.0,0
6216,35.4,2,230463.25,3.34,0,39,0.0,0.0,0
6217,13.87,3,308393.87,2.85,72,80,0.0,0.0,0
6218,40.14,3,495198.32999999996,6.92,1,18,2.0,2.5,0
6219,39.41,3,319890.53,0.0,5,80,1.0,0.0,0
6220,43.33,2,247089.9,9.68,8,0,0.0,0.0,0
6221,0.69,2,284081.65,9.75,31,0,2.0,0.5,0
6222,35.8,2,270970.92,0.25,38,45,2.0,0.5,0
6223,30.51,3,285794.74,4.71,59,0,1.0,1.0,0
6224,38.43,3,279547.36,7.32,49,0,1.0,3.0,0
6225,49.64,1,167937.94,5.0,41,44,0.0,0.0,0
6226,39.05,2,241754.79,1.6,43,22,0.0,0.0,0
6227,13.18,3,351964.51,12.26,23,79,0.0,0.0,0
6228,29.22,2,214187.3,2.57,86,0,0.0,0.0,0
6229,36.19,1,85151.78,2.5,50,0,0.0,0.0,0
6230,16.11,1,67419.82,3.49,18,0,2.0,1.5,0
6231,58.71,3,214628.29,2.57,12,36,0.0,0.0,0
6232,20.48,1,71769.35,3.44,0,13,0.0,0.0,1
6233,3.22,1,181123.97,3.7,7,34,0.0,0.0,0
6234,58.35,3,426855.69,6.19,32,87,2.0,2.5,0
6235,26.43,1,183063.1,0.0,34,5,2.0,0.0,0
6236,12.52,2,222171.36,5.37,14,14,0.0,0.0,0
6237,37.87,1,193885.15,8.82,39,30,0.0,0.0,0
6238,36.95,1,180668.2,3.83,0,33,1.0,0.0,0
6239,26.36,2,229674.84,0.0,71,28,2.0,1.5,0
6240,8.02,3,429536.07,10.44,19,41,0.0,0.0,0
6241,32.12,2,122273.93,8.29,87,64,0.0,0.0,0
6242,5.03,1,128703.15,0.0,0,29,1.0,1.0,0
6243,14.79,2,285652.53,8.38,0,32,0.0,0.0,1
6244,57.46,3,384423.89,9.47,100,39,0.0,0.0,0
6245,0.3,2,329305.11,11.3,32,0,0.0,0.0,0
6246,50.13,1,171891.95,0.0,0,0,2.0,1.5,0
6247,3.62,3,383804.8,5.17,11,19,2.0,1.5,1
6248,62.89,3,471794.71,9.74,0,56,1.0,0.0,0
6249,40.57,2,197468.90000000002,12.75,0,41,2.0,2.5,1
6250,26.33,1,174240.1,0.0,0,0,0.0,0.0,0
6251,59.17,1,122347.37,0.0,10,0,0.0,0.0,0
6252,18.54,2,228616.17,0.0,0,25,2.0,0.0,0
6253,37.34,2,259501.18,1.41,0,9,2.0,0.5,0
6254,55.56,3,372029.6,8.27,9,3,0.0,0.0,0
6255,40.11,1,123501.83,0.0,0,0,0.0,0.0,0
6256,1.48,2,281729.3,8.16,46,0,1.0,4.0,0
6257,10.26,2,308785.38,1.64,15,36,2.0,2.5,0
6258,5.42,2,230865.07,3.42,12,9,2.0,3.5,0
6259,6.15,3,447676.15,3.26,32,3,1.0,4.0,0
6260,42.34,2,236532.53,1.1,24,0,0.0,0.0,0
6261,6.08,1,158391.09,0.0,42,38,1.0,4.0,0
6262,38.92,2,161955.64,0.0,50,30,1.0,0.0,0
6263,48.69,3,246989.73,4.0,0,30,0.0,0.0,0
6264,28.11,2,223224.91,10.47,92,0,1.0,0.0,0
6265,7.53,1,133398.7,0.0,0,21,0.0,0.0,1
6266,22.32,1,124054.86,0.0,0,0,2.0,2.5,0
6267,52.89,1,123463.23,3.14,0,0,2.0,3.5,0
6268,26.3,2,206503.19,15.99,36,0,2.0,2.5,0
6269,38.33,1,125265.03,6.73,0,0,1.0,1.0,0
6270,15.32,1,105857.05,0.0,0,12,1.0,0.0,0
6271,14.17,1,81946.36,8.5,32,41,0.0,0.0,0
6272,52.86,1,165981.03,2.58,0,17,1.0,0.0,0
6273,49.74,3,290491.71,12.12,26,50,1.0,2.0,0
6274,39.97,3,273127.24,8.23,86,45,0.0,0.0,0
6275,6.15,3,562675.68,0.57,0,11,1.0,0.0,1
6276,55.23,2,283683.24,0.0,0,17,2.0,1.5,0
6277,46.38,1,94251.25,0.0,0,33,0.0,0.0,0
6278,43.26,3,315975.62,7.76,7,83,0.0,0.0,0
6279,9.99,2,184791.19,10.18,13,21,0.0,0.0,1
6280,7.4,2,269122.4,8.92,0,0,0.0,0.0,0
6281,24.29,2,257883.91999999998,5.44,48,37,1.0,0.0,0
6282,40.93,1,92272.49,1.27,0,43,0.0,0.0,0
6283,47.86,1,80299.52,5.79,24,0,0.0,0.0,0
6284,54.11,2,176495.47999999998,0.0,0,25,2.0,1.5,0
6285,17.49,3,346479.98,14.440000000000001,94,77,0.0,0.0,0
6286,35.44,1,77834.14,0.0,0,0,0.0,0.0,0
6287,3.02,1,149546.92,9.11,0,4,2.0,1.0,1
6288,36.62,2,276149.89,0.0,16,34,0.0,0.0,0
6289,53.91,1,68169.42,0.0,0,43,0.0,0.0,0
6290,34.35,1,83452.22,0.85,31,0,2.0,1.0,0
6291,24.33,3,284969.04000000004,21.95,48,58,2.0,0.0,0
6292,19.69,1,86875.37,0.0,5,0,1.0,3.0,0
6293,36.03,2,225657.31,0.42,26,19,2.0,3.0,0
6294,64.17,3,452992.06999999995,14.48,21,36,0.0,0.0,0
6295,2.07,2,171233.86,9.75,36,30,1.0,0.0,1
6296,12.92,3,291360.4,2.47,73,0,0.0,0.0,0
6297,38.95,1,121545.46,3.79,0,27,0.0,0.0,0
6298,46.32,1,187895.66,0.0,6,0,1.0,4.0,0
6299,7.89,3,422544.45999999996,5.47,48,22,0.0,0.0,0
6300,54.27,2,295260.04000000004,7.43,29,31,0.0,0.0,0
6301,47.04,1,176297.78,0.0,50,43,0.0,0.0,0
6302,28.93,3,413690.01,9.68,29,46,0.0,0.0,1
6303,59.4,1,122211.16,0.0,0,1,2.0,1.5,0
6304,9.6,2,289343.72,8.78,14,0,2.0,0.5,1
6305,27.74,2,152709.12,13.71,27,10,0.0,0.0,0
6306,59.37,1,95485.49,8.56,37,0,2.0,0.0,0
6307,24.52,2,256737.03,6.1,7,0,0.0,0.0,0
6308,63.74,2,328477.05,5.88,0,34,1.0,0.0,0
6309,58.97,2,262700.57,9.3,0,43,2.0,2.0,1
6310,11.9,1,164786.49,2.27,0,43,2.0,0.0,0
6311,17.13,3,283149.55,0.0,39,78,2.0,0.0,0
6312,47.44,1,107420.25,2.13,0,31,0.0,0.0,0
6313,61.93,3,387851.61,3.52,31,53,2.0,0.0,0
6314,29.98,3,346500.41000000003,13.370000000000001,24,72,1.0,4.0,0
6315,11.18,3,270964.04,12.870000000000001,0,45,0.0,0.0,0
6316,27.25,3,378706.1,0.0,35,58,0.0,0.0,0
6317,62.59,3,452125.26,3.92,50,78,0.0,0.0,0
6318,43.89,3,423236.63,0.0,0,31,2.0,0.0,0
6319,57.3,3,373774.03,10.8,47,0,1.0,5.0,0
6320,3.45,2,277173.36,13.22,0,7,1.0,4.0,0
6321,31.66,3,431265.41000000003,13.36,49,8,0.0,0.0,1
6322,38.13,2,273798.84,5.83,0,0,1.0,0.0,0
6323,19.4,3,326276.65,6.65,58,10,0.0,0.0,0
6324,28.67,2,326919.25,5.9,0,37,0.0,0.0,0
6325,40.07,3,457016.2,7.74,0,72,1.0,2.0,0
6326,62.79,1,181600.98,0.0,15,0,0.0,0.0,0
6327,11.74,3,286369.31,9.94,35,0,1.0,0.0,0
6328,34.85,1,137774.58,4.37,0,16,0.0,0.0,0
6329,0.89,2,139295.0,6.1,5,23,0.0,0.0,0
6330,42.37,3,315289.32,7.86,63,65,0.0,0.0,0
6331,61.08,1,87334.29,0.0,0,28,1.0,2.0,0
6332,7.82,1,193451.2,7.91,0,16,0.0,0.0,1
6333,37.8,1,115206.18,0.0,0,15,1.0,5.0,0
6334,51.25,1,111607.9,5.26,4,0,0.0,0.0,0
6335,39.32,1,161426.03,1.48,43,5,2.0,2.0,0
6336,5.39,2,277226.22,0.0,41,44,1.0,2.0,0
6337,45.73,3,376896.84,0.0,42,0,0.0,0.0,0
6338,36.39,2,294671.91000000003,3.47,30,17,1.0,0.0,0
6339,4.57,3,375430.96,1.89,30,0,0.0,0.0,1
6340,14.37,2,279560.75,3.94,16,0,0.0,0.0,0
6341,20.35,3,283313.12,9.66,0,79,2.0,3.0,0
6342,14.76,3,334075.47,7.28,44,74,1.0,3.0,0
6343,44.05,2,178823.19,1.06,46,2,0.0,0.0,0
6344,12.72,1,54793.04,1.24,0,49,0.0,0.0,0
6345,11.9,3,531265.67,9.75,17,69,0.0,0.0,0
6346,15.45,1,113554.11,5.45,0,0,2.0,1.0,0
6347,28.14,2,170427.78,5.41,33,47,0.0,0.0,0
6348,37.97,1,84487.21,5.54,12,0,0.0,0.0,0
6349,31.85,2,202915.5,4.58,60,28,1.0,5.0,0
6350,57.26,3,320216.06,7.0600000000000005,33,0,1.0,0.0,0
6351,20.94,2,231620.63,0.0,48,0,2.0,4.0,0
6352,44.61,1,90285.1,8.43,2,11,0.0,0.0,1
6353,11.57,1,83620.98,8.35,41,0,1.0,0.0,0
6354,19.46,3,343389.43000000005,8.6,20,75,0.0,0.0,0
6355,62.26,3,439884.69999999995,15.049999999999999,11,69,2.0,0.0,0
6356,15.84,3,491406.97000000003,12.399999999999999,0,78,0.0,0.0,0
6357,28.96,3,402226.19,14.18,44,31,1.0,0.0,0
6358,21.5,2,309649.39,6.49,81,0,2.0,2.5,0
6359,40.07,2,190337.25,2.33,21,8,2.0,0.5,0
6360,27.25,1,73493.21,0.0,32,40,0.0,0.0,0
6361,23.64,2,220130.32,5.22,40,12,0.0,0.0,0
6362,20.64,1,68614.48,0.0,35,34,2.0,0.0,0
6363,55.42,2,182626.71,13.170000000000002,24,47,1.0,1.0,1
6364,32.74,1,135895.63,0.0,0,48,0.0,0.0,0
6365,22.26,1,88771.11,9.09,20,0,2.0,2.0,0
6366,45.13,2,196694.66999999998,6.2299999999999995,0,44,1.0,5.0,0
6367,19.66,3,411565.98,9.8,16,51,2.0,2.5,0
6368,18.51,3,515663.89,3.08,88,0,0.0,0.0,0
6369,3.85,1,171198.67,0.0,0,39,0.0,0.0,0
6370,42.54,2,305539.75,8.21,11,46,2.0,0.5,0
6371,56.97,1,185323.87,3.58,0,32,0.0,0.0,0
6372,49.44,1,131651.23,0.0,0,13,2.0,1.5,1
6373,5.92,1,181221.71,0.0,22,0,2.0,1.5,0
6374,1.48,1,122346.29,0.0,0,39,0.0,0.0,0
6375,14.27,1,176816.26,0.0,0,32,0.0,0.0,0
6376,13.81,1,133385.19,0.0,0,0,0.0,0.0,0
6377,13.71,3,526585.87,0.78,0,68,0.0,0.0,1
6378,40.6,1,178428.09,0.0,47,34,1.0,0.0,0
6379,44.25,2,237642.71000000002,0.0,49,3,0.0,0.0,0
6380,52.14,2,162736.36,9.07,0,33,2.0,0.0,0
6381,49.47,2,282393.72000000003,6.01,19,40,0.0,0.0,0
6382,16.17,3,350673.52,9.379999999999999,35,41,2.0,3.0,1
6383,31.36,2,321837.41,7.869999999999999,56,16,0.0,0.0,0
6384,2.73,1,92942.76,0.0,0,4,0.0,0.0,0
6385,12.0,3,229819.72,10.940000000000001,46,75,2.0,2.0,0
6386,58.81,2,273130.75,1.95,4,21,1.0,1.0,1
6387,2.14,1,187434.28,2.07,0,0,1.0,4.0,0
6388,58.12,3,330893.25,8.030000000000001,41,92,1.0,0.0,0
6389,50.2,1,189934.83,1.57,25,26,0.0,0.0,1
6390,11.8,3,423891.91000000003,7.26,40,0,0.0,0.0,0
6391,17.92,2,338216.19,1.97,63,23,0.0,0.0,1
6392,7.26,2,316552.58999999997,0.0,32,0,0.0,0.0,0
6393,20.87,1,123251.79,0.0,42,0,1.0,0.0,0
6394,15.42,2,203833.21000000002,5.28,14,0,0.0,0.0,0
6395,0.49,3,305478.31,5.73,69,53,1.0,0.0,0
6396,46.58,2,175999.22,10.0,30,17,1.0,4.0,0
6397,35.04,1,133025.04,7.89,13,37,2.0,4.0,0
6398,25.15,1,172672.11,7.8,0,29,0.0,0.0,0
6399,15.88,2,299773.51,0.0,47,22,0.0,0.0,1
6400,25.67,3,362979.4,19.35,54,43,0.0,0.0,1
6401,34.48,1,112116.56,0.0,0,16,2.0,0.0,0
6402,53.16,3,426005.66000000003,6.91,16,33,0.0,0.0,1
6403,15.61,1,199366.05,0.0,0,33,0.0,0.0,0
6404,26.99,1,83232.09,2.91,9,19,2.0,0.0,0
6405,5.79,1,121291.14,0.0,0,43,2.0,2.5,0
6406,54.21,1,176035.03,0.0,0,0,0.0,0.0,0
6407,4.11,1,173970.49,2.8,0,0,1.0,0.0,1
6408,18.77,1,97278.88,2.47,19,40,2.0,0.0,1
6409,59.99,2,283832.61,1.29,2,25,0.0,0.0,1
6410,51.18,3,381937.26999999996,11.530000000000001,32,52,0.0,0.0,0
6411,26.59,2,270909.68,13.89,57,25,0.0,0.0,0
6412,38.53,3,254140.63,18.29,71,48,0.0,0.0,0
6413,2.76,2,267056.07,0.0,26,0,2.0,0.5,0
6414,21.66,3,373441.3,8.21,39,44,2.0,2.0,0
6415,19.92,2,239137.0,0.0,50,41,1.0,0.0,0
6416,36.75,1,153906.83,0.82,19,0,1.0,3.0,1
6417,51.81,2,212730.13,2.73,29,33,1.0,5.0,1
6418,32.22,1,91002.11,0.0,28,0,0.0,0.0,0
6419,38.0,3,274777.13,8.83,64,50,0.0,0.0,1
6420,5.16,1,79116.67,9.45,0,15,2.0,0.5,0
6421,2.5,2,192668.62,5.88,0,91,2.0,0.5,0
6422,19.0,3,274694.58,13.16,25,5,0.0,0.0,1
6423,50.0,3,348060.42,3.5,66,40,2.0,2.5,1
6424,45.56,3,336144.16000000003,6.45,14,7,2.0,3.5,0
6425,2.4,1,80209.28,3.92,0,0,0.0,0.0,1
6426,17.36,2,249981.47999999998,11.48,32,32,0.0,0.0,0
6427,34.16,3,290614.55,1.03,3,49,2.0,1.5,1
6428,16.07,1,116970.25,0.0,0,0,1.0,0.0,0
6429,31.16,1,129239.14,3.28,0,6,0.0,0.0,0
6430,62.33,3,329381.0,0.0,49,65,1.0,2.0,0
6431,28.93,2,295543.73,0.0,0,49,1.0,0.0,1
6432,40.01,2,219633.49,0.0,0,43,2.0,3.5,0
6433,14.2,1,194568.84,0.0,0,0,1.0,0.0,1
6434,56.8,3,421143.16000000003,3.66,42,29,0.0,0.0,0
6435,41.45,3,369838.6,11.73,54,46,1.0,0.0,0
6436,5.39,3,366837.07,4.54,58,71,1.0,0.0,0
6437,20.81,2,293722.44,7.34,0,32,2.0,1.0,0
6438,59.11,3,342934.26,2.34,13,15,1.0,0.0,0
6439,17.85,2,240990.28,7.03,64,0,0.0,0.0,0
6440,15.15,2,331903.06999999995,0.0,33,24,1.0,4.0,0
6441,27.65,2,255848.72,8.18,0,39,0.0,0.0,0
6442,21.17,3,426544.11,17.990000000000002,11,49,2.0,2.0,0
6443,44.71,1,153340.51,0.0,15,0,0.0,0.0,0
6444,35.11,3,389459.37,14.219999999999999,83,50,0.0,0.0,0
6445,46.35,1,57687.92,0.0,0,0,0.0,0.0,1
6446,55.65,1,114210.8,4.48,28,5,1.0,2.0,0
6447,36.55,2,223191.65000000002,6.34,18,0,1.0,0.0,0
6448,60.45,1,195110.87,0.0,43,45,1.0,2.0,0
6449,44.64,3,411404.84,8.05,67,74,0.0,0.0,0
6450,3.75,2,219071.5,12.34,0,28,0.0,0.0,0
6451,30.14,3,393091.35000000003,0.0,0,10,2.0,0.5,1
6452,5.29,3,428822.48,8.46,16,14,0.0,0.0,0
6453,63.38,2,250154.1,5.08,54,50,1.0,1.0,0
6454,58.38,1,192513.62,9.09,0,0,1.0,2.0,0
6455,38.2,1,130344.26,0.0,39,0,0.0,0.0,0
6456,33.86,3,320177.04,11.52,0,73,1.0,5.0,0
6457,22.58,3,409325.25,9.24,107,14,1.0,2.0,0
6458,61.18,2,277289.88,7.97,43,26,2.0,0.0,0
6459,31.43,1,177061.93,6.8,40,48,0.0,0.0,0
6460,9.17,3,288527.56,12.17,37,87,0.0,0.0,0
6461,5.95,2,357347.69,4.07,5,41,2.0,3.0,0
6462,12.98,1,131157.16,0.0,46,43,1.0,0.0,0
6463,40.89,2,222181.16,0.0,3,46,2.0,0.0,0
6464,10.26,2,157552.72999999998,0.19,12,0,0.0,0.0,0
6465,45.96,1,58764.22,7.29,25,35,0.0,0.0,1
6466,28.7,2,241899.1,9.219999999999999,34,10,2.0,1.5,0
6467,52.17,3,487800.14,10.45,63,0,2.0,2.5,0
6468,36.06,1,126625.81,4.03,14,26,1.0,0.0,0
6469,55.06,3,291228.31999999995,0.0,38,5,1.0,0.0,0
6470,29.16,1,173570.11,3.75,13,30,2.0,0.0,1
6471,58.05,3,342838.49,10.52,62,48,0.0,0.0,0
6472,45.63,3,312397.71,11.780000000000001,52,48,1.0,0.0,0
6473,15.61,3,414524.11,6.89,51,65,2.0,0.0,0
6474,24.65,1,132515.04,0.0,46,17,0.0,0.0,0
6475,4.6,3,353015.78,3.65,68,38,0.0,0.0,0
6476,38.13,2,239031.48,10.14,3,0,1.0,4.0,0
6477,4.08,3,466444.07,6.51,22,0,0.0,0.0,0
6478,15.12,1,109667.32,0.0,49,39,1.0,5.0,0
6479,7.86,1,70764.32,3.89,0,26,0.0,0.0,0
6480,32.77,3,346871.45,14.99,0,41,0.0,0.0,0
6481,44.15,2,295111.07,0.0,0,11,0.0,0.0,0
6482,46.15,1,146251.69,0.0,36,24,0.0,0.0,1
6483,12.62,1,89021.69,8.79,37,0,1.0,5.0,0
6484,46.02,2,196299.44,0.0,62,72,0.0,0.0,0
6485,1.58,2,274215.72,3.54,6,75,2.0,0.5,0
6486,19.26,3,452957.37,10.93,37,15,2.0,4.5,0
6487,38.4,1,184727.74,0.0,26,0,0.0,0.0,0
6488,17.55,3,339103.29,3.28,39,20,0.0,0.0,0
6489,46.19,1,183773.53,3.36,27,49,1.0,0.0,1
6490,0.49,2,309632.75,7.92,0,28,0.0,0.0,0
6491,11.54,2,250893.14,8.68,25,55,0.0,0.0,0
6492,48.65,1,77298.12,7.89,0,0,2.0,0.0,0
6493,56.94,2,290584.4,9.15,0,14,1.0,5.0,0
6494,41.19,3,424784.73000000004,7.24,75,0,1.0,5.0,0
6495,57.89,3,381084.14,1.47,0,0,2.0,4.0,0
6496,41.35,2,301904.47,0.0,56,89,0.0,0.0,0
6497,27.42,1,196356.26,3.89,0,35,0.0,0.0,0
6498,14.53,3,460706.46,12.24,15,37,1.0,1.0,0
6499,55.88,3,384217.37,9.37,0,32,0.0,0.0,0
6500,36.36,1,56564.97,4.14,3,0,0.0,0.0,0
6501,5.29,3,272392.07,3.02,41,59,0.0,0.0,0
6502,46.19,3,424000.01,6.12,60,57,1.0,0.0,0
6503,53.98,2,243998.27,0.0,40,34,1.0,2.0,0
6504,2.66,3,267841.19,6.15,0,45,2.0,2.5,0
6505,30.64,3,277004.64,11.58,32,15,2.0,2.0,0
6506,37.54,1,165239.8,3.68,45,44,1.0,2.0,0
6507,62.0,3,391892.48000000004,4.14,76,50,1.0,0.0,1
6508,13.81,1,73866.79,0.15,0,0,2.0,2.5,0
6509,22.09,3,467883.87,1.8,46,0,2.0,2.0,0
6510,33.04,2,225887.53000000003,6.49,0,1,0.0,0.0,0
6511,63.77,3,213256.37,6.99,17,14,1.0,4.0,0
6512,48.13,1,88673.74,2.51,25,0,0.0,0.0,0
6513,57.82,2,222752.87,0.0,44,34,0.0,0.0,0
6514,55.59,2,186853.66999999998,2.7,38,46,0.0,0.0,0
6515,24.75,1,170138.74,3.76,0,6,0.0,0.0,0
6516,11.57,1,141477.18,0.0,0,4,2.0,1.0,0
6517,15.15,1,157663.74,0.89,0,33,0.0,0.0,0
6518,63.21,1,72294.5,0.0,0,0,0.0,0.0,0
6519,62.62,3,249542.43,4.59,20,0,2.0,1.5,0
6520,41.29,2,303225.33,5.35,10,0,2.0,0.0,1
6521,58.02,2,312000.14,0.0,0,0,0.0,0.0,0
6522,28.76,3,402966.78,0.0,23,0,0.0,0.0,0
6523,29.06,1,178660.25,5.88,0,4,0.0,0.0,1
6524,52.56,3,383225.12,0.0,91,21,0.0,0.0,0
6525,25.87,1,76171.89,0.0,0,0,0.0,0.0,1
6526,53.75,1,104261.93,0.0,16,28,0.0,0.0,0
6527,49.61,2,295689.05,5.27,44,9,0.0,0.0,0
6528,9.4,1,157036.11,4.65,28,0,2.0,1.5,0
6529,38.26,2,195625.03999999998,0.0,87,0,0.0,0.0,0
6530,26.69,3,434216.28,10.1,12,37,2.0,1.5,0
6531,64.3,2,162425.94,8.690000000000001,48,34,1.0,2.0,0
6532,28.83,2,232249.15999999997,9.89,0,29,0.0,0.0,0
6533,26.43,1,69349.1,8.17,0,24,0.0,0.0,0
6534,34.29,1,72355.83,0.0,0,0,0.0,0.0,0
6535,40.34,3,298897.76,3.53,0,0,1.0,0.0,1
6536,38.0,2,348198.41000000003,5.05,25,70,0.0,0.0,0
6537,7.13,2,222900.11,0.0,26,32,0.0,0.0,0
6538,28.11,3,324989.52,6.11,22,0,0.0,0.0,0
6539,59.5,3,299957.98,3.18,38,0,0.0,0.0,0
6540,63.02,2,168904.39,7.78,0,20,0.0,0.0,0
6541,42.41,1,197956.29,7.44,22,0,1.0,3.0,0
6542,19.1,2,217978.85,0.0,11,26,1.0,0.0,0
6543,37.34,2,284371.38,0.0,45,15,2.0,0.0,0
6544,28.4,1,155027.79,0.0,0,0,0.0,0.0,0
6545,4.04,2,223414.53,17.11,66,28,2.0,2.5,0
6546,37.08,3,260847.5,13.32,33,0,2.0,2.5,0
6547,3.16,2,207886.06,0.0,14,57,1.0,1.0,1
6548,62.2,1,133381.3,0.0,8,0,2.0,2.5,0
6549,64.04,2,265539.91000000003,0.56,55,85,2.0,0.0,0
6550,51.81,3,502972.23,0.0,65,29,0.0,0.0,0
6551,35.44,3,301170.48,9.41,42,41,1.0,3.0,0
6552,58.81,3,432789.49,0.0,56,9,1.0,5.0,0
6553,45.69,1,88520.35,0.0,0,0,1.0,5.0,0
6554,56.41,1,79658.39,0.0,39,0,0.0,0.0,0
6555,24.19,3,277888.08,8.350000000000001,7,16,0.0,0.0,1
6556,9.43,1,182260.2,8.73,31,0,0.0,0.0,1
6557,22.95,1,71491.54,0.0,3,0,1.0,0.0,0
6558,31.59,2,210748.53,9.760000000000002,36,26,2.0,3.0,0
6559,62.69,3,325877.66000000003,10.459999999999999,70,0,0.0,0.0,0
6560,16.27,2,208704.34,4.7,32,12,2.0,0.0,0
6561,62.39,1,115601.91,0.0,0,0,0.0,0.0,0
6562,4.73,3,395602.83999999997,9.94,52,67,0.0,0.0,1
6563,4.64,3,419498.76,0.0,56,71,1.0,0.0,0
6564,49.74,2,227154.19,6.26,55,4,1.0,0.0,0
6565,28.6,1,155202.77,0.0,0,33,2.0,2.5,1
6566,60.98,1,188679.52,0.0,0,0,0.0,0.0,0
6567,60.19,1,160696.67,0.0,0,0,0.0,0.0,0
6568,62.36,2,348245.63,9.51,0,14,1.0,0.0,0
6569,46.75,2,259618.16999999998,10.190000000000001,34,5,0.0,0.0,0
6570,13.02,3,353372.25,9.14,50,40,2.0,1.5,0
6571,64.1,1,166514.3,0.0,13,8,0.0,0.0,1
6572,26.73,1,79244.52,0.61,3,26,2.0,2.5,0
6573,40.66,1,121574.13,4.36,0,26,2.0,1.5,0
6574,17.69,2,248995.5,17.83,26,22,0.0,0.0,1
6575,12.82,2,240164.11,8.98,53,45,2.0,2.5,0
6576,0.13,3,485359.9,0.0,33,58,2.0,0.0,0
6577,38.86,1,169502.37,9.28,16,49,2.0,2.5,0
6578,22.16,2,193156.0,9.54,19,43,2.0,1.5,0
6579,11.31,3,409821.33999999997,2.4299999999999997,51,0,0.0,0.0,0
6580,58.45,1,156887.68,8.53,0,4,2.0,0.0,0
6581,26.36,1,126292.13,7.8,34,0,0.0,0.0,0
6582,6.67,3,447847.32000000007,0.0,26,21,2.0,0.5,0
6583,33.37,2,235257.74,9.129999999999999,16,50,0.0,0.0,0
6584,62.82,3,340251.33,0.0,51,3,1.0,0.0,0
6585,1.15,2,239153.97999999998,11.2,45,45,2.0,0.0,1
6586,13.05,2,276082.3,0.0,31,57,1.0,2.0,0
6587,46.91,2,309736.48,0.0,15,22,2.0,1.5,0
6588,28.6,3,443275.92000000004,3.45,75,0,1.0,0.0,0
6589,3.58,1,175747.36,0.0,0,27,2.0,1.5,0
6590,4.24,2,356327.11,6.21,0,22,2.0,0.0,0
6591,15.32,2,371296.32999999996,5.03,48,22,2.0,2.5,0
6592,45.33,2,264278.2,1.48,17,41,2.0,4.0,0
6593,57.59,1,184490.32,4.23,0,0,2.0,3.5,0
6594,3.48,1,166922.13,0.0,0,6,2.0,1.0,0
6595,50.66,1,118666.83,2.72,0,8,2.0,4.5,0
6596,34.22,1,171462.86,0.0,3,0,1.0,3.0,0
6597,46.06,3,289380.74,3.9,11,7,0.0,0.0,0
6598,12.89,2,228356.32,5.17,14,11,0.0,0.0,1
6599,7.0,2,138167.62,3.66,0,32,2.0,3.0,0
6600,10.72,3,335530.16000000003,5.88,0,54,0.0,0.0,0
6601,28.86,2,215375.63,1.38,58,28,2.0,0.0,0
6602,5.16,1,135733.98,0.0,42,0,0.0,0.0,1
6603,48.06,1,106261.36,4.5,0,15,2.0,2.5,0
6604,12.62,1,141187.39,0.0,48,34,2.0,3.0,0
6605,38.33,3,284913.32,4.06,48,69,1.0,4.0,0
6606,56.71,1,85749.64,0.0,16,0,2.0,2.5,0
6607,27.74,1,99740.26,0.0,0,0,0.0,0.0,0
6608,62.49,3,477370.15,16.29,49,34,0.0,0.0,1
6609,43.0,3,334129.95,22.299999999999997,9,0,0.0,0.0,0
6610,24.29,2,197809.09,5.57,9,61,0.0,0.0,0
6611,10.16,3,431174.94,19.83,15,47,1.0,1.0,0
6612,3.02,2,260468.1,6.4,0,0,0.0,0.0,0
6613,17.82,2,214544.03999999998,8.67,57,28,0.0,0.0,0
6614,1.78,2,337935.95999999996,0.0,39,50,2.0,1.0,0
6615,63.84,1,77813.7,2.78,0,0,0.0,0.0,0
6616,42.24,3,409694.31,4.37,75,11,0.0,0.0,0
6617,42.54,2,210180.68,0.3,47,33,2.0,0.0,0
6618,54.31,3,360989.05,0.23,47,22,2.0,1.5,0
6619,60.42,2,168451.28,0.0,45,35,1.0,1.0,0
6620,35.01,2,299800.94,6.949999999999999,0,0,2.0,2.5,0
6621,58.15,2,170685.89,2.32,0,7,2.0,3.0,1
6622,54.96,3,340606.18,0.0,31,26,2.0,1.5,0
6623,28.47,3,302195.09,2.66,26,43,1.0,5.0,0
6624,40.01,1,118939.49,1.43,10,0,0.0,0.0,0
6625,48.09,3,225302.99,9.38,5,23,0.0,0.0,1
6626,19.99,3,477504.19,6.99,0,39,2.0,2.5,1
6627,37.34,3,378601.49,0.25,95,73,1.0,0.0,1
6628,9.76,2,193333.44,1.02,37,0,0.0,0.0,0
6629,60.26,2,240611.84000000003,9.8,0,48,1.0,0.0,0
6630,32.54,3,436334.82999999996,19.39,4,35,0.0,0.0,0
6631,7.73,2,258680.62,8.29,7,6,1.0,1.0,0
6632,43.85,2,296066.85,8.31,39,0,1.0,2.0,0
6633,61.08,2,229502.38,0.0,0,17,1.0,0.0,1
6634,40.24,1,114555.63,0.0,2,15,1.0,5.0,0
6635,27.68,1,196453.09,0.0,0,0,0.0,0.0,0
6636,26.33,2,302448.5,2.07,32,0,0.0,0.0,0
6637,38.49,2,278631.89,5.58,53,13,0.0,0.0,0
6638,39.18,1,191080.9,6.74,33,0,1.0,0.0,0
6639,40.27,3,275288.56,0.55,43,130,1.0,2.0,0
6640,41.52,2,278234.69999999995,0.0,12,20,0.0,0.0,1
6641,46.48,1,159875.35,0.0,50,0,1.0,0.0,0
6642,39.51,1,116297.31,6.9,0,41,0.0,0.0,0
6643,46.32,3,261709.33000000002,10.530000000000001,73,37,2.0,0.0,1
6644,50.95,3,347687.81,0.17,94,47,0.0,0.0,0
6645,59.01,3,290124.23,15.719999999999999,27,78,2.0,2.5,0
6646,16.83,2,244785.82,4.52,0,44,0.0,0.0,0
6647,32.58,2,154991.12,4.81,43,41,0.0,0.0,0
6648,20.68,2,290828.8,7.38,7,24,0.0,0.0,1
6649,50.46,3,363225.22,16.43,0,4,2.0,2.0,0
6650,26.99,1,191639.17,0.0,18,0,1.0,0.0,0
6651,33.93,1,140399.2,0.34,36,0,0.0,0.0,1
6652,62.69,3,409233.81,15.870000000000001,0,13,2.0,2.5,0
6653,21.83,1,154145.85,0.0,10,0,1.0,0.0,0
6654,14.37,2,343822.24,1.16,35,18,0.0,0.0,0
6655,7.2,1,71436.42,0.36,0,50,0.0,0.0,0
6656,44.71,2,325053.15,0.0,0,44,2.0,1.5,0
6657,51.61,3,262358.93,3.39,29,29,1.0,0.0,0
6658,4.6,2,148952.29,1.0,0,22,1.0,0.0,0
6659,32.28,3,371577.67,8.51,45,44,2.0,1.0,1
6660,58.71,1,157386.73,0.56,48,26,2.0,3.5,1
6661,59.53,3,282455.2,9.96,0,8,2.0,3.5,0
6662,53.29,2,238606.01,0.0,47,0,0.0,0.0,0
6663,23.47,3,425204.74,8.71,10,0,2.0,0.0,0
6664,19.49,3,529683.03,8.33,50,87,0.0,0.0,0
6665,48.59,1,181862.62,2.69,0,49,2.0,1.0,0
6666,44.35,3,258745.38999999998,8.5,49,0,0.0,0.0,0
6667,18.67,3,328234.82,15.83,82,104,2.0,2.0,0
6668,28.6,3,304017.2,18.650000000000002,12,33,2.0,3.0,0
6669,2.76,1,66908.28,4.06,8,0,0.0,0.0,0
6670,55.42,1,112462.08,0.0,0,6,0.0,0.0,0
6671,64.5,1,171498.02,0.0,0,23,2.0,1.0,0
6672,21.86,1,173207.17,0.0,41,2,0.0,0.0,0
6673,47.27,3,489887.97,19.47,28,42,2.0,3.0,0
6674,10.29,2,143342.71,4.67,31,0,2.0,1.5,1
6675,2.3,1,85298.35,5.13,41,0,1.0,0.0,0
6676,33.86,1,168448.79,1.82,24,0,1.0,4.0,0
6677,37.31,1,80348.05,6.89,40,18,1.0,5.0,0
6678,8.97,2,362800.07999999996,0.0,32,6,0.0,0.0,0
6679,15.91,1,59888.3,6.58,10,0,0.0,0.0,0
6680,2.6,1,140225.6,0.0,18,47,1.0,0.0,0
6681,58.68,2,349199.98,0.0,50,61,0.0,0.0,0
6682,15.15,2,379892.42,7.07,7,47,0.0,0.0,0
6683,6.8,1,90208.26,7.73,18,0,0.0,0.0,0
6684,38.23,1,185229.81,1.92,0,30,0.0,0.0,0
6685,46.38,3,403952.27,13.9,42,90,1.0,0.0,0
6686,46.45,1,135460.06,0.0,32,44,1.0,0.0,0
6687,55.1,1,75710.47,3.93,0,38,0.0,0.0,0
6688,52.53,2,270717.89999999997,8.75,1,46,1.0,3.0,0
6689,39.88,1,83443.27,0.0,21,30,1.0,0.0,0
6690,20.97,1,189863.89,0.0,6,0,0.0,0.0,0
6691,34.75,2,250366.25,4.4,0,0,2.0,0.5,0
6692,57.23,1,94601.22,0.0,0,0,0.0,0.0,0
6693,52.66,2,294988.3,16.87,0,40,0.0,0.0,0
6694,64.37,2,228223.65000000002,6.55,0,20,0.0,0.0,0
6695,9.34,2,270199.29,7.59,20,46,0.0,0.0,0
6696,44.28,2,235230.06,8.96,0,2,2.0,0.0,0
6697,16.44,3,384978.87,26.18,22,17,2.0,1.5,0
6698,44.35,3,412207.05,4.93,0,37,0.0,0.0,0
6699,4.93,3,385609.36,15.969999999999999,0,111,1.0,0.0,0
6700,19.53,3,400218.39999999997,9.26,49,111,1.0,0.0,0
6701,38.56,3,417735.75,8.1,40,37,2.0,0.5,0
6702,26.76,2,260550.63,4.5,13,48,2.0,0.0,0
6703,21.99,1,198694.67,8.67,31,35,0.0,0.0,0
6704,3.35,3,422431.19999999995,0.0,32,70,1.0,0.0,0
6705,3.62,2,250982.76,0.0,57,9,1.0,0.0,0
6706,46.15,3,223261.67,0.0,15,89,0.0,0.0,0
6707,59.73,3,327875.5,4.24,36,44,0.0,0.0,0
6708,7.79,3,364137.85,9.54,0,3,0.0,0.0,1
6709,25.31,1,155861.98,1.56,0,42,1.0,4.0,0
6710,60.29,3,414404.27,0.0,46,28,1.0,3.0,1
6711,54.83,2,214749.2,1.1,0,6,0.0,0.0,0
6712,26.07,1,139578.88,9.14,0,0,0.0,0.0,1
6713,58.45,3,378641.76,10.129999999999999,31,32,0.0,0.0,0
6714,59.86,3,335946.44999999995,8.92,71,0,0.0,0.0,0
6715,21.89,2,237518.58,0.0,0,36,2.0,1.5,0
6716,31.62,3,263311.24,7.11,38,0,1.0,1.0,0
6717,30.21,1,186652.51,4.56,0,0,0.0,0.0,0
6718,17.09,1,117801.03,0.0,46,27,1.0,0.0,1
6719,5.29,3,478507.89,5.75,92,3,2.0,0.5,0
6720,2.93,3,383170.6,3.51,2,35,1.0,4.0,0
6721,60.49,3,398648.77,24.32,82,75,2.0,1.5,0
6722,44.84,3,398924.62,0.0,0,50,1.0,5.0,0
6723,1.51,1,118963.3,0.0,36,5,1.0,0.0,0
6724,35.37,2,286418.13,7.22,0,0,0.0,0.0,0
6725,61.18,3,254501.31,7.61,32,21,0.0,0.0,0
6726,59.2,3,470783.45999999996,6.61,62,27,1.0,0.0,1
6727,30.77,2,238942.85,6.359999999999999,35,23,1.0,4.0,0
6728,35.27,1,100896.03,0.0,0,0,0.0,0.0,0
6729,29.52,1,70775.52,0.0,0,0,0.0,0.0,0
6730,45.79,2,203007.71,8.34,19,23,0.0,0.0,0
6731,30.57,2,229286.22,12.58,42,41,2.0,0.0,0
6732,61.18,1,127412.75,0.0,26,20,0.0,0.0,0
6733,48.59,2,218563.9,0.0,16,3,2.0,0.0,1
6734,59.3,3,380580.70999999996,1.45,52,55,2.0,0.5,0
6735,25.15,2,297528.84,0.0,20,0,0.0,0.0,0
6736,47.34,2,214369.02000000002,5.69,0,45,2.0,2.5,0
6737,34.94,1,134264.34,5.48,36,0,0.0,0.0,1
6738,8.15,1,101470.66,3.39,0,14,0.0,0.0,0
6739,48.19,2,392654.18,9.46,70,54,1.0,0.0,0
6740,44.12,2,252073.62,0.0,14,50,2.0,0.5,0
6741,12.2,1,64791.89,3.34,0,0,0.0,0.0,0
6742,43.46,3,398061.82,1.85,40,42,0.0,0.0,0
6743,18.57,1,139840.87,0.0,0,0,2.0,2.0,0
6744,28.21,3,367462.95999999996,5.180000000000001,73,0,0.0,0.0,1
6745,56.18,2,299493.1,1.21,29,24,2.0,2.0,0
6746,59.93,2,341683.85,9.98,12,84,0.0,0.0,0
6747,57.36,2,266858.36,2.54,12,0,0.0,0.0,0
6748,29.42,1,54324.39,3.6,0,9,1.0,0.0,1
6749,6.48,3,392620.42,4.67,54,48,1.0,0.0,0
6750,25.58,2,286127.56,18.23,36,47,2.0,2.5,0
6751,33.6,1,109582.42,1.91,49,44,2.0,5.0,0
6752,54.7,1,180772.97,6.85,4,36,2.0,0.0,0
6753,38.72,2,166885.71,9.6,28,0,0.0,0.0,0
6754,49.7,2,275414.88,0.0,0,0,0.0,0.0,0
6755,57.73,1,160030.42,4.86,0,26,1.0,3.0,0
6756,39.61,3,432053.29000000004,9.71,70,74,0.0,0.0,1
6757,28.53,3,336263.74,14.17,36,63,0.0,0.0,0
6758,0.26,1,162769.58,5.88,40,8,2.0,1.0,0
6759,25.25,3,280068.0,3.46,43,32,0.0,0.0,0
6760,10.72,3,384727.56,0.0,8,40,0.0,0.0,0
6761,8.91,2,212156.83000000002,0.0,0,40,0.0,0.0,0
6762,26.86,3,415696.08,9.3,75,0,0.0,0.0,0
6763,60.49,1,53537.06,7.53,30,0,0.0,0.0,0
6764,64.53,3,232941.06,10.53,0,17,1.0,0.0,0
6765,4.5,1,53648.76,0.9,26,9,2.0,4.0,0
6766,44.18,3,442000.64,6.92,50,35,0.0,0.0,0
6767,1.64,2,315514.02,11.1,0,5,1.0,4.0,0
6768,29.16,1,112879.05,0.0,0,8,0.0,0.0,0
6769,32.05,3,431310.92,11.629999999999999,0,75,1.0,0.0,0
6770,3.35,3,328924.82,4.62,0,46,2.0,1.0,0
6771,29.59,2,230525.94,0.0,0,8,0.0,0.0,0
6772,41.45,2,365390.65,7.61,14,83,1.0,0.0,0
6773,25.08,1,53794.29,0.0,50,14,2.0,0.0,0
6774,53.19,1,153264.86,0.15,0,0,0.0,0.0,0
6775,55.1,3,303810.74,1.0,28,0,1.0,2.0,1
6776,11.57,3,483988.63,15.33,59,97,1.0,0.0,0
6777,21.07,3,298099.12,0.0,7,53,2.0,2.0,0
6778,37.51,2,265243.25,0.0,0,70,2.0,2.0,1
6779,35.93,3,389563.2,4.77,13,45,0.0,0.0,1
6780,22.75,3,407167.84,7.430000000000001,22,17,0.0,0.0,1
6781,10.91,3,307134.47,10.6,10,56,1.0,0.0,0
6782,37.8,1,194448.53,2.88,1,0,0.0,0.0,0
6783,53.58,2,260932.18,3.84,0,26,0.0,0.0,0
6784,47.34,3,526070.27,15.129999999999999,90,60,2.0,1.0,0
6785,53.62,3,455125.02,0.0,48,63,1.0,5.0,0
6786,22.75,1,139783.0,1.22,0,34,2.0,0.5,0
6787,50.07,1,59149.63,0.57,0,0,0.0,0.0,0
6788,35.04,3,470362.95,22.240000000000002,12,43,2.0,1.0,0
6789,36.26,1,74158.05,0.0,46,22,1.0,5.0,1
6790,60.75,2,312957.78,9.54,4,35,0.0,0.0,0
6791,41.12,2,360225.62,8.1,32,24,0.0,0.0,1
6792,10.19,2,310327.46,6.91,70,35,2.0,3.0,0
6793,40.14,2,128722.19,4.1,46,70,2.0,0.0,0
6794,55.92,1,131732.17,5.0,47,43,1.0,5.0,0
6795,64.5,1,146372.73,6.25,32,0,1.0,0.0,0
6796,19.49,3,284935.19,0.0,28,34,0.0,0.0,0
6797,19.03,1,119018.72,0.51,30,0,0.0,0.0,1
6798,4.14,3,372148.58,16.8,0,128,0.0,0.0,1
6799,35.27,2,190314.55,5.33,79,59,2.0,0.0,0
6800,61.54,2,219258.55,10.76,20,47,1.0,3.0,0
6801,42.8,1,182507.93,0.63,0,38,2.0,1.5,0
6802,45.13,1,124728.76,6.18,0,24,0.0,0.0,0
6803,30.34,1,134492.45,0.0,50,0,1.0,3.0,0
6804,5.75,2,144899.96,8.77,51,47,0.0,0.0,0
6805,58.42,3,398104.98,0.0,74,56,0.0,0.0,0
6806,5.26,3,369250.70999999996,11.55,93,4,0.0,0.0,0
6807,37.57,2,209440.33000000002,13.569999999999999,0,0,0.0,0.0,0
6808,58.02,2,295271.79000000004,0.0,0,0,2.0,0.5,0
6809,11.37,1,138716.34,7.45,0,0,0.0,0.0,0
6810,10.06,2,304558.01,6.39,1,14,0.0,0.0,0
6811,31.3,1,87136.74,8.25,0,0,0.0,0.0,0
6812,24.36,1,128859.32,0.0,28,0,2.0,0.5,0
6813,5.79,2,280163.47,0.0,0,90,0.0,0.0,0
6814,61.24,1,196143.51,0.0,17,16,2.0,3.0,1
6815,59.5,3,317466.94,7.37,81,25,2.0,2.5,0
6816,52.6,2,165658.03,2.16,19,45,1.0,0.0,0
6817,47.44,2,214677.64,4.68,37,0,1.0,0.0,0
6818,36.13,1,84228.06,1.57,23,11,0.0,0.0,0
6819,4.57,2,315104.76,1.29,23,46,0.0,0.0,0
6820,29.62,3,476091.94999999995,8.9,74,137,2.0,1.5,0
6821,25.64,2,167917.56,3.49,33,12,0.0,0.0,0
6822,42.97,3,358490.8,0.0,52,10,2.0,0.0,0
6823,38.99,1,54712.46,0.0,45,0,2.0,4.5,0
6824,18.08,1,68427.81,1.3,18,44,0.0,0.0,0
6825,39.15,3,361798.95,13.93,25,36,0.0,0.0,0
6826,23.67,2,185944.3,9.14,19,16,0.0,0.0,0
6827,3.12,3,303902.06,10.010000000000002,68,8,0.0,0.0,0
6828,50.85,3,251406.81,0.52,70,68,0.0,0.0,0
6829,17.72,3,331619.35,3.55,85,17,0.0,0.0,0
6830,8.25,3,404683.25,4.41,2,0,1.0,1.0,1
6831,43.23,2,235397.79,0.0,0,50,1.0,2.0,0
6832,35.44,3,365611.53,9.72,87,37,0.0,0.0,0
6833,12.85,1,153351.72,0.0,0,0,0.0,0.0,1
6834,41.26,3,291177.13,9.77,82,10,2.0,1.5,0
6835,57.17,2,172150.63,5.01,14,12,2.0,1.5,0
6836,18.93,1,163003.63,0.0,11,42,1.0,2.0,0
6837,37.34,3,312958.21,3.7,22,51,0.0,0.0,1
6838,5.06,2,161379.34000000003,1.01,41,5,1.0,0.0,0
6839,44.28,3,352418.31,4.9,0,43,0.0,0.0,0
6840,21.1,1,174553.73,9.01,0,0,0.0,0.0,0
6841,24.42,1,140422.73,6.85,0,0,0.0,0.0,0
6842,2.73,1,137307.89,0.0,0,0,1.0,0.0,0
6843,5.98,1,197710.1,0.0,0,24,0.0,0.0,1
6844,16.86,1,57556.33,5.32,0,0,0.0,0.0,1
6845,1.41,2,125879.53,5.05,91,6,0.0,0.0,0
6846,29.55,1,74217.3,0.0,0,0,0.0,0.0,0
6847,19.66,2,392821.03,0.0,0,76,0.0,0.0,0
6848,36.46,1,154835.41,9.15,38,40,0.0,0.0,0
6849,42.5,2,242654.22,8.84,47,44,2.0,0.0,0
6850,48.65,1,180667.91,0.0,0,0,0.0,0.0,0
6851,35.27,3,400368.22,0.59,26,3,1.0,0.0,0
6852,34.16,1,68431.35,0.0,0,0,0.0,0.0,0
6853,15.02,2,329233.08,3.46,0,18,2.0,2.5,0
6854,23.7,3,447021.37,0.0,40,32,2.0,0.0,0
6855,9.7,3,462681.66000000003,9.93,41,68,0.0,0.0,0
6856,11.83,3,461012.28,15.46,31,3,2.0,0.0,0
6857,19.86,1,178861.18,8.8,0,9,1.0,0.0,0
6858,37.61,3,272643.07,4.17,40,16,2.0,0.0,0
6859,12.0,2,358752.63,0.0,4,8,0.0,0.0,0
6860,62.56,3,238245.37,14.07,25,65,2.0,3.5,0
6861,46.78,2,250960.93,5.5,35,0,0.0,0.0,0
6862,52.2,2,131516.08,12.059999999999999,0,60,1.0,0.0,0
6863,17.0,3,247944.37,3.01,32,46,0.0,0.0,0
6864,52.99,1,186850.91,0.0,0,8,1.0,2.0,0
6865,61.97,1,119975.26,6.73,0,0,2.0,0.0,0
6866,60.32,1,77903.29,0.0,47,0,2.0,1.5,0
6867,29.88,3,300560.69,18.060000000000002,0,33,2.0,2.5,0
6868,15.52,2,299472.36,7.38,0,47,1.0,0.0,1
6869,61.05,1,180902.76,0.0,34,0,0.0,0.0,0
6870,62.39,3,440714.79,2.5,22,36,1.0,3.0,0
6871,52.63,2,238027.94,0.31,33,0,0.0,0.0,1
6872,50.49,3,349209.26,13.92,12,55,1.0,5.0,0
6873,62.92,3,362428.02,8.88,48,27,1.0,0.0,0
6874,50.56,1,115367.79,0.0,0,0,0.0,0.0,0
6875,5.56,3,303153.35,5.4,32,38,0.0,0.0,0
6876,7.3,2,121582.37,9.020000000000001,46,13,1.0,1.0,0
6877,17.65,2,193143.91,0.07,20,32,1.0,0.0,1
6878,61.83,2,229517.76,5.52,0,27,1.0,2.0,0
6879,35.21,2,251568.40999999997,7.36,0,28,2.0,0.0,0
6880,35.21,3,461156.81,14.29,0,24,0.0,0.0,0
6881,43.2,3,364995.87,2.1,63,31,0.0,0.0,0
6882,9.7,2,268237.84,0.0,41,0,1.0,5.0,0
6883,26.27,3,290928.25,10.780000000000001,53,47,1.0,0.0,0
6884,15.58,2,133453.05,0.0,17,0,0.0,0.0,0
6885,43.46,3,524697.1799999999,0.0,0,53,1.0,0.0,1
6886,64.1,2,310034.97,8.14,33,0,2.0,0.0,0
6887,2.17,1,148773.63,0.0,0,37,0.0,0.0,0
6888,3.65,3,393651.45000000007,0.0,11,74,0.0,0.0,0
6889,34.39,3,339477.89,8.57,70,78,2.0,1.5,0
6890,56.57,2,250595.22999999998,6.92,0,29,0.0,0.0,0
6891,63.35,3,282591.2,12.280000000000001,0,13,1.0,0.0,0
6892,59.99,3,392650.94,14.16,0,43,0.0,0.0,0
6893,57.69,1,186316.84,0.0,29,0,0.0,0.0,0
6894,9.76,2,302499.62,5.98,77,60,1.0,2.0,0
6895,37.11,1,68279.69,0.0,39,4,1.0,4.0,0
6896,6.51,3,337074.91000000003,7.17,44,78,1.0,5.0,1
6897,32.05,3,446897.59,13.02,2,66,0.0,0.0,1
6898,59.43,2,120573.14000000001,0.0,25,0,0.0,0.0,1
6899,55.0,3,373858.0,5.98,11,51,2.0,2.0,0
6900,41.95,2,165248.0,9.17,27,3,1.0,3.0,0
6901,22.85,2,252500.72999999998,1.45,34,95,0.0,0.0,0
6902,20.78,2,252139.54,0.0,30,30,0.0,0.0,0
6903,37.77,1,138372.51,5.54,0,21,0.0,0.0,0
6904,30.21,2,199228.91,10.47,45,15,0.0,0.0,0
6905,20.71,2,276039.82,0.0,20,13,1.0,2.0,0
6906,21.3,2,272521.76,4.56,19,25,0.0,0.0,0
6907,38.0,1,170689.7,0.0,0,28,0.0,0.0,0
6908,21.7,1,116519.34,6.11,8,31,0.0,0.0,0
6909,54.93,2,164117.83000000002,8.89,0,37,1.0,1.0,0
6910,33.23,1,83047.61,0.0,34,30,1.0,0.0,0
6911,47.8,3,288291.55,0.0,0,30,1.0,5.0,0
6912,14.33,1,75016.64,0.0,5,14,2.0,0.0,1
6913,58.25,2,336116.25,12.200000000000001,9,10,2.0,5.0,0
6914,45.07,1,54086.88,2.8,0,0,1.0,4.0,1
6915,18.7,3,358539.69,0.0,20,41,1.0,1.0,0
6916,59.14,3,359509.61,15.75,100,28,0.0,0.0,0
6917,37.61,1,189789.79,0.1,0,0,0.0,0.0,0
6918,11.57,3,317435.27,1.0,53,53,1.0,0.0,0
6919,33.27,2,193015.84,9.08,0,0,1.0,1.0,0
6920,14.86,1,61223.8,0.0,0,49,0.0,0.0,1
6921,11.7,3,382698.77,0.0,43,78,0.0,0.0,0
6922,20.61,1,118996.86,1.4,2,0,0.0,0.0,0
6923,21.1,1,110975.99,0.0,44,0,0.0,0.0,1
6924,12.85,1,65059.61,0.0,47,35,1.0,4.0,1
6925,32.18,1,157247.74,0.0,9,9,0.0,0.0,0
6926,4.83,3,356598.55,13.61,9,30,2.0,0.0,0
6927,27.15,3,537739.45,24.549999999999997,36,2,0.0,0.0,1
6928,32.91,3,440646.3,17.16,23,47,1.0,5.0,0
6929,59.2,2,315260.91000000003,1.39,28,33,0.0,0.0,0
6930,14.6,2,253059.34,5.99,0,34,2.0,1.5,1
6931,53.25,2,289876.52999999997,14.629999999999999,15,16,0.0,0.0,0
6932,38.49,3,358471.49,6.87,71,0,1.0,3.0,0
6933,56.25,1,146687.15,6.6,26,47,0.0,0.0,0
6934,10.42,2,237309.49,1.34,27,0,1.0,0.0,0
6935,60.09,2,168168.63,1.77,24,20,0.0,0.0,0
6936,26.76,2,235429.84000000003,5.52,6,0,0.0,0.0,0
6937,14.86,1,141289.73,3.5,23,49,0.0,0.0,0
6938,5.88,3,407935.24,0.0,4,93,1.0,5.0,0
6939,51.15,1,107325.64,0.0,14,15,0.0,0.0,0
6940,51.55,1,63787.42,8.12,37,24,1.0,0.0,0
6941,61.74,1,149190.08,0.0,18,0,0.0,0.0,0
6942,36.42,1,73547.18,8.25,0,0,0.0,0.0,1
6943,3.71,3,238505.5,5.46,50,21,0.0,0.0,0
6944,29.03,1,71122.8,1.34,27,4,0.0,0.0,0
6945,22.09,1,87800.4,0.0,14,9,0.0,0.0,0
6946,13.31,1,151656.36,8.33,4,0,2.0,0.0,0
6947,42.21,2,286914.69,0.0,41,38,2.0,2.5,0
6948,55.13,1,69950.03,0.0,0,0,1.0,0.0,0
6949,20.41,3,369994.48,6.35,7,85,0.0,0.0,0
6950,33.23,1,100509.5,4.65,13,0,2.0,1.5,0
6951,51.18,3,388837.39999999997,0.0,49,62,0.0,0.0,0
6952,27.02,1,162045.06,0.0,3,0,0.0,0.0,0
6953,44.48,1,160205.41,0.0,46,0,0.0,0.0,0
6954,50.2,1,169155.62,0.0,41,6,0.0,0.0,1
6955,5.33,3,396485.37,5.97,50,88,0.0,0.0,0
6956,35.34,1,195797.16,0.0,0,42,2.0,1.5,0
6957,44.51,3,377329.9,8.39,69,0,0.0,0.0,0
6958,50.89,3,245220.96000000002,6.55,29,20,1.0,0.0,0
6959,7.63,1,156833.83,0.0,3,0,2.0,1.0,0
6960,12.92,3,328558.96,3.7,43,45,0.0,0.0,0
6961,62.29,1,99072.08,0.0,0,33,0.0,0.0,0
6962,38.59,1,81203.89,6.68,45,0,0.0,0.0,0
6963,40.7,1,50383.79,0.0,0,44,0.0,0.0,0
6964,25.18,2,243231.52999999997,5.46,41,40,2.0,1.0,1
6965,40.7,1,149948.95,4.63,0,0,1.0,3.0,1
6966,12.49,3,417931.47,7.04,18,29,2.0,1.0,0
6967,52.17,1,143822.91,0.0,0,35,1.0,2.0,0
6968,33.83,2,214841.73,8.05,36,25,0.0,0.0,0
6969,54.24,2,368094.14,8.63,67,0,0.0,0.0,0
6970,15.68,2,195208.77,0.0,68,0,0.0,0.0,0
6971,38.3,2,233848.13999999998,1.99,0,27,0.0,0.0,0
6972,49.38,3,377024.68,4.8,16,0,0.0,0.0,0
6973,34.25,1,163142.73,9.63,7,4,0.0,0.0,0
6974,59.11,2,187870.43,10.860000000000001,44,1,2.0,3.5,0
6975,21.89,3,326868.68,6.62,51,2,0.0,0.0,0
6976,37.41,2,283867.39,8.96,4,31,1.0,2.0,0
6977,59.63,3,365798.82,9.52,23,29,0.0,0.0,0
6978,28.11,2,346479.55,13.01,5,0,0.0,0.0,0
6979,14.2,2,283409.64,0.0,58,39,0.0,0.0,0
6980,17.95,2,230620.45,0.0,0,17,1.0,2.0,0
6981,38.26,3,346832.49,9.73,36,88,1.0,0.0,0
6982,31.92,2,156852.4,0.32,0,2,0.0,0.0,0
6983,10.49,3,450907.11,14.71,20,0,1.0,3.0,0
6984,4.93,2,235912.34,13.14,0,2,1.0,3.0,0
6985,13.41,2,192840.28999999998,10.01,0,1,0.0,0.0,0
6986,36.19,2,310225.77,0.0,46,1,0.0,0.0,0
6987,54.31,1,195650.7,0.0,0,22,2.0,4.5,0
6988,57.33,3,396412.12,2.0700000000000003,30,13,0.0,0.0,0
6989,14.53,1,60200.98,2.06,0,4,0.0,0.0,0
6990,30.31,2,149884.3,9.83,0,48,0.0,0.0,0
6991,63.97,2,352636.99,7.43,20,0,0.0,0.0,0
6992,30.05,1,188454.23,9.9,0,21,0.0,0.0,0
6993,39.55,1,164542.85,5.29,0,30,1.0,0.0,1
6994,2.79,2,161047.78,5.87,12,0,1.0,0.0,0
6995,42.31,1,143089.31,9.9,44,0,0.0,0.0,0
6996,9.63,2,137516.11,0.0,46,5,1.0,0.0,0
6997,56.08,3,257522.46,3.3,71,41,1.0,0.0,0
6998,50.62,2,361840.37,6.47,31,88,1.0,0.0,0
6999,20.87,2,240447.59,0.0,44,30,2.0,2.5,0
7000,13.31,1,68039.56,0.0,0,0,2.0,1.0,0
7001,40.11,3,198114.25,5.12,52,61,1.0,3.0,1
7002,40.66,2,247673.91,1.79,26,31,0.0,0.0,0
7003,31.56,3,411461.37,4.14,40,0,2.0,0.0,0
7004,40.57,3,346277.43999999994,20.75,102,43,0.0,0.0,0
7005,19.36,3,311432.91,13.559999999999999,70,23,0.0,0.0,0
7006,8.55,2,162054.12,9.06,17,0,0.0,0.0,0
7007,47.27,2,240289.58,0.0,0,0,0.0,0.0,0
7008,62.59,1,108251.44,5.81,0,0,0.0,0.0,1
7009,19.1,3,372417.69,7.88,24,16,2.0,2.0,0
7010,11.6,3,417547.31,26.6,14,6,2.0,3.5,0
7011,49.01,3,445357.39,0.0,8,14,0.0,0.0,0
7012,3.65,3,514532.77,7.87,0,30,0.0,0.0,0
7013,24.46,1,88844.95,0.0,0,0,0.0,0.0,0
7014,26.1,1,138559.14,7.6,0,0,0.0,0.0,0
7015,12.43,1,167169.79,9.1,2,26,2.0,4.0,1
7016,36.29,3,427591.81999999995,6.62,26,57,0.0,0.0,0
7017,58.19,3,321114.41000000003,7.890000000000001,67,103,1.0,5.0,0
7018,24.42,2,132808.35,9.65,0,26,0.0,0.0,0
7019,32.31,1,120274.47,9.38,36,0,0.0,0.0,0
7020,33.1,1,170136.89,0.0,0,0,0.0,0.0,0
7021,36.95,1,140716.46,1.96,37,28,2.0,1.5,0
7022,56.84,1,63795.66,0.0,0,0,0.0,0.0,0
7023,42.21,1,148127.17,0.0,10,32,1.0,4.0,0
7024,21.7,1,176267.13,2.83,10,0,0.0,0.0,0
7025,52.2,3,321466.52,6.39,27,10,0.0,0.0,0
7026,59.63,2,272937.58999999997,13.379999999999999,33,36,0.0,0.0,0
7027,26.59,1,158175.11,3.8,8,0,1.0,0.0,1
7028,54.47,2,180298.32,0.0,22,20,0.0,0.0,0
7029,62.1,3,480084.69,0.0,50,97,0.0,0.0,0
7030,17.46,3,241566.39,0.0,0,39,0.0,0.0,0
7031,29.49,1,77062.58,1.5,9,16,0.0,0.0,0
7032,24.69,1,178416.74,0.13,3,8,0.0,0.0,0
7033,38.82,3,319295.36,10.51,46,35,2.0,1.0,0
7034,24.88,1,51157.04,0.0,0,0,0.0,0.0,0
7035,37.64,1,179937.22,4.58,4,44,1.0,2.0,0
7036,33.63,2,142795.22,0.98,41,0,0.0,0.0,0
7037,22.75,3,367820.69,0.0,0,27,0.0,0.0,0
7038,16.07,3,408464.43,13.940000000000001,138,47,0.0,0.0,1
7039,9.63,1,73930.85,0.0,0,48,1.0,0.0,1
7040,58.45,2,221394.09,14.99,18,50,0.0,0.0,0
7041,8.22,3,451024.52,7.98,15,101,0.0,0.0,1
7042,9.8,2,215008.75,8.74,2,43,1.0,1.0,0
7043,56.31,3,242349.36,19.12,18,64,2.0,0.0,0
7044,1.18,3,463625.88,3.92,95,0,2.0,0.0,0
7045,23.57,3,414094.6,9.469999999999999,43,9,2.0,0.0,0
7046,19.99,1,143202.53,0.0,18,34,1.0,0.0,0
7047,23.01,2,305610.17000000004,6.02,0,66,2.0,3.5,0
7048,46.71,2,225969.65,8.54,0,39,2.0,0.0,0
7049,62.72,1,125900.35,3.37,0,0,0.0,0.0,0
7050,39.45,2,342849.13,5.25,5,21,0.0,0.0,0
7051,1.05,1,83007.72,1.89,49,4,1.0,0.0,0
7052,11.01,3,309724.51,16.55,27,84,1.0,5.0,0
7053,43.33,2,344081.77,2.58,64,23,0.0,0.0,0
7054,9.5,2,191613.15000000002,8.36,28,50,0.0,0.0,1
7055,63.35,2,132937.07,0.0,7,95,2.0,3.5,0
7056,19.72,2,359069.82999999996,9.29,49,33,0.0,0.0,0
7057,3.39,2,126598.14000000001,6.74,0,14,1.0,0.0,1
7058,23.9,3,358443.82,5.25,40,59,0.0,0.0,0
7059,38.79,3,389576.33999999997,5.03,10,18,2.0,0.5,0
7060,12.49,2,240131.40000000002,0.95,22,13,2.0,0.0,0
7061,51.97,3,418986.64,0.0,27,50,1.0,0.0,0
7062,47.01,1,137093.77,0.0,0,30,0.0,0.0,1
7063,63.28,1,113713.78,0.0,0,0,0.0,0.0,0
7064,54.11,2,382539.47,2.38,83,0,2.0,1.5,0
7065,45.83,1,141117.9,7.12,39,48,1.0,5.0,0
7066,13.61,1,104917.56,0.5,0,21,0.0,0.0,0
7067,11.31,1,66846.65,9.86,0,49,0.0,0.0,0
7068,4.77,1,168879.88,0.0,34,20,2.0,1.0,0
7069,28.57,1,151788.26,0.0,13,41,0.0,0.0,0
7070,34.02,3,335828.99,7.83,15,0,2.0,2.5,0
7071,57.63,1,79092.34,0.0,32,0,2.0,0.5,0
7072,45.2,3,394544.11,1.88,28,25,2.0,3.0,0
7073,33.46,1,139085.85,0.0,0,0,0.0,0.0,0
7074,20.58,2,233673.28999999998,4.91,19,6,2.0,1.0,0
7075,12.92,3,268130.24,5.31,8,32,0.0,0.0,1
7076,10.78,3,374750.7,8.21,73,60,0.0,0.0,0
7077,35.47,1,122145.12,0.0,14,16,1.0,1.0,1
7078,10.39,3,382739.99,1.52,12,33,2.0,3.0,0
7079,2.33,3,442736.07,6.06,0,44,0.0,0.0,0
7080,53.62,3,372678.32999999996,18.880000000000003,35,44,0.0,0.0,0
7081,55.85,3,355411.33,5.58,2,29,1.0,4.0,0
7082,42.5,3,425758.24,0.0,32,0,0.0,0.0,0
7083,2.73,2,150282.6,12.23,11,61,1.0,5.0,0
7084,4.54,1,165340.85,5.35,0,39,2.0,4.0,0
7085,17.92,2,247682.08000000002,2.39,49,47,0.0,0.0,0
7086,9.43,2,246047.84999999998,15.07,9,7,2.0,0.5,0
7087,3.09,1,155690.73,6.28,0,38,0.0,0.0,0
7088,51.71,2,202498.96999999997,1.45,0,19,0.0,0.0,0
7089,57.43,2,224107.97,14.120000000000001,45,56,0.0,0.0,0
7090,50.69,2,376096.33999999997,0.74,34,0,0.0,0.0,0
7091,14.14,3,312331.18,4.91,35,0,0.0,0.0,0
7092,61.05,3,355865.88,18.48,0,51,0.0,0.0,0
7093,11.93,2,291411.31,0.0,53,2,0.0,0.0,0
7094,44.51,1,119029.28,4.45,0,0,0.0,0.0,0
7095,63.84,2,127872.94,9.39,72,0,0.0,0.0,0
7096,26.89,1,143732.86,0.0,0,0,0.0,0.0,0
7097,51.71,1,137243.07,0.0,30,6,2.0,0.5,0
7098,37.38,3,449946.76,6.43,13,78,0.0,0.0,1
7099,51.15,2,152609.26,5.79,25,20,0.0,0.0,0
7100,25.61,2,323428.83999999997,5.95,44,56,0.0,0.0,0
7101,33.46,2,205572.71,2.99,0,21,1.0,0.0,0
7102,63.12,1,140915.95,6.36,27,0,2.0,0.0,0
7103,17.75,2,256131.90999999997,3.46,16,0,1.0,1.0,0
7104,20.15,3,241047.90999999997,6.45,35,71,0.0,0.0,0
7105,25.41,1,105296.42,0.0,0,26,1.0,0.0,0
7106,8.02,2,332688.05000000005,8.14,38,0,0.0,0.0,0
7107,9.43,2,175454.45,0.0,0,44,2.0,1.0,1
7108,53.55,1,167981.87,0.0,21,41,1.0,4.0,0
7109,12.0,2,275591.82,4.41,4,69,1.0,4.0,0
7110,53.68,2,370767.17,7.79,33,7,2.0,1.0,0
7111,49.64,2,291858.77,0.44,3,0,2.0,0.5,0
7112,51.45,3,351081.57999999996,19.13,48,36,0.0,0.0,0
7113,6.05,2,286983.87,0.0,0,20,2.0,3.0,0
7114,11.67,3,392771.96,14.86,45,48,0.0,0.0,0
7115,29.88,1,123549.52,0.36,10,48,0.0,0.0,1
7116,14.4,2,288358.08,9.83,14,13,1.0,2.0,0
7117,42.21,1,78915.5,0.0,43,0,1.0,2.0,0
7118,50.85,2,143163.89,13.68,14,38,0.0,0.0,0
7119,20.32,3,404783.11,16.23,35,46,0.0,0.0,1
7120,56.97,2,169174.78999999998,9.74,0,48,0.0,0.0,0
7121,11.28,3,463651.68,0.0,53,81,2.0,0.0,1
7122,40.73,3,332528.92000000004,4.859999999999999,69,73,2.0,0.0,0
7123,49.74,1,75114.6,0.92,45,0,2.0,2.5,0
7124,42.64,2,209526.17,4.36,2,25,1.0,4.0,0
7125,12.36,3,468835.57,6.14,17,9,0.0,0.0,0
7126,42.31,3,457062.42000000004,8.48,42,0,2.0,1.0,0
7127,27.38,3,386488.55,7.55,39,81,2.0,2.0,0
7128,26.86,3,273837.94,16.830000000000002,107,2,0.0,0.0,0
7129,49.44,1,151063.08,4.56,42,0,1.0,2.0,0
7130,9.43,1,132774.51,0.0,0,0,0.0,0.0,0
7131,64.1,3,375101.87,2.25,77,89,2.0,0.0,0
7132,58.97,2,265932.16000000003,7.66,48,35,1.0,1.0,0
7133,55.98,3,514355.93000000005,12.15,42,3,1.0,0.0,0
7134,50.89,3,285354.66000000003,7.43,2,35,0.0,0.0,0
7135,16.07,3,421506.19,16.2,73,32,0.0,0.0,0
7136,9.76,3,344815.78,0.0,68,44,0.0,0.0,1
7137,2.5,3,203667.33,5.5,57,24,0.0,0.0,0
7138,47.04,2,297475.37,7.16,34,57,1.0,0.0,0
7139,34.06,2,190454.54,3.73,39,0,2.0,1.5,0
7140,57.0,1,104332.53,3.4,0,0,2.0,0.0,0
7141,4.7,1,127015.79,5.89,12,2,1.0,4.0,0
7142,64.43,1,194973.65,9.79,16,0,0.0,0.0,0
7143,23.34,3,231747.44,13.709999999999999,75,44,0.0,0.0,0
7144,63.51,1,156537.61,0.74,7,0,0.0,0.0,0
7145,10.91,3,332000.27,8.21,42,0,1.0,4.0,0
7146,12.23,1,61953.91,7.96,0,3,1.0,0.0,0
7147,17.55,2,141659.27000000002,0.0,44,0,0.0,0.0,1
7148,21.76,3,439508.69,6.26,3,9,2.0,2.0,0
7149,43.39,3,269308.93,7.94,0,35,0.0,0.0,0
7150,56.44,2,179996.92,0.0,21,57,0.0,0.0,0
7151,58.65,1,111046.79,2.48,0,26,2.0,0.0,0
7152,54.44,3,301547.85,13.219999999999999,80,0,2.0,0.5,0
7153,1.74,2,286579.73,0.0,69,3,0.0,0.0,0
7154,9.07,2,223508.84000000003,2.71,0,3,0.0,0.0,0
7155,10.19,2,131468.76,5.89,60,26,0.0,0.0,0
7156,12.33,1,114542.57,0.0,33,36,2.0,0.0,0
7157,63.02,3,465847.76,5.3500000000000005,0,32,1.0,4.0,0
7158,36.92,3,310698.39,6.25,0,0,2.0,2.0,0
7159,62.66,1,173036.72,0.0,22,3,1.0,5.0,0
7160,30.97,2,343008.55000000005,0.0,46,0,0.0,0.0,1
7161,18.97,1,61950.37,7.72,0,0,2.0,2.5,0
7162,30.77,3,242213.38,7.61,80,34,0.0,0.0,0
7163,34.81,2,215481.38999999998,4.97,44,27,0.0,0.0,0
7164,29.98,2,230572.79,7.37,47,49,0.0,0.0,1
7165,3.91,3,497659.19,15.22,9,12,0.0,0.0,0
7166,15.65,1,129818.96,1.06,33,0,1.0,4.0,0
7167,30.44,3,407488.59,8.76,38,0,1.0,0.0,0
7168,15.48,1,77935.91,0.0,33,0,0.0,0.0,0
7169,4.5,1,134094.26,8.94,0,42,1.0,4.0,1
7170,10.55,3,291588.21,9.09,39,5,1.0,0.0,0
7171,63.45,2,230335.9,1.9,40,0,2.0,2.0,0
7172,55.36,3,473627.95999999996,6.9,54,25,0.0,0.0,0
7173,50.3,3,218037.79,6.08,65,15,0.0,0.0,0
7174,51.12,1,88815.08,0.0,7,0,2.0,1.5,0
7175,55.42,3,481802.14,2.5,0,21,1.0,1.0,0
7176,3.52,2,207047.84,0.45,31,0,0.0,0.0,0
7177,58.88,2,233554.85,0.0,56,0,0.0,0.0,0
7178,63.05,3,359471.34,14.400000000000002,7,41,0.0,0.0,0
7179,30.51,1,151953.84,2.51,32,0,0.0,0.0,0
7180,45.43,1,139331.58,5.24,3,0,0.0,0.0,0
7181,50.62,3,478424.37,10.89,10,12,0.0,0.0,0
7182,60.09,2,208660.62,3.36,0,70,2.0,0.0,0
7183,41.88,1,104732.93,0.0,29,9,1.0,0.0,0
7184,46.65,2,275018.1,8.55,37,0,0.0,0.0,0
7185,35.63,2,114293.58,3.05,29,80,1.0,5.0,0
7186,6.77,2,313659.81,0.0,20,45,0.0,0.0,1
7187,34.32,2,329879.24,0.0,81,0,0.0,0.0,0
7188,60.32,3,361778.64999999997,2.8,0,20,0.0,0.0,0
7189,21.37,1,177136.98,3.67,30,0,0.0,0.0,0
7190,48.95,2,319217.1,7.26,14,53,0.0,0.0,0
7191,50.43,1,137276.12,4.4,0,4,2.0,4.5,0
7192,21.17,1,97176.26,3.97,37,22,0.0,0.0,0
7193,12.59,3,320107.53,0.67,20,0,0.0,0.0,0
7194,15.12,3,315500.07,5.17,25,0,0.0,0.0,1
7195,29.42,2,307111.94,0.4,45,0,1.0,2.0,0
7196,10.62,2,299957.02,4.04,50,0,1.0,4.0,0
7197,18.93,1,177107.89,4.74,36,8,2.0,1.5,0
7198,29.65,1,93814.99,8.66,23,21,0.0,0.0,0
7199,41.62,3,373204.22000000003,14.34,0,0,1.0,0.0,0
7200,17.75,3,550131.21,0.0,81,44,0.0,0.0,0
7201,46.58,2,370330.62,7.08,50,14,2.0,0.0,0
7202,1.64,2,310493.02,9.37,86,49,2.0,2.0,0
7203,25.74,3,374543.81000000006,11.41,92,29,2.0,2.0,0
7204,28.11,2,173681.2,4.3100000000000005,45,1,0.0,0.0,0
7205,15.48,1,85359.8,2.39,28,22,0.0,0.0,0
7206,15.22,1,184346.26,8.98,0,34,1.0,0.0,1
7207,8.51,3,194542.44,8.95,0,0,1.0,0.0,0
7208,3.65,2,369959.16,2.07,21,18,2.0,2.5,0
7209,64.4,3,461771.52,8.91,9,47,0.0,0.0,1
7210,61.97,2,208196.09999999998,9.84,0,31,0.0,0.0,0
7211,43.62,3,391721.19,10.830000000000002,72,53,0.0,0.0,0
7212,26.79,3,398313.22,18.17,25,5,0.0,0.0,1
7213,3.16,1,95758.19,2.82,49,25,1.0,1.0,0
7214,41.98,3,339190.04,7.38,3,74,0.0,0.0,0
7215,42.01,2,307661.63,3.62,0,20,0.0,0.0,0
7216,42.83,3,429478.99,8.15,15,67,1.0,0.0,0
7217,54.77,3,381899.77,0.1,53,40,0.0,0.0,0
7218,27.19,2,227824.05,9.52,46,12,0.0,0.0,0
7219,23.83,1,94619.06,0.0,12,25,1.0,5.0,0
7220,18.08,1,72199.94,0.0,0,0,0.0,0.0,1
7221,55.0,1,82784.92,1.32,0,0,0.0,0.0,0
7222,32.71,1,83530.54,0.3,0,40,0.0,0.0,1
7223,10.91,1,61363.78,6.81,27,11,1.0,2.0,0
7224,1.35,1,165670.99,0.0,0,0,1.0,5.0,0
7225,19.17,2,222552.21999999997,5.3100000000000005,19,8,1.0,5.0,1
7226,38.92,2,358203.63,7.4,78,32,1.0,4.0,0
7227,51.71,1,190485.21,5.05,28,33,0.0,0.0,0
7228,33.04,2,365059.63,7.73,0,5,0.0,0.0,0
7229,18.31,2,193905.49,11.18,19,49,0.0,0.0,0
7230,40.73,2,362157.33,2.06,33,0,2.0,0.0,0
7231,63.91,1,176367.45,7.47,23,0,1.0,0.0,0
7232,2.3,1,87138.17,5.27,9,29,1.0,0.0,0
7233,63.58,2,219170.29,0.39,0,93,1.0,0.0,0
7234,23.9,2,236698.03999999998,4.58,0,41,1.0,4.0,0
7235,50.16,2,167381.25,0.0,11,8,1.0,1.0,0
7236,39.74,1,65631.64,7.38,0,4,2.0,0.0,0
7237,36.39,1,52829.16,4.77,0,25,0.0,0.0,0
7238,19.89,1,197995.68,0.0,2,0,0.0,0.0,0
7239,0.23,1,146423.86,0.0,45,45,2.0,2.0,0
7240,4.11,3,287113.8,4.35,61,24,0.0,0.0,0
7241,54.24,3,470588.05,0.0,20,0,0.0,0.0,0
7242,35.4,2,174437.19,7.29,6,0,0.0,0.0,1
7243,12.56,2,182381.32,1.32,0,47,1.0,0.0,1
7244,26.96,1,63152.76,0.0,26,0,0.0,0.0,0
7245,11.77,2,235301.27000000002,7.489999999999999,8,47,2.0,1.0,0
7246,64.1,1,146147.37,6.48,0,48,0.0,0.0,0
7247,36.23,3,406152.24,7.4,81,0,0.0,0.0,0
7248,59.17,1,161214.04,0.0,0,31,1.0,4.0,1
7249,40.6,2,218151.59000000003,5.82,75,41,1.0,3.0,0
7250,20.84,2,298482.19,3.44,11,25,0.0,0.0,0
7251,49.15,2,185329.24,8.36,14,0,0.0,0.0,0
7252,41.91,1,129046.45,0.0,0,0,1.0,0.0,0
7253,57.66,1,171694.0,8.13,0,0,0.0,0.0,0
7254,21.66,1,74302.46,0.0,18,0,0.0,0.0,0
7255,52.89,2,216362.9,1.06,35,8,1.0,0.0,0
7256,24.36,1,102437.4,8.92,13,0,1.0,0.0,0
7257,28.53,3,404215.27,10.91,14,74,0.0,0.0,0
7258,3.32,3,425081.58999999997,0.0,47,73,2.0,0.0,0
7259,25.77,1,79643.41,0.0,24,13,2.0,4.0,0
7260,51.58,1,162594.54,5.91,44,31,2.0,1.0,0
7261,29.78,1,128772.12,2.01,0,0,2.0,1.0,1
7262,17.29,1,83261.78,7.94,25,0,1.0,0.0,0
7263,25.48,1,185656.12,0.0,0,0,0.0,0.0,1
7264,25.12,3,399360.29,0.28,56,37,0.0,0.0,0
7265,63.87,2,315173.17000000004,10.6,25,21,2.0,1.0,0
7266,50.16,3,420619.44,2.89,41,61,1.0,5.0,0
7267,32.87,2,354009.47,11.120000000000001,4,24,2.0,0.0,0
7268,17.42,3,191541.34,8.7,34,94,0.0,0.0,0
7269,54.6,1,193742.33,1.34,0,18,2.0,2.0,0
7270,14.04,1,66231.07,6.26,18,0,1.0,0.0,0
7271,0.95,3,291995.17000000004,3.07,17,78,0.0,0.0,0
7272,0.16,2,274939.08,4.13,0,44,0.0,0.0,0
7273,55.52,3,197156.69,11.120000000000001,5,0,0.0,0.0,0
7274,39.97,3,225571.19,14.83,99,94,0.0,0.0,0
7275,10.95,1,182703.23,7.55,0,0,1.0,2.0,0
7276,2.99,1,120114.65,3.7,41,30,2.0,0.0,0
7277,9.57,1,182474.92,0.0,1,10,0.0,0.0,0
7278,14.37,1,183447.91,9.88,44,0,1.0,1.0,0
7279,43.66,3,321753.01,14.01,102,35,0.0,0.0,1
7280,31.53,2,262044.36,7.2,43,36,0.0,0.0,0
7281,32.81,3,466118.99,7.890000000000001,0,9,2.0,0.0,0
7282,23.57,1,115501.82,0.0,10,0,0.0,0.0,0
7283,36.06,3,305837.18,16.419999999999998,77,44,0.0,0.0,1
7284,14.69,1,192901.49,0.0,2,0,1.0,0.0,0
7285,48.36,3,401584.49,0.85,36,44,0.0,0.0,0
7286,53.58,1,156122.79,0.91,0,0,0.0,0.0,0
7287,15.58,2,183712.28,0.79,39,1,0.0,0.0,0
7288,51.81,1,61078.43,0.0,0,0,2.0,0.0,0
7289,36.88,1,128632.56,3.81,25,9,0.0,0.0,0
7290,25.44,1,164820.25,0.0,0,0,1.0,0.0,0
7291,55.33,3,371765.62,3.19,35,22,1.0,2.0,0
7292,19.92,2,175145.45,1.75,57,31,0.0,0.0,0
7293,56.64,1,167389.35,0.0,0,25,0.0,0.0,0
7294,19.1,1,123685.16,2.32,2,20,0.0,0.0,0
7295,39.09,1,172821.01,8.41,0,0,0.0,0.0,0
7296,35.93,3,392154.22,14.299999999999999,56,0,0.0,0.0,1
7297,56.48,1,103127.78,8.3,0,0,0.0,0.0,0
7298,63.54,1,134322.73,0.34,11,7,0.0,0.0,0
7299,50.95,1,199123.1,5.72,43,9,0.0,0.0,0
7300,58.58,1,191981.99,5.99,26,0,0.0,0.0,0
7301,35.54,1,142336.32,0.0,0,33,1.0,4.0,0
7302,20.78,3,312258.32,3.81,17,47,2.0,3.5,0
7303,32.48,3,475858.37,4.36,0,12,0.0,0.0,0
7304,55.03,1,90356.43,0.0,0,10,1.0,0.0,0
7305,59.57,3,510425.25,14.979999999999999,46,97,1.0,0.0,0
7306,50.53,2,312013.85,7.14,18,0,0.0,0.0,0
7307,50.2,3,277462.16000000003,10.01,61,0,1.0,3.0,0
7308,19.2,3,482876.19999999995,14.809999999999999,38,17,0.0,0.0,0
7309,34.55,3,368108.86,16.4,82,81,0.0,0.0,0
7310,38.53,3,403237.39,7.21,78,57,2.0,3.5,0
7311,33.69,1,65354.2,0.0,0,13,2.0,2.5,0
7312,56.87,3,352133.8,6.72,35,73,0.0,0.0,1
7313,33.89,3,373849.69,10.15,50,54,1.0,0.0,0
7314,2.37,1,99956.79,0.0,0,9,0.0,0.0,0
7315,63.84,3,393504.2,14.76,46,0,1.0,3.0,0
7316,18.8,1,80318.28,0.0,14,34,2.0,5.0,0
7317,39.38,2,148645.75,9.89,15,0,0.0,0.0,0
7318,7.5,1,115611.36,0.0,19,3,0.0,0.0,0
7319,18.41,1,76798.47,9.5,16,0,2.0,0.0,0
7320,64.0,1,82518.67,9.12,48,0,0.0,0.0,0
7321,44.54,3,356118.79,6.7,32,0,1.0,5.0,0
7322,22.49,1,103877.22,0.0,49,0,0.0,0.0,0
7323,42.87,1,92356.41,3.23,2,0,0.0,0.0,0
7324,51.28,1,119474.03,7.33,0,0,0.0,0.0,0
7325,60.98,1,104994.3,9.7,29,0,0.0,0.0,0
7326,50.85,2,234403.32,9.28,46,0,1.0,0.0,0
7327,17.06,1,139021.22,0.0,0,20,2.0,0.5,0
7328,61.97,2,312149.75,0.0,0,0,1.0,0.0,0
7329,12.82,3,384036.9,12.059999999999999,101,24,0.0,0.0,0
7330,19.99,3,436586.87,0.0,12,6,0.0,0.0,0
7331,1.45,1,127605.76,0.0,0,2,0.0,0.0,0
7332,6.67,1,140436.54,0.0,44,20,1.0,0.0,0
7333,1.38,2,200689.15,5.04,28,21,0.0,0.0,0
7334,41.45,2,349968.13,5.27,33,0,0.0,0.0,0
7335,25.81,3,304315.01999999996,0.0,32,31,0.0,0.0,0
7336,14.76,2,152027.99,11.1,70,0,2.0,3.0,0
7337,3.35,1,194784.87,2.84,24,18,0.0,0.0,1
7338,45.46,1,164319.03,0.0,24,27,0.0,0.0,0
7339,56.94,3,493352.98,7.27,28,0,1.0,2.0,0
7340,39.35,3,321069.93,0.6,42,27,2.0,0.0,0
7341,41.55,3,197619.48,0.0,20,49,1.0,0.0,0
7342,50.13,1,136626.27,0.0,0,0,0.0,0.0,0
7343,48.13,1,114948.73,5.38,0,50,1.0,2.0,0
7344,30.54,3,406586.02,1.6,80,63,2.0,0.0,0
7345,27.42,3,390951.85,6.69,0,2,2.0,0.0,0
7346,54.11,1,93176.55,0.0,0,0,0.0,0.0,0
7347,50.85,3,498346.42,8.66,0,0,1.0,0.0,1
7348,31.56,3,410621.03,19.259999999999998,36,3,2.0,1.0,0
7349,35.17,3,555611.65,0.0,55,16,1.0,0.0,0
7350,30.83,3,480004.29,4.93,19,67,0.0,0.0,0
7351,49.97,2,276678.29000000004,8.27,35,1,1.0,0.0,0
7352,5.23,3,277450.85,8.94,38,65,1.0,0.0,0
7353,35.47,3,394294.97,0.77,30,76,0.0,0.0,0
7354,10.22,3,330937.16000000003,7.04,59,80,2.0,2.0,0
7355,13.71,3,359289.20999999996,11.04,13,21,1.0,0.0,0
7356,45.27,1,175514.25,7.47,0,0,0.0,0.0,0
7357,16.27,3,455689.51999999996,16.119999999999997,69,30,0.0,0.0,0
7358,5.65,3,250634.83000000002,19.17,21,5,0.0,0.0,0
7359,9.43,2,368180.98,2.87,11,7,0.0,0.0,0
7360,17.59,2,169689.69,2.31,72,34,0.0,0.0,0
7361,63.48,3,395020.75,15.7,3,88,0.0,0.0,0
7362,60.65,3,414063.87,3.15,0,42,1.0,3.0,0
7363,60.26,1,82050.77,9.01,5,3,1.0,0.0,0
7364,58.22,3,341999.07,9.29,48,25,0.0,0.0,0
7365,47.86,1,115711.67,0.0,0,0,1.0,2.0,0
7366,6.8,1,172412.21,2.81,0,16,0.0,0.0,0
7367,11.51,2,288820.48,4.39,0,56,0.0,0.0,0
7368,9.63,3,373045.58,3.86,5,23,0.0,0.0,0
7369,38.4,3,386000.15,5.07,78,40,0.0,0.0,0
7370,33.5,3,291915.22,4.52,0,19,0.0,0.0,0
7371,52.63,1,128981.65,0.0,17,48,0.0,0.0,0
7372,16.44,2,163419.94999999998,1.05,31,31,0.0,0.0,0
7373,53.09,2,162593.97,0.0,29,0,0.0,0.0,1
7374,28.14,1,103641.94,0.0,9,20,1.0,2.0,0
7375,8.15,2,304447.32,5.96,74,53,0.0,0.0,1
7376,51.28,2,208834.22,8.01,28,0,0.0,0.0,0
7377,33.3,2,188026.89,14.44,22,37,2.0,0.0,0
7378,35.96,2,210564.07,7.92,18,0,2.0,1.5,0
7379,16.21,3,376980.43,15.790000000000001,52,1,1.0,0.0,0
7380,15.45,2,271313.77,7.49,0,21,1.0,0.0,0
7381,30.8,3,288369.17000000004,17.89,16,80,2.0,2.0,1
7382,44.15,1,52816.64,0.0,0,0,2.0,2.5,0
7383,47.93,1,112403.99,0.0,0,0,0.0,0.0,1
7384,8.65,2,300481.79000000004,2.73,14,83,0.0,0.0,0
7385,42.18,2,161616.22,13.559999999999999,15,36,0.0,0.0,1
7386,1.02,1,148408.21,8.14,14,0,0.0,0.0,0
7387,44.81,3,365968.14,17.009999999999998,44,45,2.0,1.5,0
7388,59.76,2,263290.82,7.01,42,43,1.0,0.0,0
7389,51.51,2,199642.11000000002,8.1,42,12,1.0,0.0,0
7390,22.19,1,194044.13,0.0,5,0,2.0,2.0,0
7391,16.83,1,120027.64,0.0,49,1,0.0,0.0,0
7392,34.25,2,352874.73,0.25,11,0,1.0,2.0,0
7393,30.97,2,298135.65,0.0,0,41,1.0,0.0,0
7394,62.95,1,180323.99,0.0,0,0,0.0,0.0,0
7395,5.98,2,275442.4,4.92,29,27,1.0,0.0,0
7396,37.57,1,84211.52,0.0,0,42,0.0,0.0,0
7397,28.93,2,211072.89,0.24,0,38,0.0,0.0,0
7398,36.92,1,62942.38,5.62,17,14,2.0,2.5,0
7399,37.64,2,247901.22999999998,6.94,0,19,0.0,0.0,0
7400,20.32,3,353282.58999999997,5.06,62,0,0.0,0.0,0
7401,37.74,1,103793.35,0.43,0,48,0.0,0.0,0
7402,5.42,1,135731.79,9.85,0,30,0.0,0.0,0
7403,16.6,3,182569.43,8.83,32,12,2.0,0.5,0
7404,46.84,2,381678.39,4.09,1,14,2.0,2.0,0
7405,46.78,1,184103.54,6.68,20,6,2.0,1.0,0
7406,50.89,3,357901.62,6.84,58,0,0.0,0.0,0
7407,27.78,2,208230.12,3.22,36,0,1.0,0.0,0
7408,55.59,2,292422.57,1.22,9,38,2.0,1.0,0
7409,62.79,2,170361.71,1.65,0,0,1.0,0.0,1
7410,53.98,2,156475.72999999998,11.6,0,48,1.0,0.0,0
7411,40.34,3,362465.75,9.46,7,88,2.0,1.5,0
7412,48.32,2,219980.97,11.04,50,9,1.0,1.0,0
7413,52.14,3,391432.51,1.91,15,36,1.0,5.0,0
7414,22.72,3,269339.11,0.0,26,61,2.0,0.0,0
7415,26.33,2,265687.14,9.0,13,27,1.0,3.0,0
7416,13.08,3,492575.38,5.33,72,52,1.0,4.0,0
7417,25.71,3,405294.77,18.55,33,0,1.0,0.0,0
7418,10.88,3,365716.3,0.0,36,19,0.0,0.0,1
7419,14.5,2,219809.97999999998,1.02,57,46,2.0,4.0,1
7420,20.48,3,497109.24,5.38,34,69,0.0,0.0,0
7421,1.84,1,127831.24,0.0,48,41,1.0,2.0,0
7422,49.93,3,267952.72,16.34,23,0,0.0,0.0,0
7423,31.33,3,321561.26,6.57,0,25,1.0,1.0,0
7424,26.3,2,251094.05,0.0,33,48,0.0,0.0,1
7425,31.39,1,131361.92,9.14,0,0,0.0,0.0,0
7426,58.09,3,440545.54000000004,8.96,134,22,1.0,0.0,1
7427,33.96,2,264852.9,8.559999999999999,46,20,1.0,0.0,0
7428,1.81,3,273929.13,0.0,30,45,1.0,1.0,0
7429,26.04,2,211189.66999999998,3.75,41,49,0.0,0.0,1
7430,58.35,2,279798.62,5.19,0,31,0.0,0.0,0
7431,11.47,2,313408.74,8.72,15,64,0.0,0.0,0
7432,7.33,3,300180.20999999996,7.22,56,0,0.0,0.0,0
7433,31.49,3,412964.13,6.6,4,54,0.0,0.0,0
7434,35.54,1,197801.89,1.88,47,0,2.0,0.0,0
7435,33.07,2,157210.85,1.5,0,0,0.0,0.0,1
7436,44.41,3,323404.24,9.89,95,0,2.0,1.5,0
7437,37.41,2,288321.36,9.77,0,0,1.0,0.0,0
7438,52.86,1,80166.04,6.47,0,0,1.0,4.0,0
7439,40.93,2,230387.53,8.64,20,0,1.0,2.0,0
7440,46.81,2,224800.18,8.4,62,97,2.0,3.5,0
7441,45.66,2,353862.94,7.16,39,13,0.0,0.0,0
7442,49.67,2,372031.39,9.65,0,40,1.0,4.0,0
7443,45.96,2,287384.03,0.0,0,46,0.0,0.0,0
7444,55.95,3,368931.9,6.35,2,26,1.0,1.0,0
7445,62.33,3,327062.72,11.98,0,54,0.0,0.0,0
7446,55.56,3,318979.04000000004,4.49,60,10,1.0,0.0,0
7447,54.64,3,392937.37,11.280000000000001,24,21,0.0,0.0,0
7448,59.63,2,293776.11,6.18,0,32,0.0,0.0,0
7449,51.18,2,258702.11,3.85,0,0,0.0,0.0,1
7450,60.55,3,385042.92,11.14,0,20,2.0,1.0,0
7451,53.09,3,291185.36,4.03,0,10,0.0,0.0,0
7452,6.9,3,338998.66000000003,12.15,5,48,0.0,0.0,0
7453,33.0,1,194555.2,0.0,27,48,0.0,0.0,0
7454,62.66,1,198110.89,4.96,10,0,0.0,0.0,1
7455,18.08,2,248601.06,0.0,43,2,0.0,0.0,0
7456,43.16,3,420324.12,6.93,28,39,0.0,0.0,0
7457,39.22,1,135997.6,0.0,1,0,1.0,2.0,0
7458,6.18,3,280633.39,18.8,66,0,0.0,0.0,1
7459,53.39,3,427177.11,12.96,64,66,1.0,0.0,0
7460,50.85,1,171723.13,0.0,0,42,0.0,0.0,0
7461,4.93,3,404530.95,9.389999999999999,35,78,0.0,0.0,0
7462,19.92,3,446571.63,9.14,43,17,1.0,0.0,0
7463,25.67,1,121921.91,6.45,7,19,1.0,0.0,0
7464,30.64,3,367561.0,9.870000000000001,29,90,2.0,3.0,0
7465,16.7,1,126102.05,9.37,45,0,0.0,0.0,0
7466,42.01,3,472736.3,14.489999999999998,0,0,0.0,0.0,0
7467,58.97,3,327658.01,8.29,64,22,0.0,0.0,0
7468,35.5,3,436063.16000000003,6.9,1,17,1.0,0.0,0
7469,7.66,1,183208.98,0.0,25,0,0.0,0.0,0
7470,45.17,2,359881.27,7.85,49,0,1.0,0.0,1
7471,32.05,2,253257.39,0.0,0,17,0.0,0.0,0
7472,48.52,1,191197.1,0.0,2,0,0.0,0.0,0
7473,26.17,3,281113.68,4.37,17,57,0.0,0.0,0
7474,22.42,1,182682.92,0.0,6,0,0.0,0.0,0
7475,53.06,3,338109.62,20.07,71,56,2.0,1.0,0
7476,39.41,2,210313.52,10.57,0,28,2.0,1.5,1
7477,5.23,2,215876.13,8.57,64,11,0.0,0.0,1
7478,31.76,3,550768.87,7.220000000000001,48,35,1.0,5.0,0
7479,10.49,2,254979.96,5.34,3,35,2.0,0.0,0
7480,50.66,3,324821.31,13.950000000000001,15,15,2.0,2.0,0
7481,24.79,2,327326.06,9.790000000000001,47,37,0.0,0.0,0
7482,45.5,1,74212.91,3.25,16,0,1.0,0.0,0
7483,33.23,3,407563.81,5.57,28,48,0.0,0.0,0
7484,15.45,2,259360.41999999998,6.72,35,42,0.0,0.0,0
7485,64.27,1,107849.62,8.78,12,0,0.0,0.0,0
7486,33.96,1,65672.42,1.02,18,6,2.0,2.0,0
7487,13.77,3,393354.49,8.9,3,57,0.0,0.0,0
7488,1.05,2,242965.71,8.3,50,6,0.0,0.0,0
7489,13.31,2,149500.58,12.42,43,0,0.0,0.0,0
7490,46.32,2,198677.63,0.0,19,24,1.0,0.0,0
7491,27.45,2,238766.74,0.0,33,36,2.0,2.5,1
7492,2.3,2,252234.7,3.91,11,8,0.0,0.0,0
7493,20.41,3,448564.12,5.45,0,8,2.0,1.5,0
7494,12.72,2,252288.46999999997,3.63,22,34,0.0,0.0,0
7495,56.9,3,416847.82,8.4,2,36,0.0,0.0,0
7496,3.02,2,254838.72999999998,8.89,50,49,0.0,0.0,0
7497,55.42,3,473572.83999999997,7.31,80,91,0.0,0.0,0
7498,31.85,2,309050.98,5.12,40,0,1.0,0.0,0
7499,15.48,1,170889.53,0.96,0,4,0.0,0.0,0
7500,58.55,3,387986.65,8.18,0,0,0.0,0.0,0
7501,46.78,3,528255.98,8.44,42,37,0.0,0.0,0
7502,21.53,1,159919.52,0.0,0,0,2.0,0.0,0
7503,31.23,3,404012.06,6.66,21,19,0.0,0.0,0
7504,63.61,1,52408.27,0.0,0,0,1.0,2.0,0
7505,55.16,3,400571.29,0.0,56,48,1.0,0.0,1
7506,5.62,3,312333.05,3.95,13,13,0.0,0.0,0
7507,38.26,1,173765.63,0.0,0,0,2.0,3.0,0
7508,55.03,1,63693.02,3.07,0,39,1.0,0.0,0
7509,1.64,2,292127.82999999996,14.05,38,29,1.0,2.0,0
7510,50.23,3,398458.0,6.58,55,0,2.0,1.0,0
7511,27.65,1,97336.72,1.99,50,41,0.0,0.0,0
7512,7.23,3,389627.78,3.55,39,5,1.0,4.0,0
7513,16.14,2,324764.18999999994,0.0,24,0,0.0,0.0,0
7514,7.53,3,423340.36,7.68,11,77,0.0,0.0,0
7515,35.34,1,51229.85,4.02,0,0,0.0,0.0,0
7516,19.23,1,114235.98,2.82,2,0,0.0,0.0,0
7517,52.2,1,193714.94,5.97,0,24,0.0,0.0,0
7518,44.31,3,427373.34,6.34,49,35,2.0,2.5,0
7519,64.17,2,288181.63,8.45,62,18,2.0,0.5,0
7520,8.65,2,325171.52,4.83,33,0,1.0,1.0,0
7521,40.2,3,290058.09,7.18,34,24,2.0,1.0,0
7522,53.55,3,328062.65,2.56,71,15,0.0,0.0,0
7523,1.64,2,239295.29,2.63,44,71,1.0,0.0,1
7524,45.96,1,140034.9,7.13,23,5,2.0,3.5,0
7525,61.41,2,231307.47,7.49,41,31,2.0,0.0,0
7526,53.88,3,262494.66,9.56,35,33,2.0,1.5,1
7527,23.77,2,252819.12,4.05,0,37,0.0,0.0,0
7528,8.19,1,135186.0,9.12,11,0,2.0,3.0,0
7529,63.77,3,270964.15,11.559999999999999,45,4,0.0,0.0,0
7530,39.22,1,99651.17,8.51,36,0,0.0,0.0,0
7531,46.48,1,178517.39,5.3,17,0,0.0,0.0,1
7532,38.4,1,120394.09,1.2,0,33,1.0,0.0,0
7533,60.62,3,430983.19,0.54,12,47,0.0,0.0,0
7534,9.53,2,222781.33,7.16,9,41,2.0,0.0,0
7535,51.78,2,262288.55,0.0,16,47,0.0,0.0,0
7536,36.92,3,463422.86,0.0,60,42,1.0,4.0,0
7537,17.55,1,56222.86,5.31,31,8,0.0,0.0,0
7538,22.49,1,114320.16,3.62,0,46,1.0,0.0,1
7539,56.34,3,497017.81,3.0,21,0,0.0,0.0,0
7540,29.03,1,107903.12,0.0,0,0,0.0,0.0,0
7541,21.2,1,120124.59,0.0,0,41,0.0,0.0,0
7542,39.28,1,71923.71,0.0,13,36,0.0,0.0,0
7543,41.26,2,376806.24,0.0,0,0,0.0,0.0,0
7544,5.13,3,383887.15,10.37,0,20,2.0,0.0,0
7545,5.75,3,411275.65,3.84,44,41,1.0,0.0,0
7546,32.64,1,82257.35,0.0,0,43,2.0,0.5,0
7547,50.72,1,92926.78,0.0,0,0,2.0,4.0,1
7548,36.36,2,268406.19,2.17,76,0,0.0,0.0,0
7549,55.16,1,129971.48,0.0,31,8,2.0,4.0,0
7550,16.14,1,57600.86,0.0,32,24,0.0,0.0,1
7551,7.56,1,72507.74,8.24,8,25,0.0,0.0,0
7552,51.35,2,241245.59000000003,4.47,0,45,0.0,0.0,0
7553,62.13,2,298682.41000000003,8.19,0,31,0.0,0.0,0
7554,48.06,1,165149.08,9.78,12,21,2.0,0.0,1
7555,44.58,1,64125.29,0.0,38,1,0.0,0.0,1
7556,29.98,2,321688.89,3.81,0,47,0.0,0.0,0
7557,24.49,3,343577.41,4.76,62,54,0.0,0.0,0
7558,18.74,3,280940.65,1.89,62,34,1.0,4.0,0
7559,52.2,1,181818.87,0.0,0,0,2.0,2.5,0
7560,0.85,1,173952.08,0.0,27,19,0.0,0.0,0
7561,12.49,1,63001.96,2.33,39,41,0.0,0.0,0
7562,43.72,3,397631.79000000004,6.71,38,1,1.0,0.0,0
7563,47.67,3,377836.77,0.0,50,0,0.0,0.0,0
7564,22.58,1,104906.93,9.56,0,49,1.0,0.0,1
7565,14.76,3,480501.99,14.579999999999998,46,2,0.0,0.0,0
7566,17.59,1,184110.99,8.55,16,42,2.0,3.5,0
7567,62.33,2,165413.56,5.699999999999999,0,39,1.0,0.0,0
7568,42.04,1,108288.65,8.12,0,25,2.0,2.5,0
7569,38.63,3,319270.43,10.879999999999999,19,43,0.0,0.0,0
7570,10.95,2,351999.51,7.07,37,0,0.0,0.0,1
7571,20.58,1,79153.13,0.0,37,0,1.0,5.0,1
7572,60.72,1,162518.15,0.0,0,25,0.0,0.0,0
7573,21.47,3,438232.20999999996,9.21,0,50,1.0,0.0,0
7574,61.08,1,141931.3,0.0,0,0,2.0,2.0,0
7575,60.59,1,91242.14,1.4,0,0,0.0,0.0,0
7576,6.54,1,101532.4,0.0,0,9,0.0,0.0,1
7577,17.0,1,64136.49,4.15,0,47,2.0,0.5,0
7578,32.58,1,194845.98,8.56,0,19,1.0,5.0,1
7579,50.3,2,227638.58000000002,8.01,36,0,2.0,0.0,0
7580,36.92,1,99443.59,4.51,35,29,0.0,0.0,0
7581,24.33,3,372055.7,3.73,18,56,0.0,0.0,0
7582,38.89,2,193326.45,11.67,0,20,0.0,0.0,0
7583,1.45,3,415854.11000000004,12.67,78,58,0.0,0.0,0
7584,55.72,2,337831.63,1.88,0,17,2.0,2.5,1
7585,7.26,3,376226.11,5.13,94,0,0.0,0.0,0
7586,48.42,2,252563.47,10.559999999999999,16,23,0.0,0.0,0
7587,47.21,3,345434.65,15.239999999999998,46,7,1.0,3.0,0
7588,18.18,2,238066.18,0.0,29,33,0.0,0.0,0
7589,15.75,2,325639.17000000004,0.0,46,54,1.0,1.0,0
7590,55.06,3,480435.87,8.93,53,20,0.0,0.0,0
7591,12.82,2,180060.53,2.87,57,55,0.0,0.0,0
7592,18.64,2,201657.34999999998,0.0,14,6,0.0,0.0,0
7593,22.19,2,239010.15000000002,4.46,0,50,2.0,4.5,0
7594,46.15,2,235035.24,9.34,19,70,2.0,1.0,0
7595,50.66,3,486153.57,9.440000000000001,37,35,2.0,2.5,0
7596,51.35,2,169343.35,19.009999999999998,38,51,0.0,0.0,0
7597,25.18,1,58803.39,0.0,0,19,0.0,0.0,0
7598,13.41,3,296039.79,0.0,86,74,2.0,3.0,1
7599,60.26,3,411057.33,6.34,29,0,1.0,0.0,0
7600,20.15,2,188228.25,0.0,0,32,1.0,4.0,0
7601,23.5,2,134729.31,7.51,20,0,1.0,1.0,0
7602,62.03,3,237416.69,13.86,0,64,0.0,0.0,0
7603,21.89,1,169777.36,0.0,20,21,2.0,1.0,0
7604,13.71,2,189250.77,1.79,24,0,2.0,3.0,0
7605,3.81,2,229500.63999999998,9.2,0,34,2.0,4.0,0
7606,0.99,2,177785.12,0.0,21,3,0.0,0.0,0
7607,18.24,1,86991.39,0.0,0,26,2.0,1.5,0
7608,42.83,2,190634.93,16.009999999999998,45,0,1.0,1.0,0
7609,12.06,1,166726.7,0.0,40,0,0.0,0.0,0
7610,60.88,3,483162.86,5.88,38,41,1.0,4.0,0
7611,41.09,3,352573.04000000004,11.64,51,59,0.0,0.0,0
7612,53.62,2,181822.56,9.76,0,0,2.0,3.5,0
7613,60.95,1,158820.13,3.84,0,7,0.0,0.0,0
7614,30.18,3,547312.48,5.88,42,46,0.0,0.0,0
7615,50.3,3,359345.16,0.36,60,20,1.0,0.0,0
7616,13.08,3,282860.61,14.57,38,82,0.0,0.0,0
7617,35.83,3,266214.57,5.74,73,57,2.0,2.0,0
7618,12.49,3,477597.42000000004,9.03,0,41,0.0,0.0,1
7619,18.31,2,212688.89,0.0,20,66,2.0,3.0,0
7620,55.62,2,336159.79000000004,0.0,16,43,2.0,4.5,0
7621,33.14,3,411606.73,3.17,50,26,2.0,1.0,0
7622,12.75,3,406982.49,4.91,0,57,0.0,0.0,1
7623,31.16,3,377615.77,6.6,61,32,0.0,0.0,0
7624,48.95,3,339530.03,13.38,0,24,0.0,0.0,0
7625,26.13,3,334609.03,6.380000000000001,21,37,0.0,0.0,0
7626,6.64,2,219961.41999999998,0.0,64,28,1.0,3.0,0
7627,12.66,2,313788.16000000003,0.0,61,50,0.0,0.0,0
7628,38.92,1,127388.24,8.11,38,0,0.0,0.0,0
7629,14.33,3,470489.9,11.31,91,41,1.0,5.0,0
7630,56.11,2,310422.05000000005,5.4,30,0,2.0,0.0,0
7631,20.32,1,166734.01,0.0,28,0,1.0,3.0,1
7632,0.69,3,390932.70999999996,0.37,16,91,2.0,2.0,0
7633,36.59,3,447333.62,6.84,0,35,1.0,0.0,0
7634,53.12,2,212702.76,0.0,40,0,2.0,0.5,0
7635,44.94,3,410517.52,0.95,77,53,0.0,0.0,0
7636,63.68,2,324743.92,3.95,26,25,0.0,0.0,0
7637,13.02,3,456524.18,0.0,45,56,2.0,2.0,0
7638,15.81,2,212566.19,0.0,21,12,1.0,0.0,0
7639,39.88,1,147005.43,0.0,8,18,0.0,0.0,0
7640,31.2,1,53852.36,4.75,0,0,1.0,2.0,0
7641,26.36,3,453846.91000000003,0.0,11,26,2.0,1.5,0
7642,40.63,1,128090.44,4.24,5,0,0.0,0.0,0
7643,57.46,2,304706.6,0.01,0,0,0.0,0.0,0
7644,40.3,1,114825.09,3.85,0,0,0.0,0.0,1
7645,21.4,1,190816.73,9.72,44,0,1.0,4.0,0
7646,38.4,2,264041.97,0.94,15,0,0.0,0.0,0
7647,12.59,3,532527.09,11.579999999999998,40,5,0.0,0.0,0
7648,8.05,3,284636.43,12.29,27,48,0.0,0.0,0
7649,26.13,2,311469.66,2.36,1,39,0.0,0.0,1
7650,3.12,3,346830.06,6.140000000000001,75,45,1.0,1.0,1
7651,42.01,1,101776.67,0.14,0,15,2.0,4.0,0
7652,43.13,3,488957.51,7.13,98,0,2.0,1.5,0
7653,15.09,2,155094.78,0.0,29,47,0.0,0.0,0
7654,15.42,3,402405.35,13.370000000000001,33,59,0.0,0.0,0
7655,4.37,1,65998.67,5.08,16,21,1.0,1.0,0
7656,33.76,1,171977.58,5.1,0,43,2.0,1.0,0
7657,39.38,2,210181.71000000002,4.39,16,92,0.0,0.0,0
7658,47.4,3,559889.62,6.67,48,37,0.0,0.0,0
7659,59.57,3,333673.72,0.0,48,5,1.0,0.0,0
7660,33.76,3,400822.59,9.58,43,53,0.0,0.0,0
7661,35.01,3,316873.79,12.739999999999998,51,35,2.0,1.0,0
7662,20.35,3,457567.05999999994,0.11,22,35,1.0,5.0,0
7663,13.61,1,150286.7,0.0,0,0,1.0,3.0,0
7664,17.26,1,124215.67,9.01,0,0,2.0,0.5,0
7665,5.13,1,155143.73,0.8,0,0,0.0,0.0,0
7666,24.65,1,173248.23,0.0,13,29,0.0,0.0,0
7667,49.47,3,421736.55,12.2,0,78,0.0,0.0,0
7668,33.04,1,151502.03,0.0,41,0,1.0,1.0,0
7669,36.92,2,295460.36,0.0,34,35,0.0,0.0,0
7670,20.02,1,83757.48,0.0,0,3,2.0,0.0,0
7671,60.22,1,141503.81,0.0,31,0,0.0,0.0,0
7672,41.22,1,149292.28,0.0,37,0,2.0,0.0,0
7673,30.21,2,265179.21,0.0,84,36,0.0,0.0,0
7674,11.24,3,327677.8,20.009999999999998,11,55,1.0,0.0,0
7675,12.33,3,452100.56,6.4,27,27,0.0,0.0,0
7676,45.63,2,209194.51,3.62,21,3,2.0,2.5,0
7677,37.31,2,206325.17,5.86,0,67,2.0,0.0,0
7678,52.63,1,172258.44,0.0,47,0,2.0,2.5,0
7679,23.01,2,301568.83999999997,2.92,7,0,1.0,4.0,0
7680,33.2,3,388936.96,12.22,51,59,0.0,0.0,0
7681,39.55,1,124099.0,0.0,0,4,0.0,0.0,0
7682,6.9,2,133670.5,0.0,22,0,2.0,2.0,0
7683,41.32,3,317881.20999999996,9.76,11,70,0.0,0.0,0
7684,42.83,1,142851.65,0.0,50,0,0.0,0.0,0
7685,46.68,2,256616.71000000002,3.8,0,0,0.0,0.0,0
7686,25.28,3,346279.82999999996,4.78,31,89,0.0,0.0,0
7687,56.44,2,318209.07,0.0,36,29,0.0,0.0,0
7688,64.37,3,339653.62,3.04,106,22,0.0,0.0,0
7689,56.41,3,421273.73,2.7199999999999998,36,11,0.0,0.0,0
7690,48.62,3,534964.1699999999,14.8,50,6,2.0,3.5,0
7691,18.7,1,82789.3,0.0,3,2,1.0,0.0,1
7692,16.83,2,296217.80000000005,0.0,30,47,0.0,0.0,0
7693,17.55,2,238156.05,0.0,43,50,0.0,0.0,0
7694,27.81,2,275352.83,0.0,22,19,0.0,0.0,0
7695,27.74,2,218891.53,0.0,5,62,0.0,0.0,0
7696,45.69,3,349819.65,17.77,92,48,2.0,3.5,0
7697,59.43,3,276613.57,5.97,11,6,0.0,0.0,0
7698,56.11,3,196904.03,12.73,55,28,1.0,0.0,0
7699,51.81,1,163738.99,9.9,0,20,2.0,3.0,1
7700,14.5,1,136061.72,2.64,0,0,0.0,0.0,1
7701,36.0,3,329219.18,0.12,32,17,0.0,0.0,0
7702,48.98,1,160364.76,0.0,1,0,0.0,0.0,0
7703,14.46,3,300604.7,24.119999999999997,37,43,2.0,1.5,0
7704,12.75,3,390546.67000000004,0.77,43,44,1.0,3.0,0
7705,18.51,1,199621.51,1.21,8,0,2.0,4.5,0
7706,53.42,3,298666.66000000003,7.7,19,39,0.0,0.0,0
7707,60.22,2,355634.63,0.0,47,7,1.0,0.0,0
7708,54.5,1,192544.83,5.75,0,4,0.0,0.0,0
7709,51.35,3,405670.73,0.0,62,33,2.0,2.5,0
7710,56.21,3,267520.22,8.76,96,21,0.0,0.0,1
7711,42.67,3,451492.06,5.6,68,0,0.0,0.0,0
7712,46.29,2,190309.1,0.0,19,0,0.0,0.0,0
7713,22.49,3,394287.42999999993,8.72,74,14,0.0,0.0,0
7714,6.71,3,472603.69,2.44,30,49,2.0,2.0,0
7715,4.93,1,115387.86,9.79,15,0,0.0,0.0,0
7716,27.22,1,183110.45,0.0,0,0,0.0,0.0,0
7717,24.98,1,165686.12,0.0,0,35,2.0,2.5,0
7718,44.51,2,321416.69999999995,5.57,18,8,0.0,0.0,0
7719,25.74,3,334063.89,17.189999999999998,44,20,0.0,0.0,0
7720,31.43,3,388421.19,5.869999999999999,47,35,0.0,0.0,0
7721,53.75,2,217224.89,5.64,0,27,2.0,2.0,0
7722,24.69,2,309518.1,9.850000000000001,57,42,0.0,0.0,0
7723,7.23,2,324399.99,14.489999999999998,34,22,0.0,0.0,0
7724,64.33,1,94865.56,2.82,41,8,2.0,0.0,0
7725,40.6,2,251210.21999999997,1.26,47,0,0.0,0.0,0
7726,35.86,3,374688.75,10.97,27,99,0.0,0.0,1
7727,29.59,3,405145.88,1.45,16,80,0.0,0.0,0
7728,24.79,1,172363.06,0.0,27,0,0.0,0.0,0
7729,35.6,1,167307.5,0.0,0,40,0.0,0.0,0
7730,31.89,3,481598.83999999997,4.76,46,0,2.0,2.0,0
7731,6.74,1,115120.15,5.8,44,5,0.0,0.0,0
7732,36.03,1,186310.75,0.0,0,45,2.0,3.0,0
7733,21.4,2,218888.39,0.0,16,26,0.0,0.0,0
7734,29.95,1,164379.57,3.63,32,1,2.0,5.0,0
7735,17.69,1,73813.38,1.66,1,31,0.0,0.0,0
7736,41.03,1,140302.72,0.8,15,0,2.0,0.0,0
7737,4.04,3,378504.69,17.94,26,31,1.0,2.0,0
7738,22.65,2,305081.83,11.67,20,0,0.0,0.0,0
7739,23.83,2,292882.69,7.56,45,2,0.0,0.0,0
7740,7.96,3,363653.14,5.79,36,22,0.0,0.0,0
7741,27.65,1,111466.06,0.0,0,4,2.0,3.5,0
7742,18.61,2,393066.44,0.0,25,0,0.0,0.0,0
7743,28.73,2,188328.89,9.94,22,0,2.0,2.0,1
7744,50.03,1,126974.86,0.0,0,19,2.0,2.5,0
7745,38.49,3,317198.63,15.46,48,72,0.0,0.0,0
7746,11.87,1,177740.64,0.0,38,0,0.0,0.0,0
7747,18.34,3,362519.53,0.0,10,106,0.0,0.0,0
7748,10.65,2,259081.01,7.92,2,0,2.0,1.5,1
7749,60.98,2,280068.05,0.0,35,42,1.0,0.0,0
7750,21.04,3,385824.33999999997,0.0,34,28,1.0,0.0,0
7751,28.76,1,154968.73,0.22,0,12,0.0,0.0,0
7752,58.25,2,256561.63,3.85,46,40,1.0,2.0,0
7753,58.25,3,334268.73,9.34,23,24,1.0,0.0,0
7754,1.84,1,110154.62,0.0,0,7,2.0,1.5,0
7755,5.72,1,139138.46,0.0,0,0,1.0,0.0,0
7756,18.01,1,181141.44,0.0,8,0,0.0,0.0,1
7757,48.29,3,351248.06,19.0,84,41,0.0,0.0,0
7758,46.71,2,367976.39,8.69,0,44,0.0,0.0,0
7759,38.26,2,255361.76,8.469999999999999,38,55,2.0,2.5,1
7760,15.25,1,187295.34,0.0,0,0,0.0,0.0,0
7761,21.53,1,61050.5,2.3,48,20,0.0,0.0,0
7762,26.63,1,80647.92,6.45,29,43,0.0,0.0,0
7763,58.02,3,409382.15,5.23,58,31,2.0,2.0,1
7764,28.14,1,97083.06,5.57,0,18,0.0,0.0,1
7765,63.05,2,262175.88,5.59,67,48,2.0,1.0,0
7766,50.39,3,326382.05,4.93,57,77,0.0,0.0,0
7767,58.91,2,234115.24,0.0,1,0,1.0,2.0,0
7768,22.32,2,258626.53,0.0,3,42,0.0,0.0,0
7769,17.09,3,435000.08,5.21,19,0,0.0,0.0,0
7770,60.32,3,298652.26,4.75,28,0,0.0,0.0,0
7771,4.93,3,508963.85,11.25,1,0,2.0,4.5,0
7772,32.54,1,141216.19,7.35,0,9,1.0,0.0,0
7773,49.01,2,247212.18,9.66,8,0,1.0,0.0,0
7774,44.87,1,53708.09,0.27,0,0,0.0,0.0,1
7775,63.31,1,173240.83,3.33,43,19,1.0,0.0,0
7776,39.68,3,388933.23,9.56,47,26,0.0,0.0,0
7777,31.07,3,481626.80000000005,0.0,64,53,0.0,0.0,0
7778,12.29,1,172075.59,7.75,0,45,0.0,0.0,1
7779,33.37,2,321608.04000000004,15.79,0,29,2.0,3.0,0
7780,14.1,2,244238.36,5.04,0,34,2.0,0.5,0
7781,60.45,2,306995.19999999995,4.81,20,48,0.0,0.0,0
7782,37.28,3,406772.07,10.129999999999999,59,6,0.0,0.0,0
7783,52.01,1,120077.74,0.0,0,0,0.0,0.0,0
7784,4.34,1,54461.75,0.0,0,0,0.0,0.0,1
7785,21.63,1,105732.28,7.53,0,0,0.0,0.0,0
7786,16.57,1,192294.66,0.19,49,0,0.0,0.0,0
7787,23.73,1,140019.15,0.0,34,0,1.0,4.0,0
7788,42.37,3,388908.47000000003,0.0,50,0,1.0,4.0,0
7789,19.82,1,87088.11,1.32,0,11,2.0,0.0,0
7790,11.34,3,276114.49,5.06,21,121,0.0,0.0,0
7791,7.82,1,198314.03,8.11,5,0,2.0,2.5,0
7792,12.46,2,315156.95999999996,6.92,53,45,0.0,0.0,1
7793,26.0,1,184048.65,0.0,14,0,2.0,0.0,0
7794,16.57,3,506037.53,0.0,9,43,2.0,0.0,0
7795,53.02,2,349158.99,1.33,0,0,1.0,1.0,0
7796,12.16,1,146112.71,0.0,0,0,0.0,0.0,0
7797,26.0,3,400443.33999999997,5.51,46,53,2.0,3.5,0
7798,53.39,1,172840.65,4.63,43,29,0.0,0.0,0
7799,19.4,3,496741.08,4.8,40,0,2.0,0.0,1
7800,60.62,3,270243.28,13.11,47,0,0.0,0.0,0
7801,54.83,1,160247.88,2.36,0,0,0.0,0.0,0
7802,16.27,1,124818.67,0.0,3,0,0.0,0.0,0
7803,3.48,2,220007.78,0.89,32,23,1.0,0.0,1
7804,41.85,1,102295.07,4.8,0,0,0.0,0.0,0
7805,26.46,3,293811.68,9.55,12,42,1.0,1.0,0
7806,29.95,1,172821.23,6.53,0,22,0.0,0.0,0
7807,18.74,1,82533.84,0.0,39,0,1.0,0.0,0
7808,16.63,2,376136.18000000005,15.89,4,51,0.0,0.0,0
7809,8.58,3,223628.5,7.99,43,5,2.0,1.5,0
7810,16.14,2,268723.76,0.0,0,54,1.0,4.0,0
7811,9.47,1,130347.62,0.0,1,0,0.0,0.0,0
7812,16.63,3,297164.47,6.49,57,55,0.0,0.0,0
7813,25.64,1,61304.37,0.0,34,0,2.0,4.0,0
7814,22.06,3,406782.53,5.28,10,103,1.0,3.0,0
7815,20.68,3,435990.93,14.99,45,33,2.0,2.5,1
7816,29.36,1,128015.5,1.33,0,0,2.0,3.0,0
7817,16.8,1,178421.82,0.0,0,0,0.0,0.0,0
7818,27.65,3,434818.02,3.58,22,0,1.0,0.0,0
7819,44.21,1,96704.23,0.0,0,0,1.0,4.0,0
7820,8.55,1,155888.08,0.0,0,28,2.0,0.0,0
7821,1.22,3,537640.6799999999,10.47,85,61,2.0,2.5,0
7822,5.85,3,438330.54000000004,6.56,18,40,1.0,0.0,0
7823,38.1,3,345041.73,9.64,46,70,0.0,0.0,0
7824,55.46,3,333091.48,0.0,108,96,2.0,2.0,0
7825,64.5,3,318986.4,0.0,36,0,0.0,0.0,0
7826,14.99,1,78140.81,7.29,35,0,0.0,0.0,0
7827,25.74,1,139217.11,0.0,44,18,0.0,0.0,0
7828,44.48,2,342843.24,0.0,9,3,0.0,0.0,1
7829,17.52,3,395861.77,2.2,88,15,0.0,0.0,0
7830,19.07,1,77760.61,0.0,0,0,0.0,0.0,0
7831,35.44,1,132705.1,7.72,0,0,0.0,0.0,0
7832,17.72,3,433848.02,7.29,81,34,1.0,5.0,0
7833,27.45,1,111425.59,7.91,0,45,0.0,0.0,0
7834,59.27,2,301052.49,9.63,78,14,1.0,0.0,0
7835,34.39,3,397499.15,8.58,43,33,0.0,0.0,0
7836,35.17,2,273897.05,5.47,0,0,1.0,0.0,1
7837,22.68,2,295886.31,9.92,10,15,0.0,0.0,0
7838,57.3,2,372522.15,0.0,30,29,0.0,0.0,1
7839,44.38,3,259656.29,6.16,29,0,0.0,0.0,0
7840,16.54,2,294774.53,12.57,41,0,2.0,0.0,0
7841,14.17,2,250658.47999999998,4.34,27,0,1.0,0.0,0
7842,34.22,1,132500.26,0.0,28,0,1.0,0.0,0
7843,9.83,1,199456.97,0.0,0,0,2.0,0.0,0
7844,20.68,2,332559.58,9.01,0,0,0.0,0.0,1
7845,14.1,3,322075.12,6.28,21,20,1.0,0.0,0
7846,35.54,2,265353.76,0.0,15,0,2.0,2.5,0
7847,0.79,2,223590.96000000002,4.16,6,12,2.0,3.5,0
7848,35.86,1,143092.34,0.0,0,0,1.0,1.0,0
7849,4.83,2,154164.22,0.0,0,2,0.0,0.0,0
7850,19.43,2,289710.45,0.0,3,86,0.0,0.0,0
7851,26.13,3,403198.93000000005,0.35,28,0,1.0,4.0,0
7852,9.73,2,313198.76,5.609999999999999,62,38,0.0,0.0,0
7853,52.66,1,146806.21,3.79,0,16,2.0,2.5,0
7854,34.91,1,144911.25,0.0,0,0,0.0,0.0,0
7855,50.0,3,255360.53999999998,4.09,83,66,0.0,0.0,1
7856,46.68,2,224729.26,0.55,1,19,0.0,0.0,1
7857,4.6,1,74105.13,0.0,0,28,0.0,0.0,0
7858,30.01,2,256118.41999999998,1.5,1,17,2.0,0.0,0
7859,55.52,2,145450.81,5.44,46,0,0.0,0.0,0
7860,52.6,2,185106.41999999998,0.0,49,28,0.0,0.0,0
7861,43.89,1,199512.89,8.59,36,44,2.0,0.5,0
7862,53.39,1,168640.13,0.0,0,0,0.0,0.0,0
7863,62.69,2,324510.01,6.09,21,39,0.0,0.0,0
7864,41.78,3,440735.17,9.42,10,82,0.0,0.0,0
7865,13.68,2,310791.02,7.42,34,48,0.0,0.0,0
7866,45.36,1,178873.01,7.34,0,0,0.0,0.0,0
7867,54.34,2,230044.17,10.56,44,22,0.0,0.0,0
7868,3.91,1,51771.98,3.64,4,42,0.0,0.0,0
7869,35.24,2,176672.07,0.0,0,67,0.0,0.0,1
7870,59.6,2,274386.65,0.0,0,83,1.0,0.0,0
7871,38.76,1,130903.32,0.96,50,39,1.0,0.0,0
7872,11.83,1,185958.9,0.0,0,0,2.0,0.0,0
7873,31.2,1,179681.12,0.0,18,40,0.0,0.0,1
7874,12.2,1,120585.91,4.42,0,0,0.0,0.0,0
7875,2.89,2,196009.59,3.7,18,12,1.0,0.0,0
7876,9.27,3,421564.48,0.0,48,30,2.0,0.0,0
7877,15.35,2,264363.75,11.940000000000001,0,37,1.0,0.0,0
7878,32.97,1,138679.96,0.54,0,5,1.0,0.0,0
7879,44.35,1,140856.35,7.05,8,14,0.0,0.0,0
7880,3.94,1,151237.8,0.0,0,0,2.0,0.5,0
7881,15.19,2,202534.0,7.97,35,37,1.0,0.0,0
7882,6.11,1,55831.79,7.6,35,0,0.0,0.0,0
7883,1.71,2,170786.19,0.0,0,50,0.0,0.0,0
7884,39.91,2,190723.34999999998,1.79,8,0,2.0,1.0,0
7885,36.26,1,89659.8,0.0,46,28,2.0,1.0,0
7886,52.14,3,464143.47000000003,15.75,12,78,2.0,1.0,0
7887,25.67,3,470826.17000000004,11.52,27,1,0.0,0.0,1
7888,31.16,1,63972.54,0.0,49,18,1.0,2.0,0
7889,27.48,3,303895.6,14.79,12,43,2.0,2.0,0
7890,24.39,3,275075.88,0.0,24,81,2.0,2.5,0
7891,60.82,1,104304.48,0.0,44,14,0.0,0.0,1
7892,9.47,1,69449.81,6.15,12,0,0.0,0.0,0
7893,5.88,3,422951.99,2.86,11,0,0.0,0.0,0
7894,45.92,1,128610.13,3.42,0,50,1.0,0.0,0
7895,8.97,3,378953.26,0.0,76,4,0.0,0.0,0
7896,30.77,3,509655.94,8.18,56,0,1.0,3.0,0
7897,10.98,1,153046.78,0.0,0,0,2.0,1.0,0
7898,38.53,1,174377.15,9.89,0,0,1.0,0.0,0
7899,49.93,2,256010.07,5.06,44,17,0.0,0.0,1
7900,53.88,2,206333.9,9.0,4,0,1.0,0.0,0
7901,36.13,2,222968.9,2.28,0,0,0.0,0.0,0
7902,41.12,1,86340.2,0.0,0,0,0.0,0.0,0
7903,64.33,3,508731.57999999996,9.28,43,58,1.0,0.0,0
7904,38.3,2,136304.38,4.45,0,2,0.0,0.0,0
7905,38.1,2,252866.62,1.88,45,0,1.0,0.0,0
7906,58.51,3,268752.88,4.69,40,12,0.0,0.0,0
7907,29.91,1,105341.24,8.65,0,49,0.0,0.0,1
7908,13.48,2,283996.74,0.0,0,0,0.0,0.0,0
7909,20.48,2,211670.61,0.0,29,0,2.0,0.5,0
7910,7.13,3,428109.04,4.140000000000001,25,29,0.0,0.0,0
7911,40.53,1,162083.01,0.0,0,45,1.0,0.0,0
7912,11.14,1,168003.18,7.58,9,0,0.0,0.0,0
7913,3.39,1,134756.76,0.0,8,50,0.0,0.0,0
7914,59.3,2,208885.31,3.74,67,0,0.0,0.0,0
7915,59.83,3,340887.82999999996,14.879999999999999,46,36,0.0,0.0,0
7916,46.09,2,191159.37,9.95,0,0,0.0,0.0,0
7917,8.78,3,288480.74,5.66,86,44,2.0,2.0,0
7918,55.39,2,251815.75,9.799999999999999,0,4,0.0,0.0,0
7919,6.64,1,69564.88,0.0,0,5,0.0,0.0,0
7920,25.05,1,152643.84,1.25,47,6,0.0,0.0,0
7921,26.3,1,196174.64,0.0,0,41,1.0,4.0,0
7922,51.68,3,269883.98,14.34,36,21,2.0,0.5,0
7923,41.68,2,136711.39,3.05,31,67,0.0,0.0,0
7924,58.02,1,103147.57,9.66,0,4,0.0,0.0,0
7925,3.29,2,202118.41,7.6,60,0,2.0,1.5,1
7926,36.79,1,94732.6,0.0,43,15,1.0,1.0,0
7927,53.75,3,289129.24,7.01,0,48,0.0,0.0,0
7928,20.15,1,175840.05,9.54,27,0,0.0,0.0,1
7929,63.45,3,375238.9,9.14,44,26,0.0,0.0,0
7930,63.25,3,315045.69,15.4,42,13,1.0,5.0,0
7931,9.24,2,265985.70999999996,6.64,29,33,1.0,0.0,0
7932,44.97,3,222105.66999999998,4.22,0,29,2.0,0.0,0
7933,23.64,3,429244.75,8.02,33,1,1.0,2.0,0
7934,46.29,3,426581.64,10.18,29,84,0.0,0.0,0
7935,36.32,2,247372.24000000002,0.0,29,7,0.0,0.0,0
7936,38.89,3,213241.84999999998,4.21,33,63,2.0,0.0,1
7937,33.53,1,162456.54,0.0,26,0,2.0,0.0,0
7938,57.2,1,61153.92,0.0,0,33,0.0,0.0,0
7939,2.63,3,458343.80999999994,0.0,37,75,1.0,0.0,0
7940,31.2,1,134693.12,0.0,0,45,0.0,0.0,0
7941,6.28,3,404078.37,0.0,25,55,2.0,1.5,0
7942,19.33,1,189992.31,6.77,33,3,2.0,0.0,0
7943,56.97,2,359252.93,13.82,36,17,0.0,0.0,0
7944,49.67,2,300247.07999999996,1.59,12,8,0.0,0.0,0
7945,41.65,2,221244.53,4.17,11,19,0.0,0.0,0
7946,24.95,1,162080.18,0.0,0,0,2.0,0.0,0
7947,16.21,3,306613.85,5.94,21,15,1.0,1.0,0
7948,4.83,3,414599.77,8.03,50,0,1.0,5.0,0
7949,27.15,2,260901.56,8.92,39,40,1.0,0.0,0
7950,21.47,1,116212.14,0.0,0,39,0.0,0.0,0
7951,40.66,1,183587.38,4.55,1,1,0.0,0.0,0
7952,36.42,2,210922.83000000002,0.0,0,48,0.0,0.0,0
7953,23.7,3,558558.76,14.759999999999998,53,76,1.0,1.0,0
7954,3.98,2,255937.56,0.0,32,0,0.0,0.0,1
7955,48.75,3,394487.36,6.63,18,66,1.0,5.0,0
7956,9.83,1,87158.81,3.46,0,7,1.0,3.0,0
7957,46.38,1,181839.23,0.0,0,50,0.0,0.0,0
7958,60.55,1,161073.03,5.07,0,0,1.0,2.0,0
7959,51.41,1,180388.91,0.0,43,0,0.0,0.0,0
7960,55.85,3,293544.02,0.0,31,48,0.0,0.0,0
7961,23.8,1,189030.11,3.63,13,0,0.0,0.0,0
7962,31.07,2,375664.79000000004,8.81,7,0,2.0,3.0,0
7963,58.28,3,327891.39,13.510000000000002,35,0,0.0,0.0,0
7964,52.93,3,373956.61,0.0,31,13,0.0,0.0,0
7965,50.33,1,124660.22,9.73,0,23,2.0,2.0,1
7966,8.71,2,301262.77,4.54,46,47,1.0,3.0,0
7967,29.95,3,374965.19,0.0,72,22,0.0,0.0,0
7968,38.76,3,395456.56,0.0,0,4,2.0,1.5,0
7969,17.85,1,135209.08,0.0,0,2,0.0,0.0,0
7970,16.11,3,532866.78,2.78,34,105,2.0,3.5,0
7971,44.81,3,346055.26,2.76,41,32,0.0,0.0,0
7972,9.96,2,352834.4,2.66,0,27,0.0,0.0,0
7973,27.09,2,222982.32,0.0,27,0,0.0,0.0,0
7974,18.21,3,473119.7,13.17,75,63,1.0,5.0,0
7975,41.29,1,120174.41,0.0,0,0,0.0,0.0,0
7976,63.38,3,259390.97999999998,13.13,64,72,0.0,0.0,0
7977,27.65,1,105841.14,4.13,0,37,1.0,5.0,0
7978,11.93,2,161990.32,6.36,4,0,0.0,0.0,1
7979,38.86,1,189200.45,0.0,28,50,0.0,0.0,0
7980,23.41,2,343396.26,0.0,28,45,2.0,1.0,1
7981,9.8,1,111663.09,0.76,23,0,0.0,0.0,0
7982,0.99,3,314985.46,18.83,28,0,1.0,0.0,0
7983,33.4,3,360720.33,12.03,0,48,0.0,0.0,1
7984,20.84,1,112984.25,0.0,0,19,0.0,0.0,0
7985,22.26,1,52561.46,0.0,49,7,0.0,0.0,1
7986,9.76,3,351823.24,7.07,0,0,0.0,0.0,0
7987,53.06,3,351455.73000000004,11.95,53,44,0.0,0.0,0
7988,15.71,1,80231.93,0.0,0,21,1.0,3.0,0
7989,2.83,2,140158.35,6.9,9,30,0.0,0.0,0
7990,63.77,1,114396.07,0.0,0,0,0.0,0.0,0
7991,56.9,2,375493.39,9.350000000000001,3,0,0.0,0.0,0
7992,53.39,1,79567.81,8.07,34,0,2.0,2.5,0
7993,14.79,2,152270.8,0.27,46,0,0.0,0.0,0
7994,58.22,1,180424.85,0.0,26,0,1.0,0.0,1
7995,46.88,1,73914.99,2.11,0,22,0.0,0.0,0
7996,47.01,2,215600.02000000002,2.91,47,4,1.0,0.0,0
7997,12.16,3,391127.1,10.29,0,87,2.0,2.5,1
7998,63.41,1,193339.67,6.77,49,0,2.0,1.5,0
7999,26.99,2,242000.37,3.82,0,2,2.0,0.5,0
8000,39.97,1,59139.89,8.3,18,47,2.0,0.5,0
8001,31.33,2,227353.72999999998,9.48,40,23,0.0,0.0,0
8002,19.92,1,108524.87,5.81,0,15,0.0,0.0,0
8003,29.13,1,92107.41,0.0,19,0,1.0,5.0,0
8004,6.61,3,421555.60000000003,0.0,18,30,0.0,0.0,0
8005,30.83,1,134586.46,0.0,40,2,0.0,0.0,0
8006,10.36,2,339360.54000000004,4.26,6,0,1.0,3.0,0
8007,2.96,2,239005.15000000002,0.0,67,0,1.0,0.0,0
8008,0.33,3,233381.82,12.809999999999999,73,11,0.0,0.0,0
8009,49.61,3,425092.57,8.879999999999999,43,47,1.0,0.0,1
8010,16.73,2,141280.91,9.22,56,32,0.0,0.0,0
8011,1.25,3,298575.44,0.0,0,22,1.0,0.0,0
8012,41.85,1,69992.88,3.89,32,9,0.0,0.0,0
8013,34.58,2,241743.7,11.51,14,0,1.0,3.0,0
8014,58.02,3,250413.46000000002,15.27,0,38,2.0,1.5,0
8015,9.57,1,134108.3,0.0,48,19,0.0,0.0,0
8016,15.48,2,180217.69,6.7,33,43,2.0,1.5,0
8017,47.83,3,412215.34,0.0,26,34,1.0,0.0,0
8018,9.01,1,122333.97,0.0,24,0,0.0,0.0,0
8019,32.15,1,65069.91,0.0,23,47,0.0,0.0,0
8020,15.88,2,235698.58,0.0,28,4,0.0,0.0,0
8021,57.89,3,220565.47999999998,12.12,17,33,0.0,0.0,0
8022,60.65,2,327830.9,0.0,35,0,0.0,0.0,0
8023,30.93,3,322902.22,9.72,47,2,0.0,0.0,0
8024,60.98,3,469439.42000000004,0.0,37,6,0.0,0.0,0
8025,60.45,1,56400.94,0.0,26,41,2.0,3.5,0
8026,49.61,1,181556.68,0.0,11,0,0.0,0.0,0
8027,4.47,3,217933.46,10.05,1,0,0.0,0.0,0
8028,28.67,2,165238.74,9.459999999999999,58,0,0.0,0.0,0
8029,54.93,2,292734.58,7.74,10,0,1.0,0.0,0
8030,30.77,1,88489.1,0.2,0,0,0.0,0.0,0
8031,38.3,3,440028.82,2.15,116,42,2.0,2.0,0
8032,21.4,3,403895.2,13.51,2,35,1.0,0.0,0
8033,9.04,2,234499.49,9.879999999999999,31,40,0.0,0.0,0
8034,26.79,2,200327.66,9.46,0,0,0.0,0.0,0
8035,49.74,2,217733.93,11.63,0,0,1.0,0.0,0
8036,25.61,3,320820.04,0.61,40,0,2.0,0.0,0
8037,49.24,2,231047.04,7.45,16,2,0.0,0.0,1
8038,44.41,2,156829.39,6.84,8,0,0.0,0.0,0
8039,26.86,3,390482.62,9.13,56,13,2.0,2.0,0
8040,3.65,3,312316.44,9.860000000000001,16,34,1.0,3.0,0
8041,42.31,2,311355.53,5.82,34,2,0.0,0.0,0
8042,16.31,3,248958.84,9.7,47,2,0.0,0.0,0
8043,7.3,2,232608.40000000002,9.24,0,40,0.0,0.0,0
8044,19.76,2,145621.88,0.0,25,33,0.0,0.0,0
8045,16.73,2,184969.94,5.97,47,77,1.0,5.0,1
8046,0.2,1,159361.54,0.0,0,0,0.0,0.0,0
8047,27.28,3,334322.93000000005,0.0,31,14,1.0,4.0,0
8048,5.29,2,256857.84000000003,0.0,75,50,2.0,1.0,0
8049,18.24,2,264161.11,0.0,1,96,1.0,1.0,0
8050,31.1,2,201483.41,0.0,0,11,2.0,2.5,0
8051,56.74,1,137036.83,0.0,0,45,2.0,1.5,0
8052,55.85,2,196315.75,0.0,29,89,0.0,0.0,0
8053,12.95,3,345314.24,0.8,9,94,1.0,0.0,0
8054,32.45,2,244812.34999999998,7.960000000000001,0,0,0.0,0.0,0
8055,15.52,3,455569.18000000005,4.2,81,31,0.0,0.0,0
8056,1.12,1,114640.71,0.0,0,0,1.0,0.0,1
8057,54.27,3,256090.81,3.46,42,22,0.0,0.0,0
8058,26.89,1,68389.3,0.0,0,29,0.0,0.0,0
8059,23.67,3,424986.95999999996,0.0,24,0,0.0,0.0,1
8060,7.66,1,88322.0,9.05,0,46,1.0,0.0,1
8061,10.85,1,126970.56,0.0,8,30,0.0,0.0,0
8062,16.6,2,230558.65,9.09,32,47,0.0,0.0,0
8063,18.97,1,189708.73,0.0,27,0,0.0,0.0,1
8064,63.71,3,377995.56,6.06,80,11,2.0,2.0,0
8065,6.02,3,475982.5,0.0,64,19,2.0,1.0,0
8066,20.94,1,131369.96,0.0,0,0,1.0,2.0,0
8067,1.38,3,254417.26,8.96,48,44,0.0,0.0,0
8068,26.33,1,188609.1,0.0,43,0,0.0,0.0,0
8069,3.39,2,160913.58000000002,0.0,0,16,0.0,0.0,1
8070,61.34,3,396202.16000000003,8.26,71,42,2.0,4.0,0
8071,48.19,2,318256.38,9.95,29,34,2.0,0.5,0
8072,41.19,1,192811.53,7.82,31,0,2.0,1.5,0
8073,22.26,1,107287.0,9.11,27,15,0.0,0.0,1
8074,8.38,3,453696.84,7.470000000000001,21,53,1.0,1.0,0
8075,38.66,2,218415.11,16.94,0,30,1.0,0.0,0
8076,7.53,1,59129.8,0.37,37,19,1.0,1.0,0
8077,64.4,3,384243.54,11.14,31,44,0.0,0.0,0
8078,46.09,2,274239.57,0.68,46,37,0.0,0.0,0
8079,44.44,1,135744.87,4.39,4,0,0.0,0.0,0
8080,58.05,1,95947.29,9.79,4,1,0.0,0.0,0
8081,59.27,2,254500.78,8.49,0,18,1.0,3.0,0
8082,13.54,2,286808.79,0.0,46,28,2.0,4.0,0
8083,64.33,3,304354.07,9.51,48,103,0.0,0.0,1
8084,52.43,2,157081.63,9.82,0,20,1.0,0.0,0
8085,31.46,3,352056.37,9.659999999999998,42,1,2.0,3.0,0
8086,59.37,1,186034.51,6.17,0,0,0.0,0.0,0
8087,38.82,1,191895.26,0.0,0,18,2.0,2.5,0
8088,2.6,3,311589.06,0.52,0,56,0.0,0.0,0
8089,55.79,3,341462.56,27.1,71,21,0.0,0.0,0
8090,31.49,2,227314.61000000002,6.98,24,39,0.0,0.0,1
8091,30.31,1,148638.63,0.0,39,0,1.0,0.0,0
8092,22.16,1,163919.62,3.77,0,0,1.0,1.0,0
8093,40.7,2,270197.20999999996,7.27,46,34,2.0,0.0,0
8094,64.2,3,379829.76,1.16,41,81,0.0,0.0,0
8095,26.43,2,242226.09999999998,0.0,18,31,2.0,2.0,0
8096,63.45,3,338534.79000000004,9.32,40,94,1.0,0.0,0
8097,58.35,2,150014.88,0.0,27,0,1.0,0.0,0
8098,37.31,3,325469.86,3.53,71,63,0.0,0.0,0
8099,60.55,2,211127.51,8.44,33,19,0.0,0.0,0
8100,18.11,3,303991.97000000003,0.0,54,39,0.0,0.0,0
8101,61.8,3,369079.03,7.22,20,29,2.0,0.0,0
8102,59.17,2,276556.69,6.09,10,74,0.0,0.0,1
8103,39.22,3,311292.52,6.96,24,50,1.0,0.0,0
8104,40.2,2,204832.64,1.5,0,0,1.0,5.0,0
8105,24.23,1,57173.25,4.76,0,0,0.0,0.0,1
8106,44.84,3,395353.45999999996,2.48,76,0,0.0,0.0,0
8107,33.86,3,386499.69,0.0,75,3,1.0,3.0,0
8108,54.54,2,269281.45,3.85,15,28,1.0,0.0,0
8109,46.75,3,530283.52,6.1,32,0,2.0,2.5,1
8110,5.1,3,400173.48,8.059999999999999,70,66,0.0,0.0,0
8111,42.47,1,129375.87,8.62,0,4,0.0,0.0,0
8112,19.23,1,87856.15,2.53,0,0,0.0,0.0,0
8113,57.2,3,464813.07999999996,8.82,77,14,2.0,4.5,0
8114,9.53,2,316733.64,0.0,42,45,2.0,0.0,1
8115,14.37,2,150522.19,0.0,48,37,0.0,0.0,0
8116,10.52,3,497494.61,1.95,27,60,0.0,0.0,1
8117,15.48,2,228940.16999999998,1.02,0,31,0.0,0.0,1
8118,23.14,1,101124.93,0.0,32,0,0.0,0.0,0
8119,54.96,3,386590.22000000003,0.0,46,17,0.0,0.0,0
8120,24.65,3,338222.80000000005,3.68,52,0,0.0,0.0,0
8121,24.72,2,145450.71,1.28,43,29,0.0,0.0,1
8122,41.81,2,322619.22,8.31,19,66,0.0,0.0,0
8123,12.62,3,420104.93,5.62,6,59,2.0,4.0,0
8124,52.2,1,155199.17,0.0,0,0,0.0,0.0,0
8125,36.49,3,337466.81,17.229999999999997,38,39,2.0,0.5,1
8126,49.64,1,182064.67,4.05,19,0,0.0,0.0,1
8127,48.36,1,127801.03,9.13,0,0,1.0,0.0,0
8128,59.6,1,99059.14,8.46,43,23,0.0,0.0,0
8129,30.87,1,102204.94,8.77,0,0,0.0,0.0,0
8130,48.39,2,253643.06,0.0,24,47,2.0,0.0,0
8131,27.91,1,67687.57,5.33,0,0,0.0,0.0,0
8132,57.66,2,282352.13,8.56,4,46,1.0,0.0,0
8133,23.08,1,189095.66,0.0,0,13,0.0,0.0,0
8134,61.51,1,51070.61,1.31,31,0,0.0,0.0,0
8135,59.5,3,373050.22000000003,11.36,17,67,1.0,0.0,0
8136,48.29,3,355129.65,1.92,0,96,0.0,0.0,0
8137,41.58,2,318015.45999999996,6.57,23,0,0.0,0.0,0
8138,25.12,3,374128.56,9.44,9,83,0.0,0.0,0
8139,43.0,1,133783.35,4.62,0,5,0.0,0.0,0
8140,57.43,1,169836.28,0.0,31,0,0.0,0.0,0
8141,12.98,1,90716.67,3.19,32,0,0.0,0.0,0
8142,16.47,3,313924.66000000003,6.38,8,43,0.0,0.0,0
8143,26.59,1,183837.56,0.57,41,0,1.0,1.0,0
8144,11.6,3,221162.76,12.28,58,0,2.0,3.0,1
8145,42.57,1,176085.04,0.0,36,38,0.0,0.0,0
8146,50.99,1,190825.05,0.0,0,0,0.0,0.0,0
8147,42.18,3,311484.94,8.81,18,67,2.0,1.0,0
8148,18.87,1,126456.63,0.0,2,47,1.0,5.0,0
8149,2.63,1,149317.16,0.0,0,22,1.0,0.0,0
8150,38.86,1,93485.42,0.0,7,37,1.0,0.0,0
8151,8.15,2,251456.55,15.66,46,22,0.0,0.0,1
8152,46.09,3,215874.33000000002,14.93,37,37,2.0,3.0,0
8153,26.23,3,413591.15,15.65,64,16,0.0,0.0,0
8154,48.06,1,157095.59,0.0,29,0,1.0,0.0,1
8155,14.14,2,263775.14,9.71,11,3,0.0,0.0,1
8156,60.19,2,328485.05000000005,0.0,90,48,2.0,0.0,0
8157,27.35,3,392016.44,11.190000000000001,47,60,2.0,0.5,0
8158,17.88,3,441333.21,0.0,0,25,0.0,0.0,1
8159,28.93,3,382824.78,7.92,44,7,1.0,0.0,0
8160,2.37,1,88700.08,0.0,41,3,2.0,3.5,0
8161,56.67,1,178881.89,0.0,0,31,1.0,1.0,1
8162,38.33,3,337308.89,8.38,0,30,0.0,0.0,0
8163,64.37,2,234734.78999999998,2.88,44,30,2.0,2.5,0
8164,17.09,3,327834.56,2.82,79,35,1.0,5.0,1
8165,13.94,1,145257.29,0.0,50,36,0.0,0.0,0
8166,32.31,1,71832.11,0.0,0,0,1.0,5.0,0
8167,3.94,1,50971.21,0.0,19,0,0.0,0.0,0
8168,43.26,1,136369.9,0.0,0,0,2.0,3.5,0
8169,13.15,2,228031.02000000002,0.0,0,0,2.0,2.5,0
8170,2.86,1,170646.56,7.28,0,40,0.0,0.0,0
8171,17.32,2,129825.6,6.84,27,43,0.0,0.0,0
8172,53.88,2,309780.24,5.85,12,0,0.0,0.0,0
8173,17.26,1,158906.48,0.0,17,8,0.0,0.0,0
8174,42.97,2,259994.59999999998,12.67,39,24,1.0,0.0,0
8175,26.46,1,85592.82,0.0,30,37,0.0,0.0,0
8176,34.29,2,299371.1,15.11,45,10,1.0,0.0,0
8177,15.15,2,243013.63,3.8,0,39,0.0,0.0,0
8178,51.61,1,122708.87,0.0,44,0,2.0,0.0,0
8179,51.45,3,335698.7,12.83,35,40,1.0,0.0,0
8180,4.21,3,314876.36,4.61,42,33,0.0,0.0,0
8181,11.77,1,51587.01,0.0,0,37,0.0,0.0,0
8182,10.22,3,383761.92000000004,10.030000000000001,52,46,0.0,0.0,0
8183,24.52,1,199585.58,6.23,0,17,0.0,0.0,0
8184,32.94,1,196752.07,0.0,0,0,0.0,0.0,0
8185,9.24,2,312062.49,3.81,19,0,0.0,0.0,0
8186,23.01,3,417004.37,6.859999999999999,36,40,1.0,0.0,0
8187,29.32,2,234904.13,0.0,37,60,2.0,0.0,0
8188,55.69,2,318360.63,7.13,0,12,1.0,0.0,1
8189,61.41,1,158843.42,0.0,0,29,1.0,5.0,0
8190,53.29,2,274226.01,4.08,27,0,0.0,0.0,0
8191,24.33,3,350092.18,9.25,26,33,2.0,0.0,0
8192,21.93,3,314128.93,7.39,29,33,1.0,0.0,0
8193,42.04,3,347705.35,20.54,24,38,0.0,0.0,0
8194,2.17,2,266749.22000000003,6.92,5,3,0.0,0.0,0
8195,35.27,3,443683.75,13.96,33,70,0.0,0.0,0
8196,56.15,2,326501.48,8.49,0,14,1.0,0.0,0
8197,62.52,2,268043.12,1.39,0,31,0.0,0.0,0
8198,39.51,1,114344.07,0.0,0,8,2.0,1.5,1
8199,34.85,1,176909.67,2.44,1,19,0.0,0.0,0
8200,6.9,2,192108.85,0.0,14,50,2.0,1.0,0
8201,50.72,2,210608.5,5.62,34,0,0.0,0.0,0
8202,36.75,1,122160.65,0.0,0,0,1.0,2.0,0
8203,60.42,1,91011.67,8.67,0,0,1.0,5.0,0
8204,2.73,2,244514.28999999998,7.99,13,18,1.0,5.0,1
8205,37.31,3,458556.54000000004,14.030000000000001,36,71,2.0,2.5,0
8206,25.31,1,173591.0,0.0,0,0,0.0,0.0,0
8207,2.4,2,265086.79000000004,8.01,22,8,0.0,0.0,0
8208,35.86,3,253679.02000000002,5.92,48,64,0.0,0.0,1
8209,18.24,3,362306.03,4.87,21,47,0.0,0.0,0
8210,30.7,3,473296.17,0.0,44,36,0.0,0.0,0
8211,1.97,2,253568.45,8.98,43,63,1.0,0.0,0
8212,33.43,3,451297.83,9.55,77,22,0.0,0.0,0
8213,51.94,1,109540.77,4.26,0,0,0.0,0.0,1
8214,1.18,2,175560.22,0.0,9,55,2.0,2.0,1
8215,41.81,1,107879.15,0.0,0,4,1.0,2.0,0
8216,38.69,3,403855.86,0.0,57,0,2.0,0.5,1
8217,62.79,2,305037.42,3.74,36,13,0.0,0.0,0
8218,53.88,3,388769.72,0.1,23,67,2.0,1.5,0
8219,6.9,2,242377.63,0.0,0,0,0.0,0.0,0
8220,55.59,2,361009.97,10.309999999999999,48,0,0.0,0.0,0
8221,57.59,1,147864.84,3.69,0,23,2.0,3.0,0
8222,24.92,1,177567.11,6.56,6,7,0.0,0.0,0
8223,61.57,3,253933.19,5.609999999999999,39,45,2.0,3.0,0
8224,2.4,2,346488.57,5.970000000000001,6,25,2.0,0.0,0
8225,42.87,1,155846.66,0.0,30,0,1.0,0.0,0
8226,1.08,3,512761.76,14.18,27,27,2.0,2.5,0
8227,50.95,3,383598.55,9.9,22,29,1.0,0.0,0
8228,10.62,2,285126.42000000004,17.69,34,21,0.0,0.0,0
8229,50.99,1,165855.52,0.0,0,46,0.0,0.0,0
8230,27.68,3,355937.6,15.46,64,84,1.0,0.0,0
8231,63.97,1,67543.03,0.0,14,1,0.0,0.0,0
8232,6.84,3,243312.18,0.0,36,36,2.0,2.0,0
8233,0.69,1,58409.59,0.0,0,46,0.0,0.0,0
8234,43.82,2,314748.35,0.0,40,0,0.0,0.0,1
8235,34.94,3,405538.19,9.549999999999999,58,47,2.0,3.5,0
8236,60.85,1,62289.11,7.78,0,0,0.0,0.0,0
8237,19.23,3,423190.77999999997,6.79,43,71,0.0,0.0,1
8238,37.08,3,320358.47,8.19,38,78,2.0,0.5,0
8239,18.28,2,202708.12,13.990000000000002,47,29,0.0,0.0,0
8240,26.99,3,471750.77,15.819999999999999,22,13,0.0,0.0,1
8241,13.74,2,250620.25,3.13,37,49,0.0,0.0,0
8242,4.4,2,143767.69,4.73,61,47,0.0,0.0,0
8243,50.26,3,479562.32,13.19,44,37,0.0,0.0,0
8244,53.19,2,217247.72999999998,12.26,0,56,0.0,0.0,0
8245,41.91,3,403192.58999999997,0.0,45,28,0.0,0.0,0
8246,58.48,2,126561.01999999999,6.48,24,18,0.0,0.0,0
8247,20.35,1,57202.28,6.38,0,0,1.0,1.0,0
8248,46.78,1,66910.85,0.0,0,0,2.0,0.0,0
8249,29.65,1,121790.8,6.83,35,0,1.0,3.0,0
8250,38.46,1,140134.61,6.21,0,14,1.0,0.0,1
8251,0.53,2,312121.94,8.72,62,22,0.0,0.0,0
8252,55.26,1,114994.9,8.15,7,34,0.0,0.0,0
8253,29.59,2,187671.21000000002,3.41,9,0,1.0,0.0,0
8254,1.78,1,55119.85,6.43,0,0,2.0,0.0,0
8255,5.52,3,466204.25,15.5,25,46,2.0,0.0,0
8256,11.74,3,276596.98,13.719999999999999,35,12,2.0,0.0,0
8257,31.36,3,339385.61,11.44,85,48,2.0,0.0,0
8258,59.8,1,188785.78,0.0,28,27,0.0,0.0,0
8259,23.6,3,307643.08,6.65,12,25,0.0,0.0,0
8260,61.31,2,237686.3,8.62,10,8,0.0,0.0,1
8261,58.97,1,171669.88,0.0,0,47,1.0,5.0,0
8262,13.68,1,126964.3,9.09,35,0,2.0,0.0,0
8263,24.98,2,304623.72,6.13,54,9,0.0,0.0,1
8264,21.33,3,411119.0,2.82,43,46,1.0,0.0,0
8265,17.88,3,289397.66,7.95,95,31,0.0,0.0,0
8266,28.53,1,109689.88,8.75,45,0,0.0,0.0,0
8267,21.01,3,351605.01,10.28,0,39,1.0,1.0,0
8268,63.68,3,291822.27,9.45,0,34,0.0,0.0,0
8269,34.85,3,324630.74,8.55,77,34,1.0,0.0,0
8270,61.87,2,234299.18,0.0,38,0,2.0,1.5,0
8271,12.82,2,194978.26,6.15,23,61,1.0,5.0,0
8272,14.4,2,233485.43,5.52,67,47,0.0,0.0,0
8273,20.81,2,242215.5,0.0,52,32,0.0,0.0,0
8274,63.84,1,157308.69,0.0,12,42,0.0,0.0,0
8275,63.61,1,103614.83,8.89,8,10,2.0,0.0,0
8276,26.27,3,360846.18,9.1,0,13,2.0,3.5,0
8277,24.52,3,259212.88,5.28,22,75,0.0,0.0,0
8278,61.67,3,255191.01,9.67,24,32,0.0,0.0,0
8279,33.93,2,292424.85,7.37,45,0,2.0,2.5,0
8280,51.38,3,351848.57,7.98,46,57,0.0,0.0,0
8281,21.47,2,149405.46,10.57,0,0,0.0,0.0,0
8282,1.31,2,277828.12,6.73,1,32,0.0,0.0,0
8283,14.23,2,362193.05000000005,11.41,50,27,0.0,0.0,0
8284,36.65,2,221907.53,9.48,36,67,0.0,0.0,0
8285,40.04,3,374396.71,0.0,0,0,2.0,1.0,0
8286,18.31,2,135823.93,11.47,0,0,1.0,2.0,0
8287,17.03,1,137276.45,0.0,0,29,0.0,0.0,0
8288,34.81,1,67415.1,5.09,1,32,0.0,0.0,0
8289,53.12,2,170589.83000000002,7.0,37,50,1.0,0.0,0
8290,49.41,1,143158.52,2.96,0,44,0.0,0.0,0
8291,52.56,2,223693.49,0.0,3,0,1.0,4.0,0
8292,14.07,2,288798.27999999997,4.28,10,0,2.0,1.0,1
8293,5.65,1,111712.64,7.17,47,42,1.0,0.0,1
8294,27.84,2,217056.32,2.69,49,42,1.0,4.0,0
8295,31.3,3,373857.14,1.63,53,13,0.0,0.0,0
8296,1.68,3,474266.26,9.75,31,33,0.0,0.0,0
8297,23.34,1,60663.73,4.12,41,40,2.0,4.0,0
8298,2.37,1,187079.99,0.0,32,37,0.0,0.0,0
8299,52.6,1,124880.3,8.38,0,33,1.0,0.0,1
8300,47.53,1,76249.09,9.01,22,15,2.0,0.5,0
8301,0.95,3,419891.83,0.66,44,58,0.0,0.0,1
8302,61.28,3,333595.6,8.47,11,39,0.0,0.0,0
8303,15.71,3,347260.7,2.22,43,0,1.0,1.0,0
8304,62.06,2,175695.41999999998,5.91,19,50,0.0,0.0,0
8305,21.73,2,283545.74,7.21,33,28,0.0,0.0,0
8306,41.35,1,67910.73,0.0,16,0,1.0,2.0,0
8307,37.77,2,330996.19,4.16,77,76,1.0,0.0,1
8308,48.19,3,190150.84,3.5,0,34,0.0,0.0,0
8309,49.74,2,223995.47,3.37,37,10,1.0,0.0,0
8310,48.62,1,84885.36,0.0,0,0,0.0,0.0,0
8311,33.07,3,338156.14,8.09,38,43,0.0,0.0,0
8312,8.22,3,490146.44,7.359999999999999,48,45,0.0,0.0,0
8313,20.38,2,287963.05,0.91,70,0,0.0,0.0,0
8314,31.26,1,114078.05,0.0,0,21,0.0,0.0,0
8315,20.12,3,300930.12,13.950000000000001,0,58,0.0,0.0,0
8316,35.01,1,149277.7,9.13,23,11,1.0,3.0,0
8317,2.2,1,116624.84,0.0,0,0,0.0,0.0,0
8318,2.66,2,293446.74,0.0,30,47,0.0,0.0,0
8319,55.69,1,128150.39,0.0,22,0,1.0,0.0,0
8320,36.75,2,238081.32,7.91,15,49,0.0,0.0,0
8321,60.72,1,102590.68,3.39,45,0,0.0,0.0,1
8322,41.65,1,142277.39,8.93,0,0,1.0,0.0,0
8323,51.25,3,421730.38,5.73,56,54,0.0,0.0,0
8324,62.39,1,185049.36,7.79,0,38,0.0,0.0,1
8325,25.02,1,98615.22,0.0,0,0,0.0,0.0,0
8326,6.25,2,266457.66,4.47,46,46,2.0,2.5,0
8327,15.15,2,255713.61,4.109999999999999,0,40,0.0,0.0,0
8328,28.67,2,284451.03,8.03,0,24,0.0,0.0,0
8329,5.1,2,280469.45999999996,0.0,4,7,2.0,2.0,0
8330,31.76,2,200367.3,11.5,0,53,0.0,0.0,0
8331,59.17,3,471498.17,15.66,20,37,0.0,0.0,0
8332,40.66,2,231162.41,9.11,48,76,1.0,3.0,0
8333,11.28,2,170693.5,9.7,0,56,0.0,0.0,0
8334,41.45,2,180616.21000000002,6.7,17,0,1.0,3.0,0
8335,40.63,2,294905.0,3.27,32,17,1.0,0.0,0
8336,47.6,3,278116.52,0.0,5,0,0.0,0.0,1
8337,23.54,1,68395.63,0.0,0,0,2.0,2.0,0
8338,6.87,1,181575.73,2.61,0,0,1.0,0.0,0
8339,7.36,3,286626.72,9.68,0,36,0.0,0.0,0
8340,4.9,1,126313.02,0.65,18,27,1.0,0.0,0
8341,44.41,1,138790.27,0.0,0,22,2.0,3.0,0
8342,22.45,3,286528.43,7.44,0,75,1.0,0.0,0
8343,62.39,1,168467.73,2.77,0,0,2.0,2.0,0
8344,11.83,2,342566.94999999995,3.8600000000000003,30,25,1.0,1.0,0
8345,19.53,3,338344.22,0.08,11,41,1.0,0.0,0
8346,58.74,1,118557.92,0.0,34,5,0.0,0.0,0
8347,13.12,2,136473.56,1.14,50,0,2.0,1.5,0
8348,9.2,1,161439.17,0.0,22,0,0.0,0.0,0
8349,46.81,3,481178.54000000004,7.76,24,36,1.0,0.0,0
8350,22.52,2,339221.58999999997,0.0,0,50,1.0,4.0,0
8351,49.11,3,482744.11,16.32,78,53,1.0,0.0,0
8352,58.61,2,220662.11,15.54,0,9,0.0,0.0,0
8353,33.0,1,138359.1,0.0,14,32,0.0,0.0,0
8354,40.4,2,306476.96,0.0,0,44,1.0,0.0,0
8355,52.04,3,218038.12,3.2,82,63,0.0,0.0,0
8356,7.5,3,435652.15,8.56,59,74,0.0,0.0,0
8357,61.9,2,334009.25,5.48,0,0,2.0,0.0,1
8358,16.73,3,325178.17,7.800000000000001,0,38,0.0,0.0,0
8359,26.82,2,245944.37,6.52,44,45,1.0,0.0,0
8360,0.82,1,151025.18,8.51,0,0,0.0,0.0,0
8361,53.16,3,407385.73,5.06,0,54,0.0,0.0,0
8362,63.05,1,53127.24,0.0,11,0,0.0,0.0,0
8363,51.55,2,271019.63,7.25,0,14,2.0,0.0,1
8364,25.77,1,183060.42,0.0,0,17,0.0,0.0,1
8365,7.2,2,228193.8,7.28,0,12,1.0,2.0,0
8366,12.72,1,59072.77,0.0,22,9,1.0,0.0,0
8367,35.57,3,326298.9,0.0,21,48,2.0,3.0,0
8368,64.4,2,235911.19,5.86,53,35,0.0,0.0,0
8369,58.97,1,94811.81,0.73,7,8,0.0,0.0,1
8370,28.44,1,198231.39,0.0,0,34,1.0,0.0,0
8371,25.67,3,565080.74,8.88,51,26,1.0,5.0,1
8372,52.04,3,395709.73,6.28,1,27,1.0,0.0,1
8373,48.78,3,398057.3,10.950000000000001,0,96,1.0,2.0,0
8374,21.4,3,406695.47000000003,7.04,7,17,0.0,0.0,0
8375,50.85,3,372599.2,0.0,0,15,0.0,0.0,0
8376,56.11,1,62625.2,0.0,0,21,1.0,0.0,0
8377,64.23,2,363867.43000000005,9.29,35,24,2.0,0.0,0
8378,28.34,3,479068.93,15.5,0,35,0.0,0.0,1
8379,9.24,1,91896.43,4.96,0,44,0.0,0.0,1
8380,47.57,2,242298.86,0.0,19,44,1.0,0.0,0
8381,0.39,1,57396.58,0.0,14,46,1.0,0.0,0
8382,23.67,1,172659.39,0.0,0,25,0.0,0.0,0
8383,58.15,1,95303.32,9.07,35,40,0.0,0.0,1
8384,40.99,1,128139.67,0.0,0,0,2.0,2.0,0
8385,62.75,3,318874.89,7.29,0,25,2.0,2.5,0
8386,45.04,1,155677.25,2.0,31,0,2.0,1.5,1
8387,30.08,1,82332.67,7.47,36,36,0.0,0.0,0
8388,51.15,3,378612.47,11.83,17,29,2.0,0.5,0
8389,20.84,3,378344.48,11.32,46,61,0.0,0.0,0
8390,19.56,3,315698.14,0.0,15,39,1.0,0.0,0
8391,44.21,2,311928.49,9.030000000000001,0,0,0.0,0.0,0
8392,55.95,3,330077.39,11.719999999999999,46,0,1.0,2.0,0
8393,51.58,3,423396.21,7.4,50,77,2.0,2.0,0
8394,34.19,1,154785.89,6.7,36,0,0.0,0.0,0
8395,15.75,3,279431.05,15.669999999999998,29,12,0.0,0.0,0
8396,30.77,3,455224.12,3.81,0,0,0.0,0.0,0
8397,44.58,3,485287.77,4.96,0,62,1.0,2.0,0
8398,53.35,2,371072.52,4.84,15,21,1.0,1.0,0
8399,46.09,2,226212.36,4.74,0,62,1.0,5.0,0
8400,27.35,2,139285.32,0.45,43,33,2.0,0.0,0
8401,42.08,3,331589.64,7.07,8,33,1.0,3.0,0
8402,38.59,1,154150.94,5.29,32,27,0.0,0.0,1
8403,18.61,3,295272.3,0.52,0,17,2.0,0.5,1
8404,5.06,1,167817.35,0.0,39,42,0.0,0.0,1
8405,49.57,2,311344.65,0.0,79,42,0.0,0.0,1
8406,27.74,1,126134.6,6.56,3,0,0.0,0.0,0
8407,25.31,3,323315.95,4.4,57,44,1.0,0.0,0
8408,31.1,3,445110.54000000004,8.81,40,0,0.0,0.0,0
8409,36.06,3,478297.16000000003,8.15,72,45,0.0,0.0,0
8410,61.11,1,174438.59,0.0,0,0,0.0,0.0,1
8411,15.38,1,95293.14,2.2,42,0,0.0,0.0,0
8412,40.86,1,173809.11,8.11,0,0,2.0,0.0,1
8413,56.31,1,110867.1,8.91,21,0,1.0,0.0,0
8414,9.2,3,475484.77,4.84,48,84,2.0,0.0,0
8415,21.33,2,321387.24,0.0,14,28,0.0,0.0,0
8416,51.91,2,214783.68,0.0,40,25,2.0,0.0,0
8417,57.2,2,200236.27000000002,0.92,10,29,0.0,0.0,0
8418,5.62,1,113931.86,4.94,0,29,0.0,0.0,0
8419,59.47,2,312587.77,0.0,34,0,2.0,0.5,0
8420,26.79,2,303628.64,0.05,76,63,2.0,4.0,0
8421,30.77,1,191415.46,7.53,0,33,2.0,0.0,0
8422,31.26,1,77997.3,0.43,26,0,2.0,1.0,0
8423,29.29,3,368647.41000000003,11.690000000000001,34,12,1.0,0.0,0
8424,17.19,3,488153.56999999995,6.19,2,70,0.0,0.0,0
8425,42.11,1,159237.54,0.0,21,19,0.0,0.0,1
8426,41.91,3,418960.3,0.0,6,35,2.0,1.0,0
8427,24.46,2,212394.27999999997,0.0,47,33,1.0,0.0,0
8428,58.02,1,145205.57,7.96,0,43,0.0,0.0,0
8429,10.19,3,437711.16,8.36,33,0,0.0,0.0,0
8430,59.5,3,296601.69999999995,0.0,50,74,0.0,0.0,0
8431,19.86,2,281927.02,7.84,0,41,0.0,0.0,0
8432,54.6,1,55146.46,5.67,25,0,1.0,4.0,0
8433,37.9,3,434190.82,5.53,0,39,0.0,0.0,0
8434,37.21,3,416461.92000000004,2.06,6,52,0.0,0.0,0
8435,27.51,3,312680.91000000003,6.06,50,39,1.0,5.0,1
8436,6.08,3,217932.65,14.01,46,0,0.0,0.0,0
8437,51.02,2,334387.05,0.0,26,17,0.0,0.0,0
8438,4.8,2,255382.08000000002,1.24,63,49,1.0,0.0,0
8439,61.24,3,305879.16000000003,1.35,0,26,1.0,2.0,0
8440,18.18,1,175897.47,0.0,7,0,0.0,0.0,1
8441,7.99,2,154373.13999999998,0.0,17,35,0.0,0.0,1
8442,64.37,2,251461.62,8.85,46,36,0.0,0.0,0
8443,20.22,2,248284.47999999998,8.97,44,14,0.0,0.0,0
8444,9.37,3,390283.06,15.739999999999998,43,21,0.0,0.0,1
8445,34.78,1,137255.93,0.0,3,15,1.0,4.0,1
8446,23.57,2,257032.93,6.38,46,78,0.0,0.0,0
8447,2.63,3,542076.06,17.759999999999998,33,0,1.0,2.0,0
8448,49.77,1,85986.24,8.73,16,0,0.0,0.0,0
8449,61.9,2,196416.27,0.33,32,18,0.0,0.0,0
8450,0.16,1,124536.2,0.0,0,35,0.0,0.0,1
8451,34.22,1,102237.15,1.04,0,0,2.0,2.0,0
8452,1.97,1,67644.11,0.0,27,0,1.0,0.0,0
8453,58.61,2,137047.79,0.0,0,34,2.0,0.0,0
8454,19.63,2,229827.15,9.88,21,20,2.0,1.5,0
8455,56.44,2,262526.11,0.0,64,28,0.0,0.0,0
8456,31.49,1,53558.09,1.53,41,0,2.0,0.5,0
8457,5.1,1,154414.42,3.59,0,0,0.0,0.0,0
8458,43.16,3,304297.97000000003,17.520000000000003,75,62,1.0,0.0,0
8459,60.26,3,430092.33999999997,9.17,63,22,0.0,0.0,0
8460,17.19,2,320782.08999999997,6.34,50,66,1.0,0.0,0
8461,36.39,2,359965.75,5.1499999999999995,0,31,0.0,0.0,0
8462,30.05,3,412270.31,9.950000000000001,17,47,1.0,0.0,0
8463,45.5,3,325879.58999999997,10.04,67,13,2.0,4.5,0
8464,34.68,2,258075.9,6.24,37,0,0.0,0.0,0
8465,15.06,1,189410.6,0.0,24,0,1.0,3.0,0
8466,30.67,2,360267.98,0.0,47,6,0.0,0.0,0
8467,17.42,2,150355.62,6.08,7,25,0.0,0.0,0
8468,42.01,3,364110.61,6.34,40,23,0.0,0.0,0
8469,50.49,2,244520.22999999998,0.0,57,0,2.0,0.0,0
8470,31.99,1,177824.91,0.0,0,21,1.0,1.0,0
8471,2.93,3,482004.47,0.0,26,36,1.0,0.0,0
8472,42.77,3,382136.23,9.6,26,40,2.0,2.5,0
8473,35.37,3,361828.32999999996,11.16,85,38,2.0,2.5,0
8474,37.25,3,436595.66000000003,3.96,0,91,2.0,0.0,0
8475,16.93,2,300333.69,0.0,2,86,0.0,0.0,0
8476,25.31,1,129619.65,0.0,0,0,2.0,3.0,1
8477,35.04,1,87327.02,8.83,0,0,0.0,0.0,0
8478,13.77,1,64069.0,0.84,23,0,0.0,0.0,0
8479,40.3,2,352009.55000000005,15.21,48,27,1.0,4.0,0
8480,12.29,2,216250.05,0.0,20,0,2.0,0.5,0
8481,40.34,1,75665.25,6.62,5,26,1.0,0.0,0
8482,14.27,2,257586.19,1.02,0,17,0.0,0.0,0
8483,17.09,3,412297.65,6.07,79,5,2.0,3.0,0
8484,26.53,2,233928.71,8.32,42,3,1.0,2.0,0
8485,25.02,3,349341.27,3.44,121,103,0.0,0.0,0
8486,52.7,3,555145.03,0.0,0,42,1.0,0.0,0
8487,12.26,2,251631.6,9.3,44,0,1.0,0.0,0
8488,23.34,2,194540.79,4.4399999999999995,0,0,0.0,0.0,0
8489,16.77,2,198795.65000000002,14.059999999999999,40,46,1.0,2.0,1
8490,55.79,3,451108.69,14.74,97,16,0.0,0.0,0
8491,19.82,1,125149.97,0.0,8,39,0.0,0.0,0
8492,24.72,3,394532.6,9.64,23,17,2.0,1.0,1
8493,38.49,1,94269.28,3.08,0,48,0.0,0.0,0
8494,54.83,3,380872.85000000003,13.39,54,50,0.0,0.0,0
8495,33.3,2,226218.95,0.0,50,46,0.0,0.0,0
8496,1.22,1,192003.84,0.0,0,28,0.0,0.0,0
8497,26.96,3,386426.6,4.7,46,52,0.0,0.0,0
8498,35.54,1,139326.17,0.0,42,0,1.0,0.0,0
8499,47.99,1,155434.09,7.41,0,5,2.0,3.0,0
8500,58.38,2,276279.51,0.0,15,25,1.0,2.0,0
8501,35.34,2,139885.44,0.43,42,0,2.0,2.0,0
8502,6.38,1,125683.03,7.99,6,44,1.0,0.0,0
8503,6.71,1,179899.58,5.83,0,18,1.0,0.0,0
8504,36.79,3,445622.75,3.94,54,50,0.0,0.0,0
8505,29.95,1,71739.79,0.0,0,26,2.0,0.0,0
8506,42.6,2,187160.59,3.6799999999999997,0,4,0.0,0.0,0
8507,61.6,1,83326.39,4.01,29,0,0.0,0.0,0
8508,6.51,3,385593.06,2.84,33,35,0.0,0.0,0
8509,40.11,3,229781.66,5.16,87,34,2.0,0.0,0
8510,30.7,2,283998.08,9.62,46,0,1.0,0.0,0
8511,26.3,3,312411.63,2.23,43,12,0.0,0.0,1
8512,18.64,3,290262.85,0.0,0,48,0.0,0.0,0
8513,1.58,2,284467.83,0.0,28,34,1.0,5.0,0
8514,60.88,1,133064.77,7.92,0,0,1.0,0.0,0
8515,58.91,1,157552.17,4.88,31,0,0.0,0.0,1
8516,43.49,2,179648.8,4.18,83,0,2.0,1.5,0
8517,58.84,1,121469.46,0.0,37,47,0.0,0.0,0
8518,56.9,2,240299.31,0.0,11,0,0.0,0.0,0
8519,49.34,1,133925.68,6.41,3,14,0.0,0.0,1
8520,47.27,3,423940.65,0.0,97,31,0.0,0.0,0
8521,25.81,2,210866.81,8.5,19,8,0.0,0.0,0
8522,26.63,1,95307.52,5.1,0,28,0.0,0.0,0
8523,37.34,1,196253.11,0.0,0,0,1.0,3.0,0
8524,52.96,3,452497.03,16.8,54,37,0.0,0.0,0
8525,28.73,1,119303.01,8.9,2,25,1.0,0.0,0
8526,54.9,2,251616.25999999998,8.81,47,17,0.0,0.0,1
8527,16.54,3,266500.01,2.93,2,85,1.0,0.0,0
8528,51.28,1,143643.97,0.22,43,0,0.0,0.0,0
8529,61.54,1,54032.69,9.49,23,0,2.0,1.5,0
8530,33.4,1,117978.63,3.75,9,36,0.0,0.0,0
8531,29.49,3,486035.67,21.580000000000002,50,21,2.0,0.0,0
8532,19.23,3,360395.04000000004,9.41,35,47,2.0,1.5,0
8533,46.06,1,138873.44,0.0,45,20,0.0,0.0,0
8534,52.14,1,142094.77,6.9,0,23,1.0,0.0,0
8535,36.39,1,83607.91,0.0,25,0,2.0,0.5,0
8536,19.99,1,86474.26,0.0,25,0,0.0,0.0,1
8537,35.17,2,249976.83000000002,7.81,2,8,1.0,0.0,0
8538,45.27,3,341975.56,2.6799999999999997,43,13,0.0,0.0,0
8539,4.01,1,100910.37,3.63,0,0,0.0,0.0,1
8540,22.02,1,81736.09,0.0,0,0,0.0,0.0,0
8541,12.82,3,359156.04,6.34,61,40,0.0,0.0,0
8542,49.21,3,438211.4,0.28,46,49,2.0,1.5,0
8543,6.11,3,297719.19999999995,9.29,0,30,2.0,1.5,0
8544,14.69,3,514622.74,16.310000000000002,9,33,1.0,3.0,0
8545,23.6,3,394514.49,15.26,12,50,1.0,0.0,0
8546,24.56,3,411987.73,6.55,37,58,0.0,0.0,0
8547,16.24,1,195764.8,8.23,39,6,0.0,0.0,0
8548,2.37,3,457168.93,13.27,5,101,2.0,2.5,1
8549,23.34,1,103676.1,0.0,0,0,1.0,3.0,1
8550,61.8,1,162643.79,6.28,0,41,0.0,0.0,1
8551,39.94,3,368693.97,5.9,110,0,1.0,0.0,0
8552,50.33,1,174539.02,2.05,0,0,1.0,3.0,0
8553,42.64,2,270821.67000000004,0.0,46,57,1.0,1.0,0
8554,64.14,1,168658.87,5.04,0,0,0.0,0.0,0
8555,46.09,1,106824.61,0.0,0,19,0.0,0.0,0
8556,13.12,1,108994.82,0.0,12,32,0.0,0.0,0
8557,4.24,3,365165.62,0.0,14,125,2.0,0.5,0
8558,45.96,3,381519.0,0.0,70,28,0.0,0.0,0
8559,29.85,1,134920.14,6.09,49,0,2.0,2.0,0
8560,19.76,3,441286.26,1.71,63,18,1.0,0.0,1
8561,0.62,2,248856.45,5.72,0,50,0.0,0.0,0
8562,50.36,3,428657.24,7.04,0,30,1.0,0.0,0
8563,36.72,3,353869.18,9.83,16,12,0.0,0.0,0
8564,33.04,1,56410.11,0.0,0,0,0.0,0.0,0
8565,47.6,3,270335.45,1.17,93,44,2.0,3.5,0
8566,46.22,1,87040.73,2.76,0,0,0.0,0.0,0
8567,43.79,1,152634.65,0.0,9,0,1.0,1.0,0
8568,26.36,1,162200.52,3.59,12,0,1.0,0.0,0
8569,19.23,3,340368.03,0.0,22,48,2.0,2.0,0
8570,6.64,1,151219.52,0.0,0,0,0.0,0.0,0
8571,43.66,2,206290.96000000002,5.61,0,29,1.0,3.0,1
8572,34.29,3,433000.56,5.63,73,0,2.0,0.5,1
8573,3.58,3,328280.35,6.48,97,72,0.0,0.0,0
8574,31.66,1,151476.35,4.15,0,18,1.0,4.0,0
8575,27.84,2,260267.39,7.72,3,11,0.0,0.0,1
8576,31.13,2,324111.91,0.0,38,16,2.0,1.0,0
8577,43.98,1,164002.32,0.0,45,11,0.0,0.0,1
8578,56.61,1,112978.09,0.0,0,0,0.0,0.0,0
8579,3.85,2,364196.72,1.97,17,50,0.0,0.0,1
8580,22.68,2,310016.95999999996,0.0,18,27,0.0,0.0,0
8581,47.73,2,314423.95999999996,8.51,35,66,0.0,0.0,0
8582,62.56,1,82785.55,6.56,11,15,0.0,0.0,0
8583,42.08,2,251697.78,3.51,73,29,1.0,0.0,0
8584,56.08,3,374476.76,14.23,47,100,1.0,0.0,0
8585,35.31,1,107122.62,4.19,37,0,1.0,0.0,0
8586,6.71,1,139505.93,0.0,28,31,0.0,0.0,0
8587,14.46,3,258023.09000000003,1.99,47,84,0.0,0.0,0
8588,32.68,2,245886.69,1.62,0,77,2.0,3.5,0
8589,52.14,3,306846.75,7.32,107,0,0.0,0.0,0
8590,4.37,2,184942.78999999998,0.0,41,5,0.0,0.0,0
8591,0.92,1,183778.02,8.46,26,29,1.0,3.0,0
8592,1.38,3,456414.67000000004,13.919999999999998,43,72,1.0,0.0,0
8593,13.87,1,104466.92,0.0,10,39,0.0,0.0,0
8594,43.62,1,79375.76,0.0,38,0,1.0,3.0,0
8595,27.84,2,219518.36,4.73,0,45,0.0,0.0,0
8596,10.72,3,367805.3,0.0,117,1,2.0,0.0,0
8597,8.32,3,311494.26,6.42,78,36,0.0,0.0,0
8598,2.63,2,324293.93,7.44,7,12,0.0,0.0,0
8599,49.61,1,115775.62,0.0,0,0,1.0,3.0,0
8600,14.83,1,198908.97,0.0,34,6,1.0,3.0,0
8601,37.61,1,83373.65,0.0,33,6,0.0,0.0,0
8602,64.3,1,61118.5,7.5,0,0,2.0,2.5,0
8603,34.25,3,357554.63,15.55,55,14,2.0,0.0,0
8604,12.39,2,269634.93,0.09,42,0,2.0,1.5,0
8605,59.99,3,283106.69,9.03,20,80,0.0,0.0,0
8606,46.65,3,448104.1,7.08,17,0,0.0,0.0,0
8607,10.65,1,55422.45,7.63,0,16,0.0,0.0,0
8608,52.89,2,213225.27,7.01,57,0,1.0,1.0,0
8609,20.78,1,82691.33,0.0,0,33,1.0,0.0,0
8610,49.87,3,460503.05000000005,11.77,45,32,0.0,0.0,0
8611,33.3,3,390629.5,5.81,0,0,1.0,2.0,1
8612,5.75,3,335135.96,11.790000000000001,95,54,2.0,4.5,0
8613,61.47,2,276814.95999999996,0.0,44,8,1.0,0.0,1
8614,33.43,1,59521.21,1.0,0,0,2.0,0.0,0
8615,41.75,2,249067.97,6.72,45,18,0.0,0.0,0
8616,30.14,3,367333.43,8.21,3,23,1.0,0.0,0
8617,12.03,1,74941.34,0.0,39,0,0.0,0.0,1
8618,6.94,2,306862.70999999996,8.72,0,6,2.0,1.5,1
8619,50.62,2,296798.78,6.82,24,41,1.0,0.0,0
8620,38.43,3,369439.88,0.8,46,14,0.0,0.0,0
8621,15.88,3,264118.85000000003,6.87,78,48,1.0,0.0,0
8622,49.01,3,311786.69,3.96,37,5,1.0,4.0,0
8623,14.4,3,312194.47,2.3,37,0,0.0,0.0,0
8624,58.68,3,398522.46,14.68,61,61,2.0,2.5,0
8625,6.48,3,400678.54,1.71,45,33,1.0,2.0,0
8626,38.76,3,426805.39,13.29,57,72,2.0,0.0,0
8627,34.98,2,169704.68,17.5,7,30,2.0,2.5,0
8628,13.31,2,162604.41,0.0,42,0,1.0,0.0,0
8629,16.21,3,475519.17000000004,7.89,19,0,2.0,0.5,0
8630,35.14,3,282528.73,8.790000000000001,80,45,0.0,0.0,0
8631,42.57,1,170400.11,4.02,0,45,0.0,0.0,0
8632,29.36,3,373433.7,5.04,21,61,2.0,2.0,0
8633,34.58,1,154649.29,0.0,0,34,0.0,0.0,0
8634,7.73,3,506165.85,7.35,33,68,0.0,0.0,0
8635,61.18,1,179089.98,8.77,21,0,0.0,0.0,0
8636,31.59,2,310994.83999999997,0.14,0,79,0.0,0.0,0
8637,50.89,2,331048.02,0.22,34,27,2.0,2.5,0
8638,21.24,2,264743.33999999997,0.0,0,11,1.0,0.0,0
8639,9.4,3,277816.93,5.94,0,36,2.0,0.0,0
8640,7.0,1,178484.43,0.0,21,0,0.0,0.0,0
8641,59.86,3,394444.14,0.87,39,14,2.0,1.0,0
8642,45.92,3,371658.33999999997,14.52,48,48,0.0,0.0,0
8643,23.44,1,185184.1,0.0,0,0,0.0,0.0,0
8644,12.75,2,232086.28,0.0,5,60,0.0,0.0,1
8645,8.02,2,348839.23,0.0,0,47,0.0,0.0,1
8646,39.38,2,185761.76,2.88,7,49,0.0,0.0,1
8647,38.07,2,198809.84999999998,14.86,46,16,0.0,0.0,0
8648,37.08,3,386289.57,10.5,4,72,0.0,0.0,0
8649,58.45,3,361647.86,4.35,10,0,2.0,1.0,0
8650,57.43,2,257731.32,0.0,0,99,1.0,4.0,0
8651,44.05,2,234735.44,13.649999999999999,0,54,0.0,0.0,0
8652,48.88,3,377042.07,8.57,31,50,0.0,0.0,0
8653,55.23,1,87018.04,3.52,31,0,2.0,2.5,0
8654,22.75,2,132800.45,7.89,62,9,0.0,0.0,0
8655,31.2,2,341973.78,7.48,2,81,2.0,0.0,0
8656,14.43,1,107044.4,5.13,0,0,1.0,4.0,0
8657,50.92,2,254980.95,0.0,0,0,2.0,1.5,0
8658,41.45,2,262184.13,3.29,41,30,0.0,0.0,0
8659,64.37,1,197339.49,0.0,3,44,1.0,0.0,0
8660,1.97,1,142557.63,4.31,0,0,0.0,0.0,0
8661,28.8,2,266948.63,4.32,32,41,2.0,0.0,0
8662,15.12,3,453744.29000000004,0.0,76,96,0.0,0.0,1
8663,18.44,3,228231.36,17.45,50,83,0.0,0.0,0
8664,50.69,2,354196.43,8.77,0,16,0.0,0.0,0
8665,31.23,2,321394.97,0.0,5,27,0.0,0.0,0
8666,37.87,3,321553.6,13.280000000000001,40,0,1.0,4.0,0
8667,38.95,2,206357.08000000002,5.61,26,1,0.0,0.0,0
8668,19.46,1,173337.57,0.0,22,26,0.0,0.0,0
8669,35.5,1,155554.36,8.77,0,0,0.0,0.0,0
8670,9.27,2,323130.01,5.31,0,43,0.0,0.0,0
8671,18.44,2,236854.81,5.56,9,51,1.0,0.0,0
8672,0.49,2,252094.88,0.0,5,50,2.0,0.0,0
8673,46.02,2,249193.53999999998,9.55,0,0,0.0,0.0,0
8674,25.81,2,210323.74,6.17,0,21,0.0,0.0,0
8675,43.03,2,315133.12,2.86,15,31,0.0,0.0,0
8676,22.12,1,157625.16,0.0,37,0,0.0,0.0,0
8677,21.79,3,325005.6,7.58,11,18,1.0,0.0,0
8678,58.65,2,199428.47,10.42,0,36,2.0,0.5,1
8679,59.47,3,494789.57999999996,0.0,64,85,0.0,0.0,0
8680,58.25,1,184642.15,0.0,50,15,1.0,2.0,0
8681,5.56,1,169225.55,0.0,47,14,0.0,0.0,0
8682,42.34,2,325852.13,0.0,23,16,2.0,0.0,0
8683,26.63,2,181970.2,5.49,9,23,0.0,0.0,1
8684,20.41,2,223715.34999999998,9.36,14,0,2.0,2.5,1
8685,64.53,3,402584.03,2.42,14,40,0.0,0.0,0
8686,44.67,3,369055.25,2.94,33,85,0.0,0.0,0
8687,49.05,3,241592.96999999997,0.0,50,78,2.0,5.0,0
8688,59.43,2,358688.29000000004,0.0,19,36,1.0,5.0,0
8689,54.11,3,401639.87,7.680000000000001,9,34,0.0,0.0,1
8690,45.53,3,333966.5,9.86,13,53,0.0,0.0,0
8691,51.81,1,92458.77,0.25,49,0,0.0,0.0,0
8692,19.36,3,358239.8,9.09,44,80,0.0,0.0,0
8693,12.1,3,410144.85,0.71,0,45,0.0,0.0,0
8694,0.46,2,335395.42,13.209999999999999,0,37,0.0,0.0,1
8695,39.02,3,393133.36,15.32,31,53,0.0,0.0,1
8696,52.6,3,490417.05000000005,5.33,35,89,2.0,1.5,1
8697,32.35,2,297231.23,0.0,20,28,0.0,0.0,0
8698,27.19,1,158647.0,3.62,17,0,0.0,0.0,1
8699,59.07,3,274757.0,3.28,86,57,2.0,1.5,0
8700,39.22,2,307886.76,9.58,0,41,0.0,0.0,0
8701,29.98,3,335874.83999999997,9.79,37,68,0.0,0.0,0
8702,39.74,2,199388.95,8.69,38,0,0.0,0.0,0
8703,3.45,2,195876.68,5.29,0,29,0.0,0.0,0
8704,9.5,2,302961.97,0.0,0,73,1.0,5.0,0
8705,49.77,2,308527.52,0.0,46,34,2.0,1.5,0
8706,12.66,3,358517.74,3.01,0,48,0.0,0.0,0
8707,44.87,1,51425.46,3.8,0,0,1.0,0.0,0
8708,53.32,1,58406.03,0.0,23,45,0.0,0.0,0
8709,19.3,3,371627.39,9.51,42,50,2.0,0.0,0
8710,30.05,3,397568.27,0.0,44,11,1.0,5.0,0
8711,52.73,2,246830.03999999998,0.0,5,17,1.0,5.0,0
8712,4.93,1,192528.89,2.82,0,18,0.0,0.0,0
8713,33.93,2,336720.42000000004,3.78,63,31,0.0,0.0,1
8714,59.47,2,256474.22999999998,6.52,42,70,0.0,0.0,0
8715,18.57,3,399567.51,4.7,42,91,1.0,2.0,0
8716,8.25,1,143918.63,4.97,11,42,1.0,0.0,0
8717,46.84,3,331130.42,22.91,0,33,2.0,0.5,1
8718,9.01,2,163075.49,0.0,8,36,0.0,0.0,0
8719,21.83,3,344406.66,25.47,12,12,2.0,2.5,0
8720,28.9,2,294192.11,8.96,0,13,2.0,4.0,0
8721,2.5,3,318105.0,8.53,75,12,0.0,0.0,0
8722,27.19,1,139902.48,5.26,40,47,1.0,2.0,0
8723,56.94,2,229696.71000000002,4.64,21,20,0.0,0.0,0
8724,55.56,3,432401.56,7.67,17,84,1.0,2.0,0
8725,47.5,1,140991.59,6.19,0,5,0.0,0.0,0
8726,11.67,3,367927.11,5.85,83,17,1.0,5.0,0
8727,34.68,2,235602.59000000003,0.0,39,0,0.0,0.0,0
8728,34.98,2,321469.6,9.5,0,0,0.0,0.0,0
8729,63.38,2,271478.75,4.06,0,33,0.0,0.0,0
8730,39.09,3,271484.21,0.26,79,96,0.0,0.0,1
8731,15.19,2,263901.0,13.41,61,1,1.0,4.0,0
8732,45.33,1,192301.4,0.0,0,11,2.0,2.0,0
8733,41.68,1,112666.26,0.0,9,0,1.0,4.0,0
8734,48.39,2,137456.09,9.03,0,0,1.0,0.0,0
8735,63.05,2,276807.69,5.7299999999999995,17,22,0.0,0.0,0
8736,49.05,3,365195.39,0.0,47,35,0.0,0.0,0
8737,32.35,2,317638.97,7.29,72,28,2.0,2.0,0
8738,35.31,3,491174.73,17.369999999999997,65,30,0.0,0.0,0
8739,42.31,1,146488.91,6.34,0,0,2.0,3.0,0
8740,2.33,2,226183.11000000002,8.83,40,65,0.0,0.0,0
8741,35.57,2,284437.27,9.22,7,85,0.0,0.0,0
8742,40.73,2,320909.29,9.23,61,44,0.0,0.0,0
8743,54.11,2,182530.8,6.71,42,15,0.0,0.0,1
8744,9.47,2,185902.40000000002,15.81,40,27,2.0,0.0,0
8745,54.21,2,160982.56,15.78,59,0,1.0,1.0,0
8746,58.81,3,306721.15,10.61,45,22,1.0,0.0,0
8747,3.71,2,254957.16999999998,9.85,0,41,0.0,0.0,0
8748,31.72,3,280895.7,6.19,24,0,2.0,0.0,0
8749,20.74,1,94986.55,0.0,0,17,2.0,2.0,0
8750,22.06,1,73549.57,0.0,35,37,2.0,2.5,0
8751,36.82,3,433686.74,15.66,30,75,1.0,0.0,0
8752,5.52,1,172831.79,0.0,0,0,2.0,0.0,1
8753,62.56,2,335173.18,1.53,2,24,0.0,0.0,0
8754,2.6,3,437322.03,0.0,39,49,0.0,0.0,0
8755,51.91,2,208684.73,6.81,41,71,2.0,0.5,0
8756,0.2,1,123956.88,0.0,0,27,1.0,5.0,0
8757,54.37,2,333033.35,6.13,12,17,2.0,2.0,0
8758,26.73,3,275463.58,6.59,66,0,1.0,0.0,0
8759,21.6,3,373688.29,0.26,25,24,1.0,0.0,1
8760,56.71,1,147505.31,8.11,37,0,1.0,0.0,0
8761,2.43,2,283982.27,3.88,16,23,0.0,0.0,0
8762,3.88,1,63585.33,0.0,6,0,0.0,0.0,0
8763,39.94,3,380314.25,0.0,37,79,0.0,0.0,0
8764,15.55,1,50603.58,0.0,19,43,0.0,0.0,0
8765,54.47,1,63242.7,0.71,0,0,0.0,0.0,0
8766,3.68,3,378962.0,15.129999999999999,17,61,0.0,0.0,0
8767,59.01,2,194593.34,7.72,0,60,2.0,1.0,0
8768,15.88,3,227576.74,0.0,30,31,0.0,0.0,0
8769,50.07,1,139443.23,0.0,0,0,0.0,0.0,1
8770,47.53,3,326149.46,9.959999999999999,24,10,2.0,0.5,0
8771,53.16,2,277821.56,5.39,17,11,0.0,0.0,1
8772,32.05,3,502149.6,0.0,22,22,0.0,0.0,1
8773,36.82,1,132372.24,4.79,18,0,0.0,0.0,0
8774,32.74,1,57612.37,7.64,46,0,1.0,2.0,0
8775,13.38,2,244804.22,3.12,0,26,0.0,0.0,0
8776,52.93,2,224079.61,12.55,71,71,0.0,0.0,0
8777,15.98,3,269818.45,9.03,0,46,1.0,2.0,1
8778,6.02,3,281691.34,5.25,77,16,0.0,0.0,0
8779,33.0,1,127648.02,0.07,0,0,1.0,4.0,0
8780,15.91,1,76044.58,5.92,0,0,1.0,0.0,0
8781,29.19,1,66516.56,0.0,2,0,0.0,0.0,0
8782,4.9,2,184291.75,8.01,33,0,1.0,0.0,0
8783,28.63,2,321953.18,6.52,0,0,0.0,0.0,0
8784,10.75,2,242143.30000000002,0.0,18,0,0.0,0.0,0
8785,31.3,1,122726.07,0.0,15,18,0.0,0.0,0
8786,18.47,1,89267.24,4.31,33,25,1.0,0.0,0
8787,21.2,3,242502.65,0.0,54,30,1.0,0.0,0
8788,9.96,3,519318.72,4.88,0,6,2.0,0.0,0
8789,30.44,1,151240.67,0.0,0,0,2.0,1.0,0
8790,29.52,1,178513.26,0.0,17,22,0.0,0.0,0
8791,18.38,1,106299.25,7.28,0,0,0.0,0.0,1
8792,10.03,3,526564.75,0.0,14,10,0.0,0.0,0
8793,1.97,3,498950.3,6.9799999999999995,43,77,0.0,0.0,0
8794,40.14,3,302773.18,4.49,51,0,1.0,2.0,0
8795,33.5,2,208492.96,11.7,29,0,1.0,0.0,0
8796,30.11,1,57305.29,0.22,41,33,2.0,1.0,0
8797,23.11,3,274816.69,5.539999999999999,33,42,0.0,0.0,0
8798,31.1,1,131791.76,0.0,0,45,0.0,0.0,0
8799,41.16,3,373819.25,9.87,17,14,0.0,0.0,0
8800,42.74,1,92232.67,0.0,21,20,1.0,0.0,0
8801,24.16,3,463876.62,5.9399999999999995,35,63,0.0,0.0,0
8802,3.45,2,248755.84,8.41,19,18,0.0,0.0,0
8803,9.53,1,177011.47,3.67,30,32,1.0,2.0,0
8804,20.15,2,265415.78,6.84,27,0,0.0,0.0,0
8805,13.58,2,369704.92000000004,0.42,0,0,1.0,1.0,0
8806,29.03,2,218665.3,13.96,14,86,0.0,0.0,0
8807,32.08,3,219373.47,11.92,31,17,0.0,0.0,0
8808,35.37,1,81893.97,2.38,38,16,0.0,0.0,0
8809,27.84,1,162086.61,0.0,0,0,0.0,0.0,0
8810,27.51,2,353512.49,0.0,0,14,2.0,1.5,0
8811,63.77,3,485929.99,0.72,75,25,0.0,0.0,1
8812,5.03,2,249436.63,14.26,33,0,0.0,0.0,1
8813,37.54,1,108815.4,1.0,46,50,1.0,4.0,0
8814,15.98,2,259889.58000000002,17.0,0,70,1.0,1.0,0
8815,63.25,2,269604.32,2.33,24,0,0.0,0.0,0
8816,36.49,1,122057.34,2.63,33,34,2.0,0.5,0
8817,26.63,2,274102.93,3.03,16,49,0.0,0.0,0
8818,30.34,3,453336.51,3.89,7,60,2.0,1.0,0
8819,26.69,1,166715.89,0.0,14,27,0.0,0.0,0
8820,50.89,2,263991.98,19.130000000000003,0,0,0.0,0.0,0
8821,45.1,2,283153.3,0.0,0,37,0.0,0.0,0
8822,56.8,2,267704.97,4.46,34,41,2.0,2.5,0
8823,37.38,2,198228.93,3.6,1,35,0.0,0.0,0
8824,43.49,1,152037.29,5.76,15,0,0.0,0.0,0
8825,51.25,2,281140.85,0.0,2,31,2.0,1.0,0
8826,53.35,3,420856.12,18.4,79,28,0.0,0.0,0
8827,64.27,1,197336.9,0.0,0,19,0.0,0.0,0
8828,27.19,3,295609.81,14.46,26,79,1.0,1.0,0
8829,36.95,1,100146.85,2.89,21,45,0.0,0.0,0
8830,45.79,3,561268.27,14.069999999999999,3,10,2.0,0.0,0
8831,31.1,2,247135.72,0.0,4,0,1.0,0.0,0
8832,53.85,1,96715.14,0.03,0,19,1.0,3.0,0
8833,1.05,3,442459.25,8.75,77,76,0.0,0.0,0
8834,62.59,2,222926.24,7.49,7,0,0.0,0.0,0
8835,31.99,3,382187.39,5.68,33,32,1.0,0.0,0
8836,53.52,3,401042.72000000003,3.52,9,36,2.0,3.5,0
8837,4.8,1,96740.55,0.0,0,22,0.0,0.0,0
8838,27.35,1,84208.52,1.96,0,0,2.0,0.0,0
8839,6.54,1,112950.07,7.77,0,0,1.0,0.0,0
8840,41.65,1,84430.02,0.0,26,10,2.0,3.5,0
8841,50.59,1,68549.3,2.65,0,0,2.0,1.0,0
8842,25.48,2,193570.93,14.400000000000002,53,70,1.0,0.0,0
8843,40.04,2,269540.83999999997,9.77,58,39,2.0,0.0,0
8844,11.18,3,362464.35,14.8,21,43,1.0,1.0,0
8845,5.19,2,292807.52,7.6,49,59,1.0,3.0,1
8846,15.98,1,94346.88,3.86,0,47,0.0,0.0,1
8847,43.56,1,110634.1,5.88,45,0,1.0,0.0,0
8848,37.11,2,227587.89,2.84,18,18,2.0,0.5,0
8849,19.82,3,301822.0,7.0,51,0,0.0,0.0,0
8850,37.28,3,453839.58999999997,5.61,39,0,2.0,2.5,0
8851,5.59,3,470247.15,1.09,61,66,1.0,0.0,1
8852,4.96,1,145391.82,6.6,32,0,0.0,0.0,0
8853,9.27,1,126703.86,0.0,0,18,0.0,0.0,0
8854,40.37,3,371489.16000000003,8.690000000000001,0,46,0.0,0.0,0
8855,35.01,1,189315.52,1.95,38,0,0.0,0.0,0
8856,50.99,1,141350.96,0.0,28,0,1.0,0.0,0
8857,49.47,1,66197.9,1.75,0,5,2.0,1.0,0
8858,45.53,3,286406.22,6.93,10,60,0.0,0.0,1
8859,59.76,1,76810.12,0.0,0,39,1.0,1.0,1
8860,31.0,3,269736.0,8.44,36,38,2.0,2.5,1
8861,62.36,1,199445.61,2.72,0,0,0.0,0.0,0
8862,0.36,2,175282.6,8.06,19,1,1.0,0.0,0
8863,3.78,3,305542.22000000003,8.860000000000001,45,56,2.0,2.5,1
8864,33.99,1,180784.29,0.0,0,0,0.0,0.0,0
8865,15.29,1,101870.56,3.63,0,30,1.0,3.0,0
8866,47.01,1,184830.32,8.48,45,0,1.0,1.0,0
8867,25.58,2,333902.24,12.92,12,5,1.0,0.0,0
8868,0.62,3,383304.73,6.37,41,36,0.0,0.0,0
8869,22.72,3,342123.46,9.34,48,49,0.0,0.0,0
8870,59.93,1,55221.79,5.52,0,17,1.0,0.0,0
8871,54.77,1,156300.55,0.0,6,18,0.0,0.0,0
8872,10.95,2,275956.8,10.96,0,76,0.0,0.0,0
8873,22.35,2,364300.04000000004,2.29,14,37,2.0,2.0,0
8874,31.33,1,105613.79,9.01,41,14,0.0,0.0,0
8875,43.0,1,187415.98,9.8,4,15,2.0,1.0,0
8876,28.17,1,97339.68,2.04,0,0,1.0,0.0,0
8877,49.8,2,320187.18,6.61,0,0,0.0,0.0,1
8878,21.93,2,288851.25,5.78,0,0,2.0,1.5,1
8879,57.23,2,330588.73,7.4,19,43,1.0,0.0,0
8880,31.56,2,252644.16,1.87,59,97,2.0,0.0,1
8881,0.53,3,358719.56999999995,4.64,40,0,0.0,0.0,0
8882,32.77,3,412459.9,24.2,29,47,0.0,0.0,0
8883,15.94,1,118126.29,4.12,38,41,0.0,0.0,0
8884,16.93,3,446166.44,4.88,77,0,0.0,0.0,0
8885,29.32,1,148864.36,1.03,0,26,0.0,0.0,0
8886,19.3,2,244031.53999999998,0.0,18,55,1.0,3.0,0
8887,42.21,3,426829.97,9.26,20,57,0.0,0.0,0
8888,20.51,3,325984.73,4.61,72,36,0.0,0.0,0
8889,14.83,2,190049.73,8.99,8,0,1.0,1.0,1
8890,34.35,1,145897.65,8.05,0,34,1.0,0.0,0
8891,5.26,1,145855.42,6.94,35,0,0.0,0.0,0
8892,15.75,2,298910.74,7.949999999999999,0,0,1.0,0.0,1
8893,13.58,3,342053.57,3.01,1,60,2.0,0.0,0
8894,14.14,3,454984.93,0.8,0,19,0.0,0.0,0
8895,2.1,1,151369.62,0.0,23,0,0.0,0.0,0
8896,26.53,3,254839.97999999998,4.63,18,27,1.0,5.0,0
8897,2.07,3,300266.42000000004,7.5600000000000005,0,50,1.0,2.0,0
8898,17.26,1,155057.87,1.92,23,33,2.0,0.0,1
8899,47.63,1,170376.55,4.35,38,8,0.0,0.0,1
8900,44.05,3,345815.73,3.27,16,0,2.0,3.5,1
8901,45.33,1,187485.98,3.57,6,0,1.0,0.0,0
8902,46.29,2,288038.58,7.31,40,1,0.0,0.0,0
8903,56.41,3,378511.97,5.67,0,54,1.0,0.0,0
8904,29.49,1,123485.69,4.61,49,0,1.0,5.0,0
8905,61.05,2,307878.98,4.86,36,40,1.0,3.0,0
8906,55.79,3,389698.14,11.829999999999998,7,37,0.0,0.0,0
8907,39.94,3,405392.43000000005,2.79,55,0,0.0,0.0,0
8908,9.17,2,225269.51,0.0,45,32,1.0,0.0,0
8909,61.05,3,365630.03,0.0,86,49,0.0,0.0,0
8910,39.32,3,306101.82,8.25,34,0,0.0,0.0,0
8911,21.01,2,236557.7,0.0,20,0,1.0,0.0,0
8912,56.44,1,51482.92,9.88,22,12,0.0,0.0,0
8913,17.13,3,296387.27,0.0,1,43,2.0,0.0,0
8914,5.59,1,100488.72,9.68,29,45,1.0,5.0,0
8915,55.03,2,231621.88,8.62,0,0,0.0,0.0,0
8916,12.82,3,424583.87,9.0,18,41,0.0,0.0,0
8917,41.55,1,64036.15,0.94,26,29,0.0,0.0,1
8918,34.22,3,422363.74,8.14,42,55,2.0,2.0,0
8919,53.85,2,356681.37,8.74,0,10,2.0,1.5,0
8920,57.69,3,341230.5,6.86,62,42,1.0,2.0,0
8921,42.14,3,416231.64,11.57,28,36,0.0,0.0,0
8922,15.06,1,175302.27,0.0,8,0,1.0,0.0,0
8923,37.51,1,147520.24,0.0,0,10,0.0,0.0,0
8924,23.67,3,421326.18999999994,16.71,0,49,1.0,1.0,0
8925,37.18,3,448225.17,5.79,15,21,2.0,2.5,0
8926,56.54,2,345683.41000000003,9.56,63,36,0.0,0.0,0
8927,32.05,3,342772.24,9.92,61,45,0.0,0.0,0
8928,34.94,3,333033.88,4.99,41,6,1.0,2.0,0
8929,46.98,1,139382.81,9.66,36,29,1.0,0.0,0
8930,5.92,1,128421.59,0.0,0,2,0.0,0.0,0
8931,59.89,1,94864.24,7.02,11,0,2.0,0.0,0
8932,23.77,1,66003.53,0.0,10,32,2.0,1.5,1
8933,43.29,2,259146.96999999997,1.38,80,59,2.0,0.5,1
8934,9.34,1,140288.81,0.0,0,0,1.0,0.0,0
8935,46.81,2,244435.14,7.52,32,50,2.0,2.5,0
8936,63.64,3,427028.94,17.73,68,49,0.0,0.0,0
8937,45.5,2,361905.94,14.39,37,0,1.0,0.0,0
8938,16.96,3,473172.32999999996,10.11,69,34,2.0,0.5,0
8939,21.1,2,294842.13,8.42,22,37,0.0,0.0,1
8940,14.14,1,147304.47,0.0,31,0,2.0,2.0,1
8941,43.66,1,81974.01,0.0,37,0,0.0,0.0,0
8942,25.81,3,340400.16,10.940000000000001,55,41,0.0,0.0,0
8943,30.14,2,229964.15,15.16,0,47,1.0,0.0,0
8944,40.73,1,155145.15,0.0,2,0,1.0,4.0,0
8945,63.41,1,171038.72,3.25,8,0,0.0,0.0,0
8946,10.16,1,129323.61,0.0,35,25,2.0,0.5,0
8947,16.21,3,410416.43000000005,6.41,70,56,2.0,2.0,0
8948,57.59,2,368850.69,11.6,0,0,2.0,1.0,1
8949,15.98,3,402729.18,6.33,79,34,1.0,5.0,1
8950,1.48,1,51377.3,0.0,42,0,0.0,0.0,0
8951,14.5,2,192742.89,0.0,0,3,0.0,0.0,1
8952,2.17,3,428523.11,0.0,40,38,2.0,0.5,0
8953,35.8,3,348010.85,7.52,0,0,1.0,0.0,0
8954,14.1,2,222719.52,6.73,33,0,0.0,0.0,0
8955,38.26,1,146159.93,0.0,0,0,0.0,0.0,0
8956,63.21,1,99010.95,0.0,0,0,2.0,3.0,0
8957,56.02,2,271780.77999999997,0.0,9,44,0.0,0.0,0
8958,1.31,1,55250.59,0.0,0,43,0.0,0.0,0
8959,36.42,1,152494.36,0.0,16,0,1.0,0.0,0
8960,10.45,3,249773.63,5.72,19,53,0.0,0.0,0
8961,54.7,3,541692.39,13.4,50,28,2.0,1.0,0
8962,60.98,1,152612.66,0.0,0,0,1.0,0.0,1
8963,37.02,3,413619.92000000004,3.81,23,0,1.0,1.0,1
8964,51.28,1,57085.82,0.0,37,40,2.0,1.0,1
8965,30.51,1,50570.96,0.0,0,0,2.0,2.0,0
8966,63.54,3,350237.82,15.42,5,20,2.0,3.5,0
8967,58.71,3,334293.46,1.58,53,52,0.0,0.0,1
8968,36.16,3,433354.20999999996,6.58,48,56,0.0,0.0,0
8969,16.4,3,466222.14,17.75,4,44,2.0,1.5,0
8970,1.58,3,403288.85000000003,16.91,36,0,0.0,0.0,0
8971,47.3,2,310049.97,2.0,0,11,2.0,1.0,0
8972,29.68,2,300405.75,0.41,30,0,0.0,0.0,0
8973,2.86,1,52609.2,8.87,0,0,0.0,0.0,1
8974,2.24,1,184894.06,0.0,0,48,1.0,0.0,1
8975,58.97,3,448453.43,1.88,68,101,2.0,0.0,0
8976,32.84,3,418143.48,13.0,40,34,0.0,0.0,1
8977,20.58,1,154301.56,3.53,0,0,0.0,0.0,0
8978,33.33,2,275472.57,8.48,0,0,1.0,1.0,0
8979,32.45,1,194378.96,0.0,0,18,1.0,0.0,0
8980,20.15,1,126185.32,7.9,18,49,0.0,0.0,0
8981,14.66,2,237845.05,8.5,44,14,1.0,5.0,0
8982,7.96,3,457833.96,9.71,15,0,1.0,5.0,0
8983,33.07,3,422188.24,6.74,33,21,1.0,5.0,0
8984,26.17,1,128590.17,0.0,29,0,1.0,3.0,0
8985,15.78,3,516256.98,8.02,35,18,0.0,0.0,0
8986,11.77,2,234109.16000000003,0.0,6,0,0.0,0.0,0
8987,13.54,1,62893.79,0.0,3,47,1.0,0.0,0
8988,34.32,1,149170.43,1.25,0,16,2.0,2.5,0
8989,53.29,3,446220.13,14.57,104,87,1.0,0.0,0
8990,13.08,1,88000.54,7.13,0,19,2.0,3.5,0
8991,24.79,1,50437.21,0.0,31,13,0.0,0.0,0
8992,3.52,2,336838.24,5.89,46,22,2.0,2.5,1
8993,57.2,1,118711.45,2.78,0,48,2.0,0.5,0
8994,7.1,2,310751.15,4.38,39,28,2.0,0.5,0
8995,44.35,3,247616.25,8.05,25,0,0.0,0.0,0
8996,52.7,1,157407.76,1.33,0,39,0.0,0.0,0
8997,26.89,1,94668.34,0.0,0,0,1.0,0.0,0
8998,36.26,1,116816.3,0.11,3,37,0.0,0.0,0
8999,20.78,1,97446.51,0.0,20,0,0.0,0.0,0
9000,30.05,2,296532.12,0.0,28,42,0.0,0.0,1
9001,1.28,1,66386.61,7.77,26,47,0.0,0.0,0
9002,15.81,2,249369.13999999998,6.28,34,25,0.0,0.0,0
9003,45.6,2,316572.69,0.0,0,56,2.0,2.5,0
9004,53.55,2,253257.32,4.51,31,0,1.0,0.0,0
9005,52.47,2,342189.51,3.63,6,0,0.0,0.0,0
9006,5.65,1,111458.26,0.0,0,38,1.0,0.0,0
9007,13.74,1,145355.33,8.04,13,32,2.0,0.0,0
9008,8.61,2,220048.77,7.63,33,33,0.0,0.0,0
9009,36.03,2,318215.7,0.0,21,0,0.0,0.0,0
9010,12.69,3,402821.89,16.41,0,81,1.0,0.0,1
9011,14.17,1,109656.12,0.0,33,19,0.0,0.0,0
9012,37.38,2,242503.12,0.0,5,13,1.0,4.0,0
9013,31.43,3,325752.98,5.72,15,83,1.0,4.0,0
9014,54.34,2,275269.7,0.99,33,71,2.0,3.5,0
9015,53.42,2,184451.92,6.01,0,31,0.0,0.0,0
9016,52.24,3,442549.36,9.71,31,65,1.0,4.0,0
9017,25.9,1,127483.49,0.0,41,0,2.0,5.0,0
9018,56.02,3,297323.5,6.2,0,91,1.0,0.0,1
9019,29.75,2,187820.44,0.0,0,8,2.0,0.0,0
9020,2.17,2,225536.24,2.8,0,0,0.0,0.0,0
9021,10.85,3,328774.13,15.14,66,9,2.0,4.5,0
9022,35.37,2,178702.36,0.0,23,5,1.0,5.0,0
9023,16.11,2,246852.19,9.88,11,15,2.0,2.5,1
9024,55.98,1,182610.78,2.82,39,0,0.0,0.0,0
9025,33.69,2,291075.35,0.0,0,88,0.0,0.0,0
9026,55.16,2,286466.18999999994,4.99,7,12,0.0,0.0,0
9027,55.42,1,54506.21,0.0,0,0,1.0,4.0,0
9028,11.08,2,239488.15000000002,3.99,0,34,0.0,0.0,0
9029,32.71,1,171834.92,0.0,0,0,1.0,3.0,0
9030,40.89,2,214800.7,3.91,62,58,2.0,0.5,1
9031,20.41,1,158149.6,0.0,8,0,2.0,0.0,0
9032,2.66,3,445575.89,14.37,36,59,2.0,2.5,0
9033,43.66,1,54602.7,6.91,0,43,0.0,0.0,0
9034,47.04,2,261394.7,5.32,23,47,2.0,1.5,0
9035,24.85,3,576861.79,0.0,30,6,1.0,3.0,0
9036,63.94,1,181253.34,0.0,12,0,2.0,1.5,1
9037,47.86,1,136365.64,9.22,0,0,0.0,0.0,1
9038,28.47,1,174042.41,0.0,0,20,2.0,1.0,0
9039,48.88,2,366234.96,9.37,0,9,0.0,0.0,0
9040,38.99,3,432863.79000000004,6.31,77,0,0.0,0.0,0
9041,11.87,3,380343.44,8.27,30,20,1.0,2.0,1
9042,2.66,1,79028.04,0.0,27,33,0.0,0.0,0
9043,17.29,1,132904.26,6.58,47,0,0.0,0.0,0
9044,43.2,3,410620.8,5.82,93,14,0.0,0.0,0
9045,20.28,3,456511.01,2.29,103,33,0.0,0.0,0
9046,34.29,1,135237.72,6.88,6,15,2.0,0.0,0
9047,43.79,1,123017.14,0.0,5,20,1.0,3.0,0
9048,29.19,1,108932.17,0.0,26,0,1.0,0.0,0
9049,10.55,1,94664.57,4.64,0,41,0.0,0.0,0
9050,29.13,3,460069.11,7.98,6,49,2.0,0.0,0
9051,19.26,2,356986.08999999997,3.09,0,68,0.0,0.0,0
9052,35.4,1,88662.44,2.74,7,9,2.0,2.5,0
9053,39.78,2,223041.81,4.4,22,32,1.0,5.0,0
9054,30.08,2,181363.57,6.35,0,62,2.0,2.5,1
9055,21.7,3,485311.62,3.14,38,24,1.0,0.0,0
9056,39.91,1,156830.93,0.0,23,0,2.0,1.0,1
9057,32.25,1,77149.38,0.0,30,0,1.0,0.0,0
9058,43.85,2,372128.74,7.84,15,18,0.0,0.0,0
9059,18.9,3,265732.24,0.0,18,53,1.0,3.0,0
9060,7.0,2,296355.0,3.08,37,0,2.0,1.5,0
9061,4.47,2,190463.4,9.5,40,0,1.0,0.0,0
9062,54.96,3,314032.63,7.25,107,58,1.0,0.0,1
9063,9.6,3,372237.44999999995,14.29,36,99,0.0,0.0,0
9064,4.54,1,129809.89,0.48,50,24,0.0,0.0,0
9065,30.18,2,213905.22999999998,0.0,62,0,0.0,0.0,0
9066,49.74,3,364800.67,9.1,0,17,0.0,0.0,0
9067,20.35,2,369735.05000000005,3.22,39,17,0.0,0.0,1
9068,51.78,1,74486.86,9.18,0,12,0.0,0.0,1
9069,35.27,2,331410.95,3.24,0,0,0.0,0.0,0
9070,10.16,1,140964.94,0.0,0,16,1.0,4.0,0
9071,28.24,3,313888.67,12.18,44,24,1.0,0.0,0
9072,58.65,1,150292.67,6.89,20,24,1.0,3.0,0
9073,57.2,1,159500.74,0.0,0,0,0.0,0.0,0
9074,4.96,2,301410.95,4.17,87,0,2.0,2.5,1
9075,34.94,1,103709.35,8.54,0,46,0.0,0.0,0
9076,46.38,1,156793.89,7.42,0,0,2.0,1.5,0
9077,25.18,1,105618.64,0.0,0,14,0.0,0.0,0
9078,51.68,2,307587.02,8.26,0,47,0.0,0.0,0
9079,30.47,2,374088.26,0.0,27,21,1.0,2.0,0
9080,3.19,2,259159.98,7.35,35,35,2.0,2.5,0
9081,51.94,3,367395.33999999997,5.62,46,0,0.0,0.0,0
9082,43.0,2,276839.52,3.24,6,9,2.0,1.0,0
9083,11.97,1,187889.56,7.09,19,20,2.0,0.0,0
9084,47.14,1,50206.52,0.67,0,0,0.0,0.0,0
9085,15.55,2,193063.91999999998,6.16,77,51,1.0,0.0,0
9086,58.09,2,181712.22,4.05,29,20,0.0,0.0,0
9087,44.64,2,168828.39,5.53,82,0,0.0,0.0,0
9088,20.78,3,404098.83999999997,11.53,89,14,0.0,0.0,0
9089,25.74,2,290989.8,0.0,7,39,0.0,0.0,0
9090,61.54,2,303803.6,16.29,0,25,2.0,1.5,1
9091,3.42,1,87260.85,0.0,0,38,2.0,0.0,1
9092,60.68,1,91343.9,0.0,0,34,0.0,0.0,0
9093,41.29,1,172699.3,0.0,0,25,0.0,0.0,0
9094,20.12,2,223085.52000000002,5.91,63,4,2.0,0.0,0
9095,19.59,3,292033.94,11.68,26,27,0.0,0.0,1
9096,1.58,1,59788.93,3.7,0,39,1.0,2.0,0
9097,21.01,2,123906.14,0.0,23,3,0.0,0.0,0
9098,50.33,3,424250.02,6.609999999999999,0,37,1.0,4.0,0
9099,49.08,2,286045.37,10.23,64,47,0.0,0.0,0
9100,57.69,2,161626.14,1.02,0,48,0.0,0.0,1
9101,42.97,3,382860.28,0.0,35,10,1.0,5.0,0
9102,23.34,1,172876.33,0.0,11,0,0.0,0.0,0
9103,35.31,3,387254.57,9.71,5,27,2.0,0.0,0
9104,24.16,3,434221.0,14.89,31,133,0.0,0.0,0
9105,53.32,2,342575.88,0.0,24,0,2.0,1.5,0
9106,26.53,1,62569.3,8.37,12,0,1.0,5.0,0
9107,63.77,3,223829.07,3.0999999999999996,46,34,1.0,3.0,0
9108,11.7,1,141507.84,2.14,0,0,1.0,5.0,0
9109,47.86,1,102059.74,0.0,33,38,0.0,0.0,0
9110,56.71,3,385400.05,8.74,0,49,0.0,0.0,0
9111,37.08,1,171948.27,2.58,0,0,2.0,3.5,0
9112,25.44,2,186330.77000000002,5.55,43,0,0.0,0.0,1
9113,11.14,1,105263.66,6.46,0,0,0.0,0.0,0
9114,0.92,3,372569.96,0.0,44,92,1.0,3.0,0
9115,47.34,1,69017.36,2.34,15,8,1.0,0.0,0
9116,20.58,3,381596.36,0.0,68,0,2.0,1.5,0
9117,4.27,3,315857.62,14.33,24,48,2.0,0.5,0
9118,37.67,3,332044.39,0.0,0,6,1.0,2.0,0
9119,7.92,3,402057.02,4.2,50,42,0.0,0.0,0
9120,20.48,3,198879.43,18.65,65,0,0.0,0.0,0
9121,16.96,2,281204.35,9.16,29,59,0.0,0.0,0
9122,4.7,2,293022.67,9.37,45,13,0.0,0.0,0
9123,9.37,1,64824.65,0.0,0,1,0.0,0.0,0
9124,38.86,1,74485.98,4.55,1,0,0.0,0.0,0
9125,13.05,1,66101.12,0.0,0,36,0.0,0.0,0
9126,57.43,1,181141.73,0.98,0,30,0.0,0.0,0
9127,44.61,2,253880.46999999997,15.5,34,0,1.0,0.0,0
9128,13.77,3,449581.95,0.0,3,82,2.0,2.0,0
9129,45.1,3,420936.0,7.59,32,41,0.0,0.0,0
9130,36.65,1,179783.61,0.0,0,48,0.0,0.0,0
9131,10.12,2,166842.35,13.760000000000002,16,36,0.0,0.0,0
9132,48.98,3,433315.72,9.2,14,43,1.0,0.0,0
9133,44.18,2,283947.56,8.97,18,39,0.0,0.0,0
9134,60.39,2,262379.48,17.38,33,40,2.0,3.0,0
9135,5.19,2,218874.59999999998,0.0,0,25,1.0,1.0,0
9136,26.96,3,424486.36,3.47,71,82,2.0,1.5,0
9137,11.64,2,237330.47,12.32,24,52,1.0,1.0,1
9138,37.44,2,242121.21000000002,9.87,0,0,2.0,0.0,0
9139,6.51,1,151330.07,2.66,0,0,1.0,3.0,0
9140,55.39,1,80864.95,3.98,29,17,0.0,0.0,0
9141,20.94,2,181615.05,3.14,0,69,0.0,0.0,0
9142,55.39,1,155559.55,0.0,0,0,1.0,4.0,0
9143,9.63,1,167997.11,0.0,0,38,2.0,2.5,0
9144,54.44,2,321883.55000000005,0.0,0,0,0.0,0.0,0
9145,11.08,3,472148.63,7.11,22,0,2.0,1.0,0
9146,40.2,3,290777.31,5.9799999999999995,37,65,0.0,0.0,0
9147,33.56,3,447606.16,9.29,79,6,0.0,0.0,0
9148,1.74,3,293989.47,20.68,88,15,0.0,0.0,0
9149,44.38,2,196845.91,9.62,32,62,0.0,0.0,0
9150,31.53,2,241862.2,16.83,0,5,1.0,3.0,0
9151,4.6,3,375301.1,0.0,33,72,1.0,0.0,0
9152,51.18,2,284928.19999999995,3.94,8,0,1.0,0.0,0
9153,19.36,2,112437.09,0.0,0,5,0.0,0.0,0
9154,16.54,1,60248.22,0.0,0,8,0.0,0.0,0
9155,19.46,2,292991.27,0.0,0,0,1.0,5.0,0
9156,26.3,3,270391.46,0.0,43,22,1.0,1.0,0
9157,33.93,3,323266.56,14.99,49,19,0.0,0.0,0
9158,17.78,3,390792.3,14.010000000000002,91,45,2.0,3.0,0
9159,23.41,2,386990.07999999996,0.95,2,0,0.0,0.0,0
9160,0.43,1,188132.9,2.62,0,38,2.0,1.0,1
9161,17.32,3,256594.91,0.6,0,0,1.0,5.0,0
9162,26.73,3,512817.69999999995,12.64,44,58,0.0,0.0,0
9163,63.51,1,133672.82,9.34,8,0,2.0,1.0,0
9164,58.81,2,302217.03,7.59,79,45,1.0,4.0,0
9165,43.29,2,295114.64,0.31,58,50,2.0,3.0,0
9166,39.09,1,136562.59,0.0,30,0,2.0,1.5,0
9167,61.37,3,435684.02,7.53,33,73,1.0,4.0,0
9168,49.54,2,325136.83,0.31,46,14,1.0,0.0,0
9169,37.02,3,388819.38,7.84,36,53,1.0,3.0,0
9170,63.51,1,142688.02,0.0,35,39,0.0,0.0,0
9171,3.48,2,287709.03,3.95,78,74,0.0,0.0,1
9172,35.5,2,264350.17,0.0,18,0,1.0,4.0,0
9173,17.39,3,373775.16000000003,6.81,72,44,1.0,0.0,0
9174,4.67,3,477782.29,4.57,63,28,1.0,0.0,1
9175,43.85,1,154855.19,0.0,47,37,2.0,2.0,0
9176,48.19,1,92532.12,6.96,0,0,0.0,0.0,0
9177,5.69,3,191669.42,0.4,62,0,0.0,0.0,0
9178,35.34,1,65851.56,0.0,0,17,2.0,0.0,0
9179,13.48,1,188295.5,5.1,3,17,0.0,0.0,1
9180,56.41,2,210934.36,0.0,53,15,1.0,0.0,0
9181,19.43,2,173923.89,1.99,50,23,0.0,0.0,0
9182,53.62,2,219379.99,6.15,0,0,0.0,0.0,1
9183,28.01,3,311099.83999999997,7.28,38,45,0.0,0.0,0
9184,22.72,1,143508.68,1.86,0,0,0.0,0.0,1
9185,28.3,2,206382.31,6.06,0,40,0.0,0.0,1
9186,17.0,2,239138.55,0.0,2,31,0.0,0.0,0
9187,60.91,1,99581.63,0.0,31,0,0.0,0.0,0
9188,21.66,2,260562.24,7.04,35,5,0.0,0.0,1
9189,49.38,2,360812.94,3.71,0,31,2.0,0.5,1
9190,45.07,2,259245.06,2.16,29,15,1.0,2.0,0
9191,20.25,1,175550.78,7.92,44,46,0.0,0.0,0
9192,49.31,1,77613.23,0.0,2,0,2.0,2.5,0
9193,26.36,2,329784.98,0.0,0,24,2.0,0.0,0
9194,38.53,3,444819.25,8.940000000000001,45,36,2.0,0.0,0
9195,22.06,2,342310.97,8.06,43,5,0.0,0.0,0
9196,11.93,3,324276.70999999996,8.14,27,14,0.0,0.0,0
9197,29.59,1,116269.99,3.26,0,0,0.0,0.0,1
9198,49.77,3,483687.37,8.44,50,0,0.0,0.0,0
9199,32.35,3,413424.49,0.97,0,63,2.0,0.0,0
9200,38.66,3,285199.67,0.53,45,57,0.0,0.0,0
9201,53.09,2,166496.08000000002,0.0,34,32,0.0,0.0,0
9202,40.11,2,317740.74,5.32,14,14,0.0,0.0,0
9203,45.6,2,231695.53999999998,1.62,0,64,1.0,0.0,0
9204,37.94,2,142422.03999999998,9.21,14,11,1.0,2.0,1
9205,49.38,1,144783.47,0.0,11,27,1.0,0.0,0
9206,48.78,2,279165.12,6.529999999999999,16,29,1.0,0.0,1
9207,64.4,3,315171.32,0.0,45,61,0.0,0.0,0
9208,61.11,1,76627.94,5.64,0,2,1.0,0.0,0
9209,32.51,2,366872.83,0.0,0,15,1.0,0.0,0
9210,8.51,1,68927.92,5.51,0,41,2.0,1.5,0
9211,52.2,1,121710.84,0.0,14,0,1.0,0.0,0
9212,43.23,3,250545.26,15.24,49,0,0.0,0.0,0
9213,39.71,1,160812.28,0.0,0,35,2.0,2.0,0
9214,17.59,3,420076.53,3.55,73,38,1.0,3.0,0
9215,35.27,3,353286.37,9.620000000000001,79,37,0.0,0.0,0
9216,59.63,1,186259.01,0.53,0,12,0.0,0.0,0
9217,40.43,1,63134.4,0.0,3,0,0.0,0.0,0
9218,12.75,3,302327.54000000004,5.56,40,41,1.0,4.0,0
9219,19.82,3,450513.9,8.4,11,73,2.0,0.5,0
9220,4.11,3,364636.2,0.0,55,75,0.0,0.0,0
9221,63.28,2,182702.03,7.85,0,14,2.0,1.5,0
9222,52.6,1,167554.86,0.0,0,0,2.0,0.0,0
9223,29.68,3,528618.62,0.0,90,11,0.0,0.0,1
9224,18.24,1,179981.43,0.0,0,43,0.0,0.0,0
9225,35.6,3,348491.05,13.690000000000001,40,45,0.0,0.0,0
9226,20.61,2,249937.0,4.95,0,0,2.0,0.5,0
9227,3.71,2,191247.77000000002,10.14,48,37,0.0,0.0,0
9228,38.76,3,478732.82999999996,12.55,86,32,0.0,0.0,0
9229,53.12,1,156056.37,0.0,0,35,0.0,0.0,0
9230,60.29,2,265211.99,0.0,32,44,0.0,0.0,0
9231,38.43,3,422126.20999999996,12.379999999999999,32,68,2.0,0.5,1
9232,2.01,3,427189.27,10.870000000000001,3,0,2.0,3.0,1
9233,25.25,1,83824.78,0.0,3,11,2.0,2.5,0
9234,22.65,1,58293.36,5.04,49,0,1.0,0.0,0
9235,57.66,1,141412.13,1.47,17,0,2.0,1.5,0
9236,9.93,2,182563.77000000002,0.0,22,11,0.0,0.0,0
9237,27.71,2,196026.65000000002,6.94,2,0,0.0,0.0,0
9238,9.11,3,381253.17,5.53,15,107,0.0,0.0,1
9239,57.96,1,139886.89,3.91,0,0,1.0,1.0,1
9240,27.45,3,273205.27,0.0,36,0,0.0,0.0,0
9241,46.88,1,82854.26,4.75,0,14,1.0,5.0,0
9242,12.33,3,398515.71,7.09,37,0,0.0,0.0,0
9243,31.36,2,220789.01,0.0,11,43,0.0,0.0,0
9244,32.81,3,398368.62,5.74,7,32,0.0,0.0,1
9245,28.07,2,187198.31,0.0,8,17,1.0,0.0,0
9246,63.51,1,110061.58,0.0,14,12,2.0,4.0,0
9247,57.3,2,223275.87,8.81,21,44,0.0,0.0,0
9248,63.08,2,265601.65,12.07,0,0,0.0,0.0,0
9249,51.61,1,187221.0,0.0,0,0,0.0,0.0,0
9250,52.4,3,327280.02999999997,15.15,11,23,1.0,0.0,0
9251,15.35,1,98380.11,0.0,0,0,0.0,0.0,0
9252,54.64,3,407807.49,0.75,39,18,1.0,1.0,0
9253,51.05,3,388130.55,7.41,54,46,0.0,0.0,0
9254,23.8,3,360772.33999999997,12.35,91,14,0.0,0.0,0
9255,25.38,3,343585.06000000006,12.07,33,6,0.0,0.0,0
9256,18.41,2,288635.95,0.0,0,0,0.0,0.0,0
9257,7.43,1,50558.6,0.0,27,35,1.0,0.0,0
9258,39.35,2,157592.49,10.46,0,71,1.0,0.0,0
9259,18.61,1,123618.39,7.77,0,23,2.0,2.0,1
9260,54.57,2,261675.75,0.0,0,48,2.0,1.0,0
9261,33.14,3,410348.4,6.97,94,32,0.0,0.0,0
9262,64.1,2,219090.13,7.87,0,27,1.0,0.0,0
9263,49.34,2,123295.75,17.58,42,0,0.0,0.0,0
9264,55.06,1,154512.17,9.34,30,33,0.0,0.0,0
9265,38.0,1,179200.15,0.0,50,0,1.0,4.0,0
9266,32.54,3,335794.85,1.8900000000000001,26,73,0.0,0.0,0
9267,39.35,1,161247.41,6.27,2,0,0.0,0.0,0
9268,51.81,1,132123.22,0.0,33,0,0.0,0.0,0
9269,46.68,2,112317.89,5.949999999999999,6,5,0.0,0.0,1
9270,47.01,3,308494.5,5.37,0,56,0.0,0.0,0
9271,16.63,3,417966.92000000004,9.13,9,14,0.0,0.0,0
9272,13.58,3,350157.14,0.0,0,41,2.0,0.0,0
9273,57.79,1,149403.59,0.0,0,5,2.0,0.0,1
9274,8.45,3,443620.44,3.65,19,60,0.0,0.0,0
9275,4.57,1,165389.76,0.0,0,37,2.0,4.5,0
9276,59.86,2,218345.65999999997,0.0,3,52,1.0,0.0,0
9277,41.39,1,141369.56,9.39,0,49,2.0,0.0,0
9278,9.86,1,184063.44,0.0,28,0,2.0,0.0,0
9279,9.27,1,74441.39,0.0,15,0,2.0,2.0,0
9280,27.15,1,98727.71,0.0,23,44,0.0,0.0,0
9281,20.18,1,139606.83,4.11,34,26,2.0,0.0,1
9282,52.79,2,245858.33000000002,3.27,38,7,0.0,0.0,0
9283,27.81,2,363406.38,0.0,34,14,1.0,0.0,0
9284,19.36,1,148364.09,0.0,14,33,0.0,0.0,0
9285,48.36,3,258459.45,9.72,75,32,0.0,0.0,1
9286,41.03,2,202297.44,1.28,11,26,0.0,0.0,0
9287,0.53,3,558666.65,1.23,0,72,0.0,0.0,0
9288,27.78,3,326379.94,8.8,46,65,0.0,0.0,0
9289,17.65,3,307245.1,13.93,20,0,1.0,4.0,0
9290,43.2,3,429070.10000000003,4.609999999999999,28,47,2.0,2.0,0
9291,25.41,1,86868.71,0.0,0,0,1.0,5.0,0
9292,19.33,2,252963.40000000002,16.62,0,30,1.0,4.0,0
9293,39.09,3,348513.20999999996,0.0,17,80,2.0,1.0,0
9294,27.74,3,344323.61,9.56,17,0,0.0,0.0,0
9295,17.85,2,207976.15,3.95,19,61,0.0,0.0,0
9296,35.17,3,525847.3,5.07,26,91,2.0,0.0,0
9297,64.27,1,52058.6,8.68,0,39,0.0,0.0,0
9298,46.19,1,94428.84,1.01,28,22,2.0,2.5,0
9299,38.2,1,84069.59,0.0,0,0,0.0,0.0,0
9300,13.68,2,152788.49,9.55,2,8,1.0,0.0,0
9301,56.9,1,109345.47,6.94,46,19,2.0,0.0,1
9302,5.46,2,238846.37,0.74,88,0,0.0,0.0,0
9303,62.75,3,325872.66000000003,9.34,34,99,0.0,0.0,0
9304,17.23,3,301149.99,3.05,57,50,2.0,0.0,0
9305,26.13,3,501631.74,7.9,80,31,0.0,0.0,0
9306,35.7,1,89617.69,1.85,46,0,0.0,0.0,0
9307,56.41,1,111902.04,6.05,0,0,0.0,0.0,1
9308,26.3,2,180062.6,0.0,29,52,0.0,0.0,0
9309,4.87,2,361109.51,9.61,25,76,0.0,0.0,0
9310,2.7,2,265132.54,10.94,19,52,2.0,1.0,0
9311,27.48,1,121149.05,0.0,50,0,0.0,0.0,0
9312,56.18,3,393395.24,7.45,124,49,2.0,2.5,0
9313,44.28,2,258292.41,2.45,22,0,0.0,0.0,0
9314,0.33,2,220981.44999999998,11.92,69,18,1.0,1.0,1
9315,36.03,2,357750.26,3.04,76,54,0.0,0.0,0
9316,40.76,2,175704.29,0.0,14,88,0.0,0.0,1
9317,11.28,3,320748.36,1.69,59,65,2.0,2.5,0
9318,15.68,1,98938.78,2.2,18,0,1.0,0.0,0
9319,10.06,1,152015.01,9.92,45,0,0.0,0.0,0
9320,9.53,2,339346.88,12.76,44,8,0.0,0.0,0
9321,25.15,3,274069.08,12.76,39,27,0.0,0.0,0
9322,4.57,1,137292.02,0.0,0,0,2.0,1.0,0
9323,12.1,1,156886.46,5.32,30,43,2.0,1.5,0
9324,13.41,2,301767.75,3.98,0,0,1.0,0.0,0
9325,6.64,3,456847.18,13.469999999999999,91,0,2.0,2.0,0
9326,13.64,2,250330.5,0.0,0,0,1.0,0.0,0
9327,7.17,2,222722.83000000002,3.49,31,16,0.0,0.0,0
9328,30.41,2,276049.85,9.39,91,20,1.0,2.0,0
9329,6.05,1,80965.86,0.0,3,0,0.0,0.0,0
9330,40.93,2,137655.45,4.39,27,30,0.0,0.0,0
9331,48.29,1,51282.62,5.83,0,47,2.0,1.5,1
9332,41.16,1,166077.24,0.0,0,36,0.0,0.0,0
9333,29.16,1,153159.43,0.0,10,0,0.0,0.0,0
9334,34.02,2,225349.44,3.42,0,43,0.0,0.0,0
9335,42.37,1,117278.19,6.02,0,0,0.0,0.0,0
9336,45.27,2,337116.05,0.0,8,22,2.0,0.5,0
9337,59.07,3,328976.76,0.0,65,0,0.0,0.0,1
9338,58.71,1,55251.34,8.85,38,0,0.0,0.0,0
9339,13.51,2,224452.45,0.0,12,50,1.0,3.0,0
9340,37.8,3,465715.36,5.98,29,41,0.0,0.0,0
9341,38.26,3,368245.95999999996,0.73,77,31,0.0,0.0,0
9342,32.25,3,356268.16000000003,6.22,51,0,0.0,0.0,0
9343,35.96,3,292350.47,7.88,28,40,0.0,0.0,0
9344,59.7,1,107791.77,0.0,0,0,1.0,0.0,0
9345,33.93,3,223701.93,8.0,67,53,1.0,0.0,1
9346,42.8,2,155006.66999999998,1.89,62,24,1.0,3.0,0
9347,38.99,2,274717.94,0.81,35,47,0.0,0.0,0
9348,6.8,3,266318.11,1.65,15,0,0.0,0.0,0
9349,57.07,3,476264.41,5.09,55,0,0.0,0.0,0
9350,62.92,2,259289.38999999998,7.25,17,37,0.0,0.0,0
9351,51.55,3,471972.2,0.43,0,0,2.0,1.0,0
9352,55.42,1,176213.45,0.0,33,0,0.0,0.0,0
9353,47.73,3,429271.47,14.09,25,61,2.0,2.0,0
9354,10.72,2,177422.77000000002,5.5,2,28,0.0,0.0,0
9355,46.32,2,263376.52,3.68,41,0,1.0,0.0,0
9356,21.43,1,193026.0,6.43,0,18,2.0,0.5,0
9357,36.49,3,468194.28,13.82,59,62,0.0,0.0,1
9358,39.97,1,77919.9,5.48,0,0,0.0,0.0,0
9359,16.83,2,237022.0,5.63,50,38,0.0,0.0,0
9360,26.66,2,252423.18,10.71,18,31,2.0,2.5,0
9361,62.26,3,385920.67,5.25,77,46,0.0,0.0,1
9362,38.1,2,299043.95,0.0,47,0,0.0,0.0,0
9363,4.83,2,257459.40000000002,11.379999999999999,87,0,2.0,1.0,0
9364,9.2,3,444118.88,4.77,39,77,1.0,0.0,0
9365,13.12,1,65763.52,0.0,0,0,2.0,0.5,0
9366,10.39,2,269641.67000000004,8.37,0,0,1.0,0.0,1
9367,23.7,3,417191.89,18.36,86,0,0.0,0.0,0
9368,15.94,1,89287.22,8.55,50,0,0.0,0.0,0
9369,48.42,2,350559.32,9.27,2,18,1.0,0.0,0
9370,45.36,1,128022.73,6.58,0,0,0.0,0.0,0
9371,46.48,1,115648.26,0.0,7,0,2.0,0.0,0
9372,34.16,1,60949.08,0.0,0,29,1.0,4.0,0
9373,38.0,2,285893.65,0.0,54,42,1.0,0.0,0
9374,33.93,3,253191.52000000002,0.0,38,50,0.0,0.0,0
9375,24.03,3,362204.17,11.22,26,24,1.0,0.0,0
9376,46.61,1,166479.57,2.76,0,0,0.0,0.0,0
9377,43.75,2,116943.02,9.78,49,51,1.0,0.0,0
9378,32.31,1,148549.76,0.0,0,0,1.0,4.0,0
9379,53.91,1,169016.38,7.94,46,0,1.0,2.0,0
9380,14.96,3,435980.41000000003,1.95,29,41,0.0,0.0,0
9381,42.93,3,467762.78,0.5,84,21,2.0,2.5,0
9382,43.16,1,143049.78,5.45,47,0,0.0,0.0,0
9383,20.94,3,306342.82,8.45,93,62,0.0,0.0,0
9384,63.84,3,295110.02,0.0,9,62,1.0,0.0,0
9385,3.19,3,334525.47000000003,6.5,34,26,1.0,3.0,0
9386,52.66,3,404268.0,0.0,4,107,2.0,0.0,0
9387,32.02,3,455479.1,8.47,21,42,1.0,4.0,0
9388,45.63,3,275561.75,5.24,0,40,1.0,0.0,0
9389,54.96,1,55296.39,0.0,22,20,0.0,0.0,0
9390,27.71,2,230132.89,7.52,0,7,0.0,0.0,0
9391,26.1,1,73651.86,0.0,28,22,0.0,0.0,0
9392,5.33,1,141357.42,0.0,0,0,0.0,0.0,1
9393,19.79,2,338918.37,11.44,37,0,0.0,0.0,0
9394,28.86,1,147696.6,8.92,35,25,1.0,1.0,0
9395,10.39,3,346803.16000000003,0.0,35,6,2.0,1.0,0
9396,22.58,3,437181.98,7.52,0,0,2.0,1.5,0
9397,37.25,1,144442.96,5.01,0,0,1.0,2.0,0
9398,19.46,2,284108.19,7.4,33,1,0.0,0.0,0
9399,4.64,3,405962.2,1.7,22,35,1.0,2.0,0
9400,60.45,3,466527.91000000003,5.77,0,8,1.0,4.0,0
9401,38.76,2,321691.28,7.1000000000000005,39,0,2.0,1.0,1
9402,38.33,2,313452.39,3.98,35,0,1.0,4.0,0
9403,7.46,1,178266.57,0.0,0,32,0.0,0.0,0
9404,28.8,1,52392.62,0.0,15,32,1.0,2.0,0
9405,3.81,2,264359.13,0.91,43,53,0.0,0.0,0
9406,35.11,1,152375.26,7.03,0,12,0.0,0.0,0
9407,52.63,3,517518.67000000004,0.0,70,60,2.0,0.0,0
9408,57.46,2,239006.34000000003,0.35,36,30,0.0,0.0,0
9409,24.1,3,340212.15,1.75,65,56,0.0,0.0,0
9410,54.73,2,222361.93,0.0,33,0,1.0,0.0,0
9411,55.52,3,295561.05,17.32,44,19,2.0,3.5,0
9412,41.22,3,469058.15,14.219999999999999,60,20,2.0,1.0,0
9413,10.32,3,458458.18,0.0,54,26,0.0,0.0,0
9414,0.46,3,279552.63,7.31,1,41,0.0,0.0,0
9415,59.3,2,142097.71,7.06,0,14,2.0,2.0,0
9416,62.39,2,268745.38,9.4,35,0,2.0,0.0,0
9417,38.46,3,420892.31,7.24,25,6,1.0,5.0,0
9418,40.53,1,55720.2,0.0,0,23,0.0,0.0,0
9419,40.11,3,387249.45,5.61,36,50,0.0,0.0,0
9420,60.78,1,164073.87,0.0,19,22,2.0,3.0,0
9421,42.57,1,149813.5,6.25,0,0,0.0,0.0,0
9422,50.76,2,248175.44,4.45,50,2,0.0,0.0,0
9423,20.78,1,172517.25,7.21,0,0,0.0,0.0,1
9424,7.36,1,79578.49,1.52,33,32,2.0,1.0,0
9425,2.04,3,327114.85,0.0,0,0,2.0,1.0,0
9426,32.08,2,181901.56,4.76,18,28,0.0,0.0,0
9427,4.57,2,285206.38,3.49,33,35,2.0,1.5,0
9428,57.66,2,267873.11,0.0,65,42,1.0,1.0,0
9429,45.0,1,79901.32,4.26,36,13,2.0,0.0,0
9430,43.1,2,367033.04000000004,0.0,25,0,2.0,0.5,1
9431,59.01,2,243604.90000000002,2.59,0,9,0.0,0.0,0
9432,14.83,2,132060.34,0.0,0,0,2.0,0.0,0
9433,2.17,1,76667.03,0.0,37,0,0.0,0.0,0
9434,33.69,3,302786.82,0.22,26,109,1.0,0.0,0
9435,37.44,2,195875.43,6.55,0,20,0.0,0.0,0
9436,63.08,3,375664.41,0.15,45,50,0.0,0.0,0
9437,24.65,1,159051.04,0.0,0,0,0.0,0.0,1
9438,34.25,3,350101.06,10.09,4,73,1.0,1.0,0
9439,19.76,1,59807.06,2.88,0,32,2.0,1.5,0
9440,54.44,2,252112.89,0.0,29,49,2.0,1.5,0
9441,51.45,2,239807.59999999998,0.94,24,25,0.0,0.0,0
9442,45.79,1,157803.85,1.51,0,15,1.0,5.0,0
9443,3.91,2,175902.35,9.48,6,59,0.0,0.0,0
9444,7.03,1,173852.8,0.0,1,32,0.0,0.0,0
9445,52.47,1,183376.51,0.0,0,0,2.0,1.0,1
9446,18.61,1,115707.53,9.08,0,0,1.0,0.0,1
9447,49.11,1,127251.63,2.93,9,19,1.0,0.0,0
9448,58.78,3,391833.48,9.52,41,9,0.0,0.0,0
9449,63.18,3,273963.98,11.75,59,3,1.0,0.0,1
9450,49.31,3,340042.02,5.42,26,10,0.0,0.0,0
9451,27.61,1,120399.06,0.64,0,0,0.0,0.0,0
9452,60.75,1,161895.3,5.31,13,0,0.0,0.0,0
9453,34.65,3,445219.39,9.55,69,84,1.0,2.0,0
9454,20.84,1,78220.79,0.0,0,0,2.0,4.0,0
9455,8.02,3,385886.7,9.66,3,49,2.0,0.0,0
9456,35.83,3,327553.05,4.84,90,33,2.0,2.0,0
9457,50.1,2,352229.87,7.19,33,57,1.0,1.0,0
9458,30.11,1,190415.63,0.0,0,44,1.0,3.0,0
9459,24.26,2,341933.97,3.29,4,0,0.0,0.0,0
9460,11.01,2,247891.39,0.0,36,13,2.0,2.5,0
9461,8.02,2,250777.53999999998,14.76,35,68,0.0,0.0,0
9462,43.72,2,152097.62,8.69,21,0,2.0,4.0,0
9463,7.2,3,238445.64,1.75,22,0,0.0,0.0,0
9464,18.64,2,234548.18,0.0,0,64,0.0,0.0,0
9465,43.98,3,323744.16000000003,0.72,20,69,0.0,0.0,0
9466,10.55,3,424093.66000000003,10.16,0,0,0.0,0.0,0
9467,15.29,2,231414.3,0.0,32,0,0.0,0.0,0
9468,42.83,2,238729.78,0.18,19,0,1.0,3.0,0
9469,3.32,2,301131.72,9.280000000000001,0,0,0.0,0.0,0
9470,34.22,3,231530.37,5.13,3,64,0.0,0.0,0
9471,10.39,1,187007.82,3.39,9,8,1.0,0.0,0
9472,63.38,1,166115.02,3.93,0,13,1.0,3.0,0
9473,46.84,2,227260.31,13.34,0,0,0.0,0.0,0
9474,7.23,2,282736.78,6.71,70,52,0.0,0.0,0
9475,33.93,1,73849.13,0.0,9,12,0.0,0.0,0
9476,20.58,1,85496.16,5.4,26,0,0.0,0.0,0
9477,48.98,2,349853.72,0.0,0,4,2.0,0.5,1
9478,40.14,2,234705.78000000003,3.47,39,0,0.0,0.0,0
9479,31.13,1,129124.31,0.0,0,0,1.0,0.0,0
9480,31.59,2,297211.36,7.9399999999999995,0,38,0.0,0.0,0
9481,38.99,3,434861.88,0.0,41,60,0.0,0.0,0
9482,46.38,1,83717.09,9.24,0,28,0.0,0.0,0
9483,6.57,1,119450.3,0.0,0,1,1.0,2.0,0
9484,20.71,1,169132.55,0.0,50,0,2.0,4.0,0
9485,42.18,3,325772.05,12.65,59,44,0.0,0.0,0
9486,33.69,3,447613.51,7.35,33,33,0.0,0.0,0
9487,21.5,1,125995.57,0.0,0,0,1.0,3.0,1
9488,23.64,2,312589.47,10.100000000000001,51,5,1.0,5.0,0
9489,16.5,3,398553.66000000003,18.560000000000002,45,59,1.0,0.0,0
9490,56.97,1,162054.69,5.5,38,0,0.0,0.0,0
9491,28.57,3,325478.01,3.93,102,21,2.0,1.5,0
9492,29.91,3,370379.54,15.29,11,84,1.0,3.0,0
9493,46.58,2,280596.08999999997,9.88,0,58,2.0,2.0,0
9494,62.95,3,498201.09,9.8,0,37,1.0,0.0,0
9495,1.41,3,425782.26,16.23,1,0,0.0,0.0,0
9496,19.72,2,268218.63,4.04,45,0,1.0,4.0,0
9497,6.11,2,271959.82,0.0,50,9,0.0,0.0,0
9498,58.45,1,56579.71,0.0,0,9,2.0,0.5,1
9499,13.08,1,130395.52,0.0,0,14,1.0,2.0,1
9500,50.3,2,320325.63,12.46,50,64,0.0,0.0,0
9501,10.22,3,322725.58999999997,9.870000000000001,60,37,0.0,0.0,0
9502,42.01,2,212441.02000000002,0.51,50,0,2.0,0.0,0
9503,42.31,2,197492.28,13.989999999999998,28,27,0.0,0.0,0
9504,34.19,2,384760.54000000004,8.63,0,0,0.0,0.0,0
9505,10.19,2,193745.37,0.0,35,29,1.0,1.0,0
9506,57.96,3,420299.88,12.5,37,8,0.0,0.0,0
9507,56.57,1,188492.27,0.0,7,0,2.0,1.5,0
9508,45.07,2,201171.68,8.72,45,4,1.0,0.0,0
9509,2.24,2,195955.09999999998,2.17,5,49,2.0,3.0,0
9510,12.62,2,194077.88,7.539999999999999,0,0,1.0,2.0,0
9511,41.91,2,212642.55,5.83,14,42,0.0,0.0,1
9512,54.31,2,266436.4,12.52,16,52,0.0,0.0,0
9513,60.12,2,273096.44,4.08,42,0,2.0,1.5,0
9514,27.32,3,424911.9,8.77,30,12,1.0,3.0,0
9515,47.83,1,67382.3,0.0,14,0,2.0,1.5,0
9516,17.59,2,214472.66,3.13,0,9,0.0,0.0,0
9517,16.27,2,174606.59999999998,3.13,22,49,1.0,0.0,0
9518,4.4,1,50854.26,3.49,30,0,0.0,0.0,0
9519,28.57,3,492448.13,4.32,54,60,2.0,2.0,0
9520,27.28,2,147621.45,0.0,4,0,1.0,0.0,0
9521,26.27,2,346417.47,0.0,13,44,0.0,0.0,0
9522,52.99,2,245846.44,7.72,47,77,1.0,0.0,0
9523,26.5,1,92029.14,0.0,10,0,2.0,0.0,0
9524,62.23,1,101986.6,0.0,0,0,0.0,0.0,0
9525,2.01,3,388522.78,12.100000000000001,10,0,0.0,0.0,0
9526,46.06,3,372284.19999999995,11.219999999999999,88,41,0.0,0.0,0
9527,30.77,3,426966.72000000003,9.309999999999999,2,49,0.0,0.0,0
9528,38.82,2,229091.49000000002,5.3,0,24,2.0,1.5,0
9529,25.9,1,183922.06,8.38,0,0,1.0,0.0,0
9530,11.93,3,447024.98,3.77,64,8,2.0,0.0,0
9531,17.39,2,320035.47,9.14,0,92,0.0,0.0,0
9532,38.99,1,120120.82,0.0,29,0,0.0,0.0,0
9533,12.46,3,428262.11,8.49,39,48,1.0,5.0,0
9534,12.52,2,255484.81,5.03,31,12,0.0,0.0,0
9535,21.01,1,83301.53,0.0,45,0,1.0,2.0,0
9536,30.67,1,54915.79,0.0,21,0,0.0,0.0,0
9537,57.43,1,61144.95,4.41,35,37,0.0,0.0,0
9538,26.46,2,280062.64,10.61,7,39,1.0,5.0,1
9539,51.31,3,289660.19,0.0,0,25,1.0,0.0,0
9540,9.96,1,110234.55,4.46,0,0,1.0,0.0,0
9541,58.61,1,75937.88,0.8,39,0,2.0,0.5,0
9542,52.33,1,184298.33,0.0,0,0,2.0,0.0,1
9543,0.33,2,348437.39,16.63,25,31,0.0,0.0,0
9544,57.66,3,227001.84,8.4,48,49,0.0,0.0,0
9545,14.27,1,76859.51,8.35,10,32,2.0,0.5,0
9546,30.57,1,82690.48,4.53,38,0,0.0,0.0,0
9547,2.01,2,220334.41999999998,9.86,37,0,0.0,0.0,0
9548,45.0,2,179208.38,8.93,0,46,1.0,0.0,0
9549,42.7,2,181129.66,6.4399999999999995,51,59,0.0,0.0,0
9550,11.24,1,121631.87,4.4,0,33,2.0,2.5,0
9551,27.32,2,227735.07,0.0,24,43,0.0,0.0,0
9552,1.71,2,222449.25,7.38,0,30,0.0,0.0,0
9553,36.55,1,73788.21,0.0,38,0,2.0,3.0,0
9554,55.88,3,477130.65,7.74,63,82,0.0,0.0,0
9555,60.29,2,185089.45,0.87,6,20,0.0,0.0,0
9556,26.79,1,169049.33,5.56,0,43,2.0,0.5,0
9557,59.47,3,463182.15,2.51,3,79,0.0,0.0,0
9558,9.96,3,258855.34,2.42,95,67,2.0,3.0,0
9559,15.06,1,112116.93,2.72,21,0,0.0,0.0,1
9560,24.95,3,316738.81,0.0,55,63,1.0,0.0,0
9561,64.43,2,318869.49,2.62,0,47,2.0,2.0,0
9562,36.85,3,439060.06,0.23,0,0,0.0,0.0,0
9563,59.01,3,435924.23,18.04,0,59,1.0,3.0,0
9564,47.83,2,340404.73,0.0,42,2,0.0,0.0,0
9565,7.96,2,348295.49,0.0,12,24,1.0,0.0,1
9566,17.78,1,150936.04,0.0,50,0,0.0,0.0,0
9567,18.08,3,422020.69,9.24,76,50,2.0,0.0,0
9568,30.34,2,270191.15,9.62,0,79,2.0,0.0,0
9569,57.33,3,465675.23,4.62,45,70,2.0,2.0,0
9570,40.6,2,218607.59,1.25,19,8,0.0,0.0,0
9571,16.96,1,80782.76,0.0,0,32,1.0,0.0,0
9572,32.22,1,194320.55,4.87,38,45,1.0,0.0,0
9573,53.39,3,476467.98,7.21,82,7,0.0,0.0,0
9574,46.06,2,257818.57,7.510000000000001,45,58,0.0,0.0,0
9575,31.13,2,323484.18999999994,8.6,0,0,0.0,0.0,0
9576,19.86,2,301588.98,0.0,45,9,0.0,0.0,0
9577,13.25,2,202647.65000000002,8.28,0,46,0.0,0.0,0
9578,30.47,3,423913.91000000003,6.56,48,0,2.0,2.5,0
9579,31.53,2,249419.52,7.74,45,0,1.0,0.0,0
9580,21.6,3,448705.6,0.0,2,0,1.0,1.0,0
9581,35.8,1,185276.14,0.0,30,11,2.0,0.0,0
9582,4.21,1,149648.22,6.02,0,0,0.0,0.0,0
9583,61.6,2,183542.21,4.17,11,30,0.0,0.0,0
9584,48.59,2,142112.71,0.0,41,57,2.0,0.0,0
9585,26.96,3,239799.11,3.34,0,66,1.0,2.0,0
9586,55.56,3,379688.83,12.25,0,71,0.0,0.0,0
9587,16.54,2,126484.30000000002,6.12,38,21,1.0,1.0,0
9588,43.23,2,210906.38,3.57,50,0,0.0,0.0,0
9589,43.39,1,93316.07,0.0,48,25,0.0,0.0,0
9590,50.82,1,161684.05,0.0,15,0,0.0,0.0,1
9591,48.85,1,116523.81,0.0,0,39,0.0,0.0,1
9592,47.01,2,330024.98,5.15,42,24,1.0,2.0,1
9593,55.72,1,165144.04,0.0,15,0,1.0,4.0,0
9594,30.6,1,170807.11,0.0,0,10,0.0,0.0,1
9595,32.22,1,147084.39,8.52,0,0,2.0,2.5,0
9596,40.8,3,241219.05000000002,11.01,35,31,1.0,0.0,0
9597,16.73,2,250494.16,1.79,28,13,0.0,0.0,0
9598,21.1,1,61575.08,4.74,49,8,1.0,0.0,0
9599,2.2,1,188779.99,4.67,0,0,2.0,0.5,0
9600,30.87,1,115720.19,9.48,0,0,0.0,0.0,0
9601,9.86,1,148261.03,0.0,0,39,0.0,0.0,0
9602,22.52,3,414778.01999999996,0.0,0,0,1.0,2.0,0
9603,12.69,3,300263.55,0.0,0,38,0.0,0.0,0
9604,57.03,1,62263.72,9.09,34,9,2.0,2.0,0
9605,61.11,2,339672.55000000005,7.23,48,42,1.0,0.0,1
9606,9.99,1,88157.2,0.0,0,40,2.0,3.5,0
9607,62.62,2,312174.0,6.68,0,65,0.0,0.0,0
9608,48.42,2,145248.92,8.76,7,2,1.0,5.0,0
9609,43.36,3,215386.09999999998,11.19,0,34,0.0,0.0,0
9610,6.21,2,244666.97,0.0,36,2,2.0,0.0,0
9611,22.45,3,506642.23,3.16,53,22,0.0,0.0,0
9612,12.52,2,233443.64,2.9,0,49,0.0,0.0,0
9613,17.82,3,348950.66000000003,2.02,42,43,0.0,0.0,0
9614,51.61,2,207015.45,6.43,13,0,1.0,0.0,0
9615,30.31,2,385680.06,2.78,0,36,2.0,0.0,0
9616,1.84,3,326809.12,10.340000000000002,8,46,1.0,0.0,0
9617,13.54,2,295211.25,0.0,10,2,0.0,0.0,0
9618,12.56,1,98433.98,0.0,16,9,1.0,5.0,0
9619,8.28,1,125254.44,1.01,37,42,2.0,1.0,0
9620,18.15,1,174763.7,0.0,27,0,0.0,0.0,0
9621,59.07,1,83162.35,9.17,0,47,2.0,2.0,1
9622,50.89,3,397549.81,9.99,109,9,1.0,5.0,0
9623,10.26,1,90178.51,0.0,27,0,0.0,0.0,0
9624,47.86,2,117088.98000000001,0.0,0,44,0.0,0.0,0
9625,14.53,2,292175.3,0.0,26,42,1.0,0.0,0
9626,59.47,2,299123.78,2.91,0,67,1.0,0.0,1
9627,54.6,2,266296.83999999997,0.0,42,0,0.0,0.0,0
9628,50.49,3,263582.19,3.51,33,103,2.0,3.5,0
9629,31.95,2,244055.79,7.12,13,46,0.0,0.0,0
9630,22.72,3,228161.17,5.28,0,81,1.0,0.0,0
9631,25.35,2,295307.36,5.57,31,32,0.0,0.0,0
9632,38.59,3,485730.27,0.0,15,0,0.0,0.0,1
9633,18.21,3,354829.4,5.11,85,54,0.0,0.0,0
9634,54.27,3,411479.45,14.350000000000001,72,4,2.0,3.5,0
9635,28.14,3,366327.95999999996,8.64,32,20,0.0,0.0,0
9636,51.87,3,415288.72,4.03,36,50,2.0,2.0,0
9637,31.36,2,265547.9,0.0,11,26,1.0,0.0,0
9638,62.52,1,151171.44,0.0,12,36,0.0,0.0,0
9639,29.19,1,181909.42,0.0,0,23,0.0,0.0,0
9640,8.91,2,138951.66,3.63,50,96,1.0,0.0,0
9641,40.34,2,169984.07,0.0,32,0,0.0,0.0,0
9642,14.2,1,189884.38,0.0,0,8,2.0,3.5,0
9643,36.46,2,220069.02000000002,0.0,34,61,2.0,0.0,0
9644,44.58,1,111404.6,0.0,20,42,0.0,0.0,0
9645,55.95,3,423368.87,0.0,21,35,0.0,0.0,0
9646,9.96,3,396733.64,2.39,58,88,0.0,0.0,0
9647,45.04,3,406349.39,0.0,0,48,2.0,0.0,0
9648,17.03,3,387587.18,3.24,55,59,2.0,0.0,0
9649,36.95,2,206995.63999999998,3.45,0,42,0.0,0.0,0
9650,37.41,2,299710.65,3.74,1,69,1.0,2.0,1
9651,60.55,1,143881.39,0.0,21,41,0.0,0.0,1
9652,49.05,3,496176.85,5.65,6,0,0.0,0.0,0
9653,62.52,3,305424.52,14.88,81,12,1.0,0.0,0
9654,42.87,3,286862.36,7.32,92,0,0.0,0.0,0
9655,42.83,1,67058.12,0.0,23,0,2.0,0.0,0
9656,56.38,3,441180.88,2.03,27,27,0.0,0.0,0
9657,9.66,1,60648.6,7.98,0,0,0.0,0.0,0
9658,32.48,2,290262.87,4.75,67,8,0.0,0.0,0
9659,48.98,2,201803.74,0.55,20,45,1.0,3.0,0
9660,44.31,3,208001.95,16.0,50,70,0.0,0.0,0
9661,29.65,1,60611.28,0.49,0,16,1.0,1.0,0
9662,14.53,3,315837.47,5.79,0,23,1.0,5.0,0
9663,63.77,1,113442.08,1.35,1,0,0.0,0.0,0
9664,12.0,2,258723.56,4.35,0,0,0.0,0.0,0
9665,30.18,2,320049.55000000005,7.72,25,0,0.0,0.0,0
9666,54.47,3,250856.59,10.809999999999999,34,67,2.0,1.0,0
9667,31.0,3,316736.41000000003,0.98,91,0,0.0,0.0,0
9668,25.48,2,259286.47,6.06,48,0,2.0,1.5,0
9669,44.08,1,144020.06,7.62,0,0,0.0,0.0,0
9670,29.95,3,380064.85,7.17,39,13,0.0,0.0,0
9671,60.42,1,164330.76,2.13,11,0,0.0,0.0,0
9672,61.37,2,171383.86,8.8,35,0,1.0,0.0,0
9673,16.11,3,497064.82,0.0,0,50,0.0,0.0,0
9674,8.42,2,330224.49,10.95,7,18,0.0,0.0,0
9675,18.24,1,199358.22,0.0,4,33,0.0,0.0,1
9676,64.07,2,190458.93,8.28,66,50,0.0,0.0,0
9677,15.42,2,219444.91999999998,5.22,0,31,0.0,0.0,1
9678,25.48,2,263069.06,0.63,41,0,1.0,2.0,0
9679,63.74,1,112915.73,0.0,0,17,2.0,2.5,0
9680,3.45,1,196841.66,3.16,0,0,1.0,0.0,0
9681,61.14,1,112427.36,0.0,0,0,1.0,4.0,0
9682,58.55,3,432755.3,0.03,28,0,0.0,0.0,0
9683,58.35,3,379584.87,9.969999999999999,74,69,0.0,0.0,1
9684,49.11,2,229453.69,0.0,3,48,1.0,0.0,1
9685,38.17,2,168025.47,6.8100000000000005,0,0,0.0,0.0,0
9686,30.14,3,482280.58999999997,9.61,12,28,1.0,4.0,1
9687,15.98,2,305993.44,0.0,49,0,0.0,0.0,0
9688,48.65,3,406649.45,3.24,78,85,2.0,0.5,0
9689,11.67,2,304720.9,8.27,24,49,2.0,0.0,0
9690,41.81,3,485545.84,14.719999999999999,76,0,0.0,0.0,0
9691,34.52,1,83340.08,0.23,0,0,0.0,0.0,0
9692,8.91,1,197352.43,9.68,0,0,0.0,0.0,0
9693,20.74,1,174783.82,6.61,0,0,0.0,0.0,0
9694,13.12,3,328179.13,0.0,58,41,1.0,1.0,0
9695,0.79,3,314401.46,0.63,22,48,0.0,0.0,0
9696,13.21,3,279630.17,13.71,65,83,2.0,0.0,1
9697,31.0,1,142468.05,0.0,30,19,1.0,0.0,0
9698,7.23,3,338904.73,0.95,48,38,0.0,0.0,0
9699,55.59,3,208754.41999999998,3.1300000000000003,15,40,1.0,1.0,0
9700,19.66,1,80102.21,0.0,0,44,0.0,0.0,0
9701,51.38,3,361158.82,0.0,56,68,0.0,0.0,0
9702,27.71,1,128826.6,4.23,0,46,0.0,0.0,0
9703,62.89,2,304327.69,0.0,44,15,0.0,0.0,1
9704,2.73,2,220194.25,1.75,0,25,1.0,0.0,0
9705,39.12,3,382031.55000000005,5.71,51,0,0.0,0.0,0
9706,32.05,3,381256.42000000004,6.12,15,10,0.0,0.0,0
9707,0.13,2,268293.89,11.42,59,16,2.0,0.5,1
9708,20.22,1,176901.75,0.0,0,35,1.0,0.0,0
9709,45.56,2,210289.52,5.81,43,37,2.0,0.0,0
9710,38.03,2,222601.71,4.390000000000001,34,0,2.0,0.0,0
9711,42.57,1,69223.19,8.71,11,46,0.0,0.0,0
9712,3.71,1,169223.94,5.5,0,29,1.0,1.0,0
9713,51.05,2,203718.74,1.45,27,23,0.0,0.0,0
9714,36.32,1,67444.52,0.0,44,0,0.0,0.0,0
9715,33.76,1,148704.53,2.62,0,42,0.0,0.0,0
9716,62.52,2,283199.05,0.0,25,41,0.0,0.0,0
9717,59.47,3,427924.8,11.82,30,19,1.0,2.0,0
9718,45.66,2,185802.02000000002,11.26,49,24,0.0,0.0,0
9719,52.4,2,279236.18,0.0,2,34,1.0,4.0,0
9720,64.5,2,231678.36,5.28,0,24,0.0,0.0,1
9721,31.49,2,262251.88,1.44,0,0,1.0,0.0,0
9722,34.98,1,190781.55,9.22,2,18,0.0,0.0,0
9723,26.92,1,82556.44,9.23,26,18,0.0,0.0,0
9724,5.95,2,316927.65,9.67,0,37,0.0,0.0,0
9725,19.33,3,278815.47000000003,7.74,30,48,1.0,0.0,0
9726,20.05,2,223107.97999999998,7.23,0,16,1.0,5.0,0
9727,39.71,2,127232.23999999999,0.0,1,95,0.0,0.0,0
9728,2.73,1,178363.97,2.74,0,39,2.0,1.0,1
9729,41.65,1,91341.54,0.0,27,22,0.0,0.0,0
9730,36.55,3,419272.89,13.21,43,33,1.0,2.0,0
9731,15.71,1,143887.98,0.0,47,50,2.0,3.0,0
9732,20.48,2,346516.76,4.77,43,5,2.0,2.0,0
9733,57.07,1,52103.74,0.0,0,0,1.0,4.0,0
9734,1.45,1,135722.06,0.0,40,35,0.0,0.0,1
9735,26.69,2,358581.38,3.71,17,5,0.0,0.0,0
9736,29.65,3,350914.6,0.0,54,42,0.0,0.0,1
9737,49.11,2,244728.84999999998,0.0,49,0,0.0,0.0,0
9738,41.42,2,335813.83999999997,9.34,0,71,0.0,0.0,0
9739,43.72,1,146619.8,0.0,11,11,2.0,0.0,0
9740,57.53,2,384598.89,1.58,20,26,2.0,2.5,0
9741,21.17,1,115667.42,9.12,0,21,0.0,0.0,0
9742,57.26,2,260656.51,0.0,18,0,1.0,0.0,0
9743,7.4,1,159882.06,0.0,48,25,0.0,0.0,0
9744,27.81,3,266774.24,6.71,42,32,1.0,0.0,0
9745,59.2,2,148421.93,0.0,0,0,0.0,0.0,0
9746,37.21,2,308878.4,11.35,64,63,2.0,1.5,0
9747,9.4,2,236452.40999999997,0.79,0,4,0.0,0.0,0
9748,0.16,3,410697.66000000003,5.57,14,6,2.0,2.0,0
9749,7.17,3,445740.96,0.0,74,39,2.0,2.0,0
9750,0.99,3,392375.95,12.91,0,40,2.0,3.5,0
9751,22.88,1,167993.6,0.0,0,0,2.0,3.5,0
9752,16.4,2,328031.72,0.0,33,33,0.0,0.0,0
9753,62.95,3,477022.28,1.51,40,77,0.0,0.0,0
9754,16.44,3,366106.57999999996,13.28,57,81,2.0,0.0,0
9755,38.26,1,195950.34,0.0,9,15,2.0,2.5,0
9756,31.59,2,352698.72,5.35,32,26,2.0,0.5,0
9757,52.27,2,263477.56,0.0,44,0,1.0,0.0,0
9758,47.3,2,168678.77000000002,4.65,52,0,0.0,0.0,1
9759,51.15,1,67447.14,0.0,17,0,2.0,0.0,1
9760,57.4,1,199214.24,7.26,0,0,0.0,0.0,0
9761,22.12,2,365935.78,9.01,52,0,0.0,0.0,0
9762,14.07,1,178994.04,0.0,0,16,0.0,0.0,0
9763,0.85,2,265227.37,0.0,18,48,2.0,0.0,0
9764,58.25,2,271269.33,0.0,52,12,0.0,0.0,0
9765,60.68,1,59382.18,0.0,0,0,0.0,0.0,0
9766,7.99,1,118962.13,0.0,39,13,0.0,0.0,0
9767,13.05,1,98981.89,0.0,6,0,0.0,0.0,0
9768,59.96,2,192784.02000000002,1.41,0,0,0.0,0.0,0
9769,27.28,1,59010.66,0.0,0,43,0.0,0.0,0
9770,8.15,1,90202.16,0.0,10,0,0.0,0.0,0
9771,16.54,3,418341.62,5.79,18,7,1.0,0.0,1
9772,62.69,2,273623.53,9.620000000000001,1,36,1.0,0.0,0
9773,51.68,2,188217.43,4.99,44,0,1.0,4.0,0
9774,56.97,3,519572.25,4.51,61,6,2.0,2.5,0
9775,61.54,3,461830.33999999997,2.56,11,76,0.0,0.0,1
9776,16.57,1,95928.13,0.0,49,0,1.0,3.0,1
9777,14.46,2,232282.71,0.47,19,36,0.0,0.0,0
9778,28.6,3,242210.41,11.059999999999999,9,23,0.0,0.0,0
9779,15.45,1,129281.23,0.0,0,28,2.0,1.0,0
9780,21.89,1,116819.23,2.86,20,0,2.0,1.5,0
9781,17.23,3,505795.08999999997,7.0,0,0,1.0,2.0,0
9782,54.5,3,321099.92000000004,7.62,33,0,1.0,0.0,0
9783,33.69,2,297269.68,1.95,0,45,0.0,0.0,0
9784,47.9,1,132755.82,0.76,0,43,0.0,0.0,0
9785,26.56,3,331075.05000000005,0.0,101,24,2.0,2.5,0
9786,31.2,1,190540.49,0.0,24,0,0.0,0.0,0
9787,4.54,1,88451.75,0.0,0,0,0.0,0.0,1
9788,61.77,2,272955.41000000003,0.0,0,36,1.0,0.0,1
9789,6.08,2,247801.74,0.0,28,0,1.0,0.0,0
9790,21.17,1,146154.81,0.77,0,0,0.0,0.0,0
9791,18.24,1,58555.99,0.0,45,0,0.0,0.0,0
9792,39.74,1,57620.95,0.0,0,0,0.0,0.0,0
9793,58.28,1,139192.48,0.0,31,0,1.0,1.0,1
9794,40.57,3,435374.57,18.95,24,55,0.0,0.0,0
9795,0.1,2,225141.94,5.9,13,30,1.0,4.0,0
9796,32.91,1,59463.18,0.79,30,0,2.0,2.0,0
9797,49.01,1,114861.58,0.0,0,0,2.0,2.5,0
9798,58.42,1,121156.65,0.0,0,0,2.0,0.0,0
9799,19.76,3,434550.23000000004,13.059999999999999,74,26,0.0,0.0,0
9800,48.06,1,148776.03,0.0,0,8,2.0,0.0,0
9801,55.82,1,194140.56,9.23,0,10,1.0,3.0,0
9802,24.56,3,397955.18,7.64,0,83,0.0,0.0,0
9803,59.96,2,258417.07,1.5,38,29,2.0,4.0,0
9804,28.37,2,259558.58,0.0,0,0,2.0,3.5,0
9805,55.13,3,338073.33999999997,14.809999999999999,0,93,0.0,0.0,0
9806,36.16,3,296477.43,17.1,15,0,1.0,1.0,1
9807,13.61,2,192692.37,0.0,4,80,0.0,0.0,0
9808,12.16,1,136642.55,0.0,0,0,0.0,0.0,0
9809,33.99,1,152665.47,9.32,0,0,1.0,0.0,0
9810,21.76,2,297930.02,4.97,3,16,0.0,0.0,0
9811,23.6,3,345775.55000000005,7.52,71,62,0.0,0.0,0
9812,58.22,1,87967.23,0.0,4,21,0.0,0.0,0
9813,41.03,1,194582.18,0.0,0,1,0.0,0.0,0
9814,8.74,3,349491.0,8.32,18,0,2.0,3.5,0
9815,2.76,1,113088.29,0.48,0,33,2.0,0.0,0
9816,55.79,1,177451.86,0.0,0,0,0.0,0.0,0
9817,33.93,3,269561.14,4.54,4,0,2.0,1.5,0
9818,24.26,2,268004.7,0.0,36,0,2.0,2.5,0
9819,15.38,1,90219.76,0.0,38,40,2.0,1.0,0
9820,40.01,3,375525.16000000003,2.55,47,28,0.0,0.0,0
9821,63.35,2,151251.88,4.01,0,21,0.0,0.0,0
9822,16.17,3,328509.83999999997,12.7,0,31,2.0,2.0,0
9823,41.78,2,298267.67000000004,0.0,19,32,1.0,0.0,0
9824,36.69,2,270140.86,1.98,45,48,1.0,0.0,0
9825,33.89,1,174671.55,0.0,0,0,1.0,2.0,0
9826,42.8,2,302290.54,6.81,29,85,2.0,2.0,0
9827,61.74,2,275648.67,0.0,17,11,2.0,0.0,0
9828,36.16,2,306525.39,14.780000000000001,0,0,0.0,0.0,0
9829,0.92,2,259620.03,4.61,21,4,1.0,1.0,1
9830,31.03,1,51097.42,4.23,0,0,0.0,0.0,1
9831,1.64,3,347294.37,3.29,93,56,0.0,0.0,0
9832,25.9,3,335144.4,7.19,50,72,2.0,1.0,0
9833,16.96,3,347272.93,0.0,0,14,0.0,0.0,0
9834,61.28,3,357724.62,2.88,21,64,0.0,0.0,0
9835,41.91,1,112739.7,0.0,36,15,0.0,0.0,0
9836,3.88,3,338398.08999999997,1.16,23,0,2.0,4.5,0
9837,32.02,3,403461.85,13.149999999999999,25,3,0.0,0.0,0
9838,21.53,2,265390.35,12.72,44,33,0.0,0.0,0
9839,26.66,3,415883.78,9.06,66,0,0.0,0.0,0
9840,0.76,2,282434.37,0.0,24,25,0.0,0.0,0
9841,37.15,1,99976.38,0.0,27,0,0.0,0.0,0
9842,21.24,2,251572.56,0.0,31,17,0.0,0.0,0
9843,57.23,1,51867.36,1.65,0,24,0.0,0.0,0
9844,60.98,1,137205.44,9.64,0,0,2.0,1.5,0
9845,33.89,2,154235.42,0.0,48,48,0.0,0.0,0
9846,31.2,1,170702.99,0.0,2,0,0.0,0.0,0
9847,50.26,3,399167.97,0.0,59,40,1.0,4.0,0
9848,12.26,1,173163.09,0.0,0,0,0.0,0.0,0
9849,23.44,3,468732.91000000003,8.89,87,0,0.0,0.0,0
9850,12.92,2,378192.1,0.0,0,32,2.0,2.5,0
9851,47.76,3,352702.02,14.77,37,1,1.0,0.0,0
9852,29.32,2,274674.49,0.0,21,0,0.0,0.0,0
9853,26.36,3,280390.0,3.1900000000000004,50,50,0.0,0.0,0
9854,57.17,3,406740.73,3.41,35,38,1.0,0.0,0
9855,16.34,3,387672.24,3.49,0,0,0.0,0.0,0
9856,64.5,3,523420.0,9.23,60,62,0.0,0.0,1
9857,9.93,3,398987.89,7.06,0,19,0.0,0.0,0
9858,17.23,2,192857.55,7.23,21,45,1.0,0.0,1
9859,51.91,1,192793.98,2.7,21,0,0.0,0.0,0
9860,64.37,1,194571.51,4.4,34,20,2.0,2.0,0
9861,46.65,1,114281.22,3.11,0,18,2.0,2.0,0
9862,59.27,1,81521.39,1.59,47,0,0.0,0.0,1
9863,16.67,1,178039.88,0.0,26,0,0.0,0.0,0
9864,54.01,2,200574.55,0.0,42,23,0.0,0.0,0
9865,4.11,1,126899.78,4.22,0,23,0.0,0.0,0
9866,48.16,1,56393.95,9.61,13,0,0.0,0.0,1
9867,32.64,3,440593.14,5.46,65,19,1.0,5.0,0
9868,25.71,2,211799.96000000002,12.17,15,6,1.0,0.0,0
9869,12.03,2,174709.31,0.0,0,49,2.0,0.0,0
9870,12.85,2,277792.37,2.41,30,41,0.0,0.0,0
9871,24.26,1,160355.46,0.0,0,0,0.0,0.0,0
9872,34.65,3,474962.45,13.72,16,38,0.0,0.0,0
9873,44.25,1,104366.56,3.37,35,35,0.0,0.0,0
9874,4.01,1,198000.27,1.24,0,0,0.0,0.0,0
9875,52.01,2,292591.68,5.46,12,11,0.0,0.0,0
9876,60.72,3,451733.26,8.74,22,40,2.0,2.0,0
9877,9.63,3,385161.29,17.63,85,59,0.0,0.0,0
9878,32.84,1,130896.64,0.0,0,21,1.0,5.0,0
9879,10.59,3,325884.96,3.86,0,86,2.0,1.5,0
9880,38.03,2,184018.52000000002,6.14,0,5,2.0,2.0,0
9881,0.39,1,161467.55,5.15,0,45,1.0,4.0,0
9882,53.35,2,232714.72999999998,0.0,47,3,0.0,0.0,0
9883,55.36,1,75940.18,9.21,0,42,1.0,1.0,0
9884,46.94,3,261566.07,9.43,0,44,2.0,2.0,0
9885,37.05,3,365962.24,14.77,0,52,1.0,0.0,0
9886,36.98,1,114369.92,2.77,0,0,0.0,0.0,0
9887,55.46,2,296274.77999999997,0.0,42,6,1.0,5.0,1
9888,7.76,1,80106.97,0.0,17,46,1.0,5.0,0
9889,18.31,3,461294.98,0.96,19,37,1.0,0.0,0
9890,51.94,3,463209.1,7.47,64,59,0.0,0.0,0
9891,49.87,1,178364.97,0.0,0,44,0.0,0.0,0
9892,17.26,2,264511.81,2.29,61,49,0.0,0.0,0
9893,40.4,3,277744.29,9.89,10,69,2.0,0.5,0
9894,48.98,3,444220.81,11.71,72,69,0.0,0.0,0
9895,23.9,2,249357.54,3.6,42,3,1.0,0.0,0
9896,21.43,1,181034.17,0.0,46,0,1.0,0.0,0
9897,58.25,1,128838.46,0.0,17,0,0.0,0.0,0
9898,58.68,1,167480.42,9.67,24,13,2.0,1.0,0
9899,32.61,2,194603.78,14.25,0,0,0.0,0.0,0
9900,11.9,3,424285.52,0.0,74,85,0.0,0.0,0
9901,39.12,1,72848.84,8.09,49,0,0.0,0.0,0
9902,11.8,2,266463.32999999996,0.0,48,13,0.0,0.0,0
9903,3.29,2,358057.12,0.0,35,50,0.0,0.0,0
9904,57.59,3,304956.19,1.0,47,46,0.0,0.0,1
9905,26.23,2,346082.51,0.1,35,27,0.0,0.0,0
9906,27.25,2,232498.5,9.08,19,32,2.0,1.5,0
9907,50.82,1,140008.31,5.09,49,31,1.0,5.0,0
9908,37.41,1,164166.17,0.0,0,40,1.0,0.0,0
9909,40.63,3,448411.83999999997,16.65,130,36,0.0,0.0,0
9910,1.94,3,469670.41,0.18,0,0,0.0,0.0,0
9911,57.63,3,321113.04000000004,2.38,30,18,2.0,3.5,0
9912,9.76,1,180072.64,9.87,0,46,1.0,1.0,0
9913,25.84,2,156961.97,0.93,37,35,2.0,0.5,0
9914,8.05,3,348101.42,9.4,65,132,2.0,0.0,0
9915,54.14,3,349899.14999999997,15.19,49,47,1.0,3.0,0
9916,53.06,1,81961.56,2.61,24,0,2.0,1.5,0
9917,41.98,2,202270.4,6.84,9,34,0.0,0.0,0
9918,47.17,3,425414.05,7.56,77,96,2.0,3.0,0
9919,14.56,3,261885.53,8.53,39,41,0.0,0.0,0
9920,9.6,2,255542.13,7.5,68,16,0.0,0.0,0
9921,43.85,3,369255.52999999997,2.75,21,30,0.0,0.0,0
9922,40.57,2,339690.06999999995,10.56,42,25,2.0,1.5,0
9923,58.28,1,109949.11,6.44,39,29,0.0,0.0,0
9924,47.24,1,158837.12,7.9,0,8,0.0,0.0,0
9925,58.51,3,398841.79,15.24,39,35,2.0,2.0,0
9926,15.84,2,168590.53999999998,4.16,9,0,2.0,4.5,0
9927,5.98,3,492205.85,6.82,0,73,2.0,4.0,0
9928,54.21,2,188250.75,7.6,0,41,0.0,0.0,1
9929,13.54,1,175058.76,0.0,0,12,0.0,0.0,0
9930,15.88,1,186436.7,7.99,0,21,2.0,3.0,0
9931,6.9,1,137276.26,0.0,0,0,0.0,0.0,0
9932,46.15,1,110013.78,0.0,47,15,1.0,0.0,0
9933,51.35,1,190847.45,7.46,0,0,0.0,0.0,0
9934,62.23,1,189563.1,5.62,33,0,0.0,0.0,0
9935,47.67,2,279573.03,6.48,22,0,1.0,4.0,0
9936,48.72,2,181312.16,0.95,34,0,0.0,0.0,1
9937,54.83,3,366887.07999999996,0.0,0,50,0.0,0.0,0
9938,46.22,2,183072.52000000002,11.3,23,51,0.0,0.0,0
9939,7.03,3,356744.66,16.77,45,44,2.0,2.5,1
9940,39.84,2,215301.34000000003,0.8,0,8,0.0,0.0,0
9941,11.93,2,287129.69,0.0,41,16,0.0,0.0,0
9942,40.04,1,151772.98,0.0,47,15,1.0,0.0,0
9943,2.04,3,297408.5,10.58,25,71,0.0,0.0,0
9944,3.19,2,199961.77000000002,12.43,23,47,2.0,0.0,0
9945,10.29,3,359653.2,7.36,23,75,2.0,2.0,0
9946,64.37,2,132511.18,6.1,26,0,0.0,0.0,0
9947,28.47,1,82054.62,9.56,19,0,0.0,0.0,0
9948,39.91,2,272935.02,2.6,26,34,1.0,5.0,0
9949,50.36,2,202715.03,9.87,51,66,2.0,0.0,0
9950,63.68,1,120394.92,0.0,2,32,2.0,0.0,0
9951,22.75,1,71904.89,0.0,0,0,0.0,0.0,0
9952,11.97,1,56090.65,0.0,0,0,0.0,0.0,0
9953,22.78,1,59853.02,0.0,3,0,2.0,5.0,0
9954,52.93,2,147366.9,4.24,33,0,0.0,0.0,0
9955,7.76,1,62510.42,0.0,0,6,2.0,2.0,0
9956,21.47,1,78654.33,3.66,0,9,1.0,0.0,0
9957,63.12,2,291645.9,6.96,25,0,0.0,0.0,0
9958,52.93,2,243106.9,1.7,25,36,0.0,0.0,0
9959,47.27,3,405469.2,5.31,71,0,0.0,0.0,0
9960,18.31,2,248552.68,0.0,14,21,2.0,2.0,0
9961,2.79,1,57111.5,0.0,46,0,1.0,1.0,0
9962,28.83,3,410970.32,10.96,44,4,2.0,2.5,1
9963,13.68,2,113081.94,0.98,0,9,0.0,0.0,0
9964,59.86,2,349190.06,5.4,14,40,2.0,3.0,0
9965,21.27,3,301466.7,6.079999999999999,44,34,0.0,0.0,0
9966,32.91,1,184207.95,8.36,42,33,0.0,0.0,0
9967,17.98,2,195510.22,6.9,30,25,2.0,1.5,0
9968,6.11,2,225486.65,9.75,20,72,1.0,0.0,0
9969,24.52,3,325818.63,8.98,3,0,0.0,0.0,0
9970,23.93,1,113367.45,1.96,28,9,0.0,0.0,0
9971,51.51,1,136978.11,0.0,0,1,0.0,0.0,0
9972,17.82,2,282941.33999999997,10.45,0,38,1.0,3.0,0
9973,18.87,1,176958.3,9.25,0,27,0.0,0.0,0
9974,36.03,1,163995.51,2.8,0,36,0.0,0.0,1
9975,34.25,1,150688.88,0.92,16,25,1.0,2.0,0
9976,49.87,3,348364.63,5.04,25,49,0.0,0.0,0
9977,15.88,3,377880.19,12.620000000000001,35,0,2.0,3.0,0
9978,64.23,3,364741.97000000003,0.07,54,14,2.0,3.5,0
9979,45.89,1,106120.3,0.35,20,19,2.0,1.5,0
9980,6.34,2,357155.11,1.25,0,49,2.0,1.0,0
9981,36.79,2,293453.24,1.46,17,7,1.0,4.0,0
9982,53.06,2,247654.36,9.46,62,0,2.0,1.5,1
9983,63.81,1,151783.27,0.0,0,0,1.0,5.0,1
9984,36.26,3,388752.51999999996,15.059999999999999,35,13,0.0,0.0,0
9985,4.93,2,302817.06,15.91,0,0,0.0,0.0,1
9986,22.58,2,274987.82999999996,11.64,33,37,1.0,0.0,0
9987,5.62,3,385543.07999999996,13.25,10,39,0.0,0.0,0
9988,41.98,3,370400.58999999997,13.610000000000001,20,47,0.0,0.0,0
9989,57.2,2,325204.78,8.45,10,31,1.0,4.0,0
9990,0.99,3,436080.55,0.12,28,81,1.0,5.0,0
9991,40.04,3,257436.89,15.09,42,14,1.0,5.0,0
9992,27.35,2,268936.2,4.52,41,0,0.0,0.0,0
9993,46.58,2,269649.82999999996,0.0,0,0,0.0,0.0,0
9994,5.0,3,280190.9,0.0,68,66,2.0,1.0,0
9995,45.89,2,198942.28,0.42,0,50,2.0,0.5,0
9996,31.49,3,457048.76,2.5,29,54,2.0,2.5,0
9997,31.66,3,412603.80000000005,4.97,53,24,2.0,0.5,0
9998,28.6,3,508502.41,12.110000000000001,51,26,1.0,4.0,0
9999,45.73,1,85500.42,7.99,0,44,0.0,0.0,0
10000,61.57,3,247480.71000000002,9.13,48,22,2.0,0.0,1
10001,0.0,10,1700530.45,11.15,254,121,0.0,0.0,0
10002,0.0,4,922805.54,4.199999999999999,0,0,1.0,0.0,1
